Sequence Name,Class,Subtype,Start,End,Length,Unit,Copies,Sequence,ScoreMethod,Score,GC_Fraction,Conservation_Score,Conservation_P_Value,Conservation_Significance,Arms/Repeat Unit/Copies,Spacer,ML_Probability,ML_Confidence,ML_Stability,ML_Pattern_Score,Enhanced_Score,RIZ_Length,REZ_Length,REZ_GC_Content,Kadane_Score,Structural_Factor,GC_Content,GC_CG_Dinucleotides,Family,CGG_Repeats,G_Fraction,Repeat_Count,Repeat_Unit,Clinical_Significance,Disease_Name,Gene_Symbol,Inheritance_Pattern,Normal_Range,Pathogenic_Threshold,Risk_Score,Instability_Score,Population_Percentile,Clinical_Features,PMID_References,Therapeutic_Target,Genetic_Counseling,Structural_Impact,MotifClasses,ClassBreakdown,SubclassBreakdown,SubclassDetail,ContributingMotifs,OverlapDegree,InteractionStrength,Annotation,G4Hunter_Score,Formation_Category,Priority
ABL2,Slipped DNA,Slipped DNA [STR],24,45,22,GGC,7.0,GGCGGCGGCGGCGGCGGCGGCG,STR_PerfectBlock_v1,13.0,1.0,2.747691542590042,0.009900990099009901,high,Unit=GGC;Copies=7,,0.9545454545454546,0.7,0.5,0.5,37.736363636363635,,,,,,,,,,,,,,,,,,,,,,,,,,,,,,,,,,,,,
ABL2,R-loop,R-loop,165,2113,1949,,,"GGGCCAGGGCCTGGGCTGGGAGGGAGAGACCGGAGCAGCGCCAGGAGCCCGAGGCCGGAG
CCGAGGAGGAATGTGACCAGGGGTCGGCGGGGGCGCGGGAGTACGCGAGAGCAGGGATGG
GGCAGCAGGTGGGCCGCGTCGGGGAAGCTCCGGGGCTCCAGCAGCCTCAGCCCCGCGGGA
TCCGGGGCAGCAGTGCAGCCAGGCCCTCCGGCCGCAGGCGGGACCCGGCGGGGCGCACCA
CAGAGACCGGCTTCAATATCTTCACCCAGCATGAAGCTTTGCATCGTCCCTATGGTTGTG
ATGTTGAACCCCAGGCACTAAATGAGGCTATCAGGTGGAGCTCCAAGGAGAACTTGCTCG
GAGCCACTGAGAGTGACCCTAATCTCTTCGTTGCACTTTATGATTTTGTAGCAAGTGGTG
ATAACACACTCAGCATCACTAAAGGTGAAAAGCTACGAGTCCTTGGTTACAACCAGAATG
GTGAGTGGAGTGAAGTTCGCTCTAAGAATGGGCAGGGCTGGGTGCCAAGCAACTACATCA
CCCCAGTGAACAGCCTGGAAAAACACTCCTGGTACCATGGACCTGTGTCACGCAGTGCAG
CTGAGTATCTGCTCAGCAGTCTAATCAATGGCAGCTTCCTGGTGCGAGAAAGTGAGAGTA
GCCCTGGGCAGCTGTCCATCTCGCTCAGGTACGAGGGACGTGTGTATCACTACAGGATCA
ATACCACTGCAGATGGCAAGGTGTATGTGACTGCTGAGAGCCGCTTCAGCACCTTGGCAG
AGCTTGTACACCATCACTCCACAGTGGCTGATGGGCTGGTGACAACATTACACTACCCAG
CACCCAAGTGTAATAAGCCTACAGTCTATGGTGTGTCCCCCATCCACGACAAATGGGAAA
TGGAGCGAACAGATATTACCATGAAGCACAAACTTGGGGGCGGTCAGTATGGAGAGGTTT
ACGTTGGCGTCTGGAAGAAATACAGCCTTACAGTTGCTGTGAAAACATTGAAGGAAGATA
CCATGGAGGTAGAAGAATTCCTGAAAGAAGCTGCAGTAATGAAGGAAATCAAGCATCCTA
ATCTGGTACAACTTTTAGGTGTGTGTACTTTGGAGCCACCATTTTACATTGTGACTGAAT
ACATGCCATACGGGAATTTGCTGGATTACCTCCGAGAATGCAACCGAGAAGAGGTGACTG
CAGTTGTGCTGCTCTACATGGCCACTCAGATTTCTTCTGCAATGGAGTACTTAGAGAAGA
AGAATTTCATCCATAGAGATCTTGCAGCTCGTAACTGCCTAGTGGGAGAAAACCATGTGG
TAAAAGTGGCTGACTTTGGCTTAAGTAGATTGATGACTGGAGACACTTATACTGCTCATG
CTGGAGCCAAATTTCCTATTAAGTGGACAGCACCAGAGAGTCTTGCCTACAATACCTTCT
CAATTAAATCTGACGTCTGGGCTTTTGGGGTATTGTTGTGGGAAATTGCTACCTATGGAA
TGTCACCATATCCAGGTATTGACCTGTCTCAGGTCTATGACCTACTAGAAAAAGGATATC
GAATGGAACAGCCTGAGGGATGCCCCCCTAAGGTTTATGAACTTATGAGAGCATGCTGGA
AGTGGAGCCCTGCCGATAGGCCCTCTTTTGCTGAAACACACCAAGCTTTTGAAACCATGT
TCCATGACTCCAGCATTTCTGAAGTTCTCCTACATTGTGCCAATCAGACGTGCATAACAT
TGTGAACCAAAAGACACAGAGCAGGATGATGCTAGCAACGTATTCATAGTAACTCCAAAC
TGGAAACAACCTAAACATCCATCAAGAGGAGAACAGGTGGATTGTGGTATATTCACACGT
TGGCATGCTACACAGCAATGAGAACCCCTGCCACATGCAGCAGCGTGGACGAATCTACAC
ACATGATACTGGGCGAAAGAAGCCAGACA",RLFS_UnifiedFramework_raw,1447.6595406265612,,4.610957608624564,0.009900990099009901,high,RIZ=24;REZ=1925,,0.4504862321082543,0.6702917392649526,0.1352852094901565,0.5,1026.8762654018403,24.0,1925.0,50.49350649350649,,,,,,,,,,,,,,,,,,,,,,,,,,,,,,,,,,
ABL2,R-loop,R-loop,244,1863,1620,,,"GGGGTCGGCGGGGGCGCGGGAGTACGCGAGAGCAGGGATGGGGCAGCAGGTGGGCCGCGT
CGGGGAAGCTCCGGGGCTCCAGCAGCCTCAGCCCCGCGGGATCCGGGGCAGCAGTGCAGC
CAGGCCCTCCGGCCGCAGGCGGGACCCGGCGGGGCGCACCACAGAGACCGGCTTCAATAT
CTTCACCCAGCATGAAGCTTTGCATCGTCCCTATGGTTGTGATGTTGAACCCCAGGCACT
AAATGAGGCTATCAGGTGGAGCTCCAAGGAGAACTTGCTCGGAGCCACTGAGAGTGACCC
TAATCTCTTCGTTGCACTTTATGATTTTGTAGCAAGTGGTGATAACACACTCAGCATCAC
TAAAGGTGAAAAGCTACGAGTCCTTGGTTACAACCAGAATGGTGAGTGGAGTGAAGTTCG
CTCTAAGAATGGGCAGGGCTGGGTGCCAAGCAACTACATCACCCCAGTGAACAGCCTGGA
AAAACACTCCTGGTACCATGGACCTGTGTCACGCAGTGCAGCTGAGTATCTGCTCAGCAG
TCTAATCAATGGCAGCTTCCTGGTGCGAGAAAGTGAGAGTAGCCCTGGGCAGCTGTCCAT
CTCGCTCAGGTACGAGGGACGTGTGTATCACTACAGGATCAATACCACTGCAGATGGCAA
GGTGTATGTGACTGCTGAGAGCCGCTTCAGCACCTTGGCAGAGCTTGTACACCATCACTC
CACAGTGGCTGATGGGCTGGTGACAACATTACACTACCCAGCACCCAAGTGTAATAAGCC
TACAGTCTATGGTGTGTCCCCCATCCACGACAAATGGGAAATGGAGCGAACAGATATTAC
CATGAAGCACAAACTTGGGGGCGGTCAGTATGGAGAGGTTTACGTTGGCGTCTGGAAGAA
ATACAGCCTTACAGTTGCTGTGAAAACATTGAAGGAAGATACCATGGAGGTAGAAGAATT
CCTGAAAGAAGCTGCAGTAATGAAGGAAATCAAGCATCCTAATCTGGTACAACTTTTAGG
TGTGTGTACTTTGGAGCCACCATTTTACATTGTGACTGAATACATGCCATACGGGAATTT
GCTGGATTACCTCCGAGAATGCAACCGAGAAGAGGTGACTGCAGTTGTGCTGCTCTACAT
GGCCACTCAGATTTCTTCTGCAATGGAGTACTTAGAGAAGAAGAATTTCATCCATAGAGA
TCTTGCAGCTCGTAACTGCCTAGTGGGAGAAAACCATGTGGTAAAAGTGGCTGACTTTGG
CTTAAGTAGATTGATGACTGGAGACACTTATACTGCTCATGCTGGAGCCAAATTTCCTAT
TAAGTGGACAGCACCAGAGAGTCTTGCCTACAATACCTTCTCAATTAAATCTGACGTCTG
GGCTTTTGGGGTATTGTTGTGGGAAATTGCTACCTATGGAATGTCACCATATCCAGGTAT
TGACCTGTCTCAGGTCTATGACCTACTAGAAAAAGGATATCGAATGGAACAGCCTGAGGG
ATGCCCCCCTAAGGTTTATGAACTTATGAGAGCATGCTGGAAGTGGAGCCCTGCCGATAG
GCCCTCTTTTGCTGAAACACACCAAGCTTTTGAAACCATGTTCCATGACTCCAGCATTTC",RLFS_UnifiedFramework_raw,1133.7345641275842,,4.90800062703233,0.009900990099009901,high,RIZ=20;REZ=1600,,0.3898500429718757,0.6339100257831254,0.13456865127582018,0.5,805.3096961784652,20.0,1600.0,50.0625,,,,,,,,,,,,,,,,,,,,,,,,,,,,,,,,,,
ABL2,R-loop,R-loop,278,1594,1317,,,"GGGATGGGGCAGCAGGTGGGCCGCGTCGGGGAAGCTCCGGGGCTCCAGCAGCCTCAGCCC
CGCGGGATCCGGGGCAGCAGTGCAGCCAGGCCCTCCGGCCGCAGGCGGGACCCGGCGGGG
CGCACCACAGAGACCGGCTTCAATATCTTCACCCAGCATGAAGCTTTGCATCGTCCCTAT
GGTTGTGATGTTGAACCCCAGGCACTAAATGAGGCTATCAGGTGGAGCTCCAAGGAGAAC
TTGCTCGGAGCCACTGAGAGTGACCCTAATCTCTTCGTTGCACTTTATGATTTTGTAGCA
AGTGGTGATAACACACTCAGCATCACTAAAGGTGAAAAGCTACGAGTCCTTGGTTACAAC
CAGAATGGTGAGTGGAGTGAAGTTCGCTCTAAGAATGGGCAGGGCTGGGTGCCAAGCAAC
TACATCACCCCAGTGAACAGCCTGGAAAAACACTCCTGGTACCATGGACCTGTGTCACGC
AGTGCAGCTGAGTATCTGCTCAGCAGTCTAATCAATGGCAGCTTCCTGGTGCGAGAAAGT
GAGAGTAGCCCTGGGCAGCTGTCCATCTCGCTCAGGTACGAGGGACGTGTGTATCACTAC
AGGATCAATACCACTGCAGATGGCAAGGTGTATGTGACTGCTGAGAGCCGCTTCAGCACC
TTGGCAGAGCTTGTACACCATCACTCCACAGTGGCTGATGGGCTGGTGACAACATTACAC
TACCCAGCACCCAAGTGTAATAAGCCTACAGTCTATGGTGTGTCCCCCATCCACGACAAA
TGGGAAATGGAGCGAACAGATATTACCATGAAGCACAAACTTGGGGGCGGTCAGTATGGA
GAGGTTTACGTTGGCGTCTGGAAGAAATACAGCCTTACAGTTGCTGTGAAAACATTGAAG
GAAGATACCATGGAGGTAGAAGAATTCCTGAAAGAAGCTGCAGTAATGAAGGAAATCAAG
CATCCTAATCTGGTACAACTTTTAGGTGTGTGTACTTTGGAGCCACCATTTTACATTGTG
ACTGAATACATGCCATACGGGAATTTGCTGGATTACCTCCGAGAATGCAACCGAGAAGAG
GTGACTGCAGTTGTGCTGCTCTACATGGCCACTCAGATTTCTTCTGCAATGGAGTACTTA
GAGAAGAAGAATTTCATCCATAGAGATCTTGCAGCTCGTAACTGCCTAGTGGGAGAAAAC
CATGTGGTAAAAGTGGCTGACTTTGGCTTAAGTAGATTGATGACTGGAGACACTTATACT
GCTCATGCTGGAGCCAAATTTCCTATTAAGTGGACAGCACCAGAGAGTCTTGCCTAC",RLFS_UnifiedFramework_raw,797.8257634316213,,5.249194565903809,0.009900990099009901,high,RIZ=42;REZ=1275,,0.32981586058333845,0.5978895163500031,0.1352765321375187,0.5,568.372510219635,42.0,1275.0,50.03921568627451,,,,,,,,,,,,,,,,,,,,,,,,,,,,,,,,,,
ABL2,R-loop,R-loop,674,1211,538,,,"GGGCAGGGCTGGGTGCCAAGCAACTACATCACCCCAGTGAACAGCCTGGAAAAACACTCC
TGGTACCATGGACCTGTGTCACGCAGTGCAGCTGAGTATCTGCTCAGCAGTCTAATCAAT
GGCAGCTTCCTGGTGCGAGAAAGTGAGAGTAGCCCTGGGCAGCTGTCCATCTCGCTCAGG
TACGAGGGACGTGTGTATCACTACAGGATCAATACCACTGCAGATGGCAAGGTGTATGTG
ACTGCTGAGAGCCGCTTCAGCACCTTGGCAGAGCTTGTACACCATCACTCCACAGTGGCT
GATGGGCTGGTGACAACATTACACTACCCAGCACCCAAGTGTAATAAGCCTACAGTCTAT
GGTGTGTCCCCCATCCACGACAAATGGGAAATGGAGCGAACAGATATTACCATGAAGCAC
AAACTTGGGGGCGGTCAGTATGGAGAGGTTTACGTTGGCGTCTGGAAGAAATACAGCCTT
ACAGTTGCTGTGAAAACATTGAAGGAAGATACCATGGAGGTAGAAGAATTCCTGAAAG",RLFS_UnifiedFramework_raw,292.6720911013749,,6.442942069737111,0.009900990099009901,high,RIZ=13;REZ=525,,0.21741041567128522,0.5304462494027712,0.13553113553113552,0.5,211.392776241101,13.0,525.0,50.476190476190474,,,,,,,,,,,,,,,,,,,,,,,,,,,,,,,,,,
ABL2,R-loop,R-loop,1623,1821,124,,,"GGGCTTTTGGGGTATTGTTGTGGGATCGAATGGAACAGCCTGAGGGATGCCCCCCTAAGG
TTTATGAACTTATGAGAGCATGCTGGAAGTGGAGCCCTGCCGATAGGCCCTCTTTTGCTG
AAAC",RLFS_UnifiedFramework_raw,128.5746792604969,,8.228802714073185,0.009900990099009901,high,RIZ=24;REZ=100,,0.2592918192918193,0.5555750915750917,0.15873015873015872,0.5,97.7810300611024,24.0,100.0,52.0,,,,,,,,,,,,,,,,,,,,,,,,,,,,,,,,,,
ABL2,R-loop,R-loop,244,1907,1664,,,"GGGGTCGGCGGGGGCGCGGGAGTACGCGAGAGCAGGGATGGGGCAGCAGGTGGGCCGCGT
CGGGGAAGCTCCGGGGCTCCAGCAGCCTCAGCCCCGCGGGATCCGGGGCAGCAGTGCAGC
CAGGCCCTCCGGCCGCAGGCGGGACCCGGCGGGGCGCACCACAGAGACCGGCTTCAATAT
CTTCACCCAGCATGAAGCTTTGCATCGTCCCTATGGTTGTGATGTTGAACCCCAGGCACT
AAATGAGGCTATCAGGTGGAGCTCCAAGGAGAACTTGCTCGGAGCCACTGAGAGTGACCC
TAATCTCTTCGTTGCACTTTATGATTTTGTAGCAAGTGGTGATAACACACTCAGCATCAC
TAAAGGTGAAAAGCTACGAGTCCTTGGTTACAACCAGAATGGTGAGTGGAGTGAAGTTCG
CTCTAAGAATGGGCAGGGCTGGGTGCCAAGCAACTACATCACCCCAGTGAACAGCCTGGA
AAAACACTCCTGGTACCATGGACCTGTGTCACGCAGTGCAGCTGAGTATCTGCTCAGCAG
TCTAATCAATGGCAGCTTCCTGGTGCGAGAAAGTGAGAGTAGCCCTGGGCAGCTGTCCAT
CTCGCTCAGGTACGAGGGACGTGTGTATCACTACAGGATCAATACCACTGCAGATGGCAA
GGTGTATGTGACTGCTGAGAGCCGCTTCAGCACCTTGGCAGAGCTTGTACACCATCACTC
CACAGTGGCTGATGGGCTGGTGACAACATTACACTACCCAGCACCCAAGTGTAATAAGCC
TACAGTCTATGGTGTGTCCCCCATCCACGACAAATGGGAAATGGAGCGAACAGATATTAC
CATGAAGCACAAACTTGGGGGCGGTCAGTATGGAGAGGTTTACGTTGGCGTCTGGAAGAA
ATACAGCCTTACAGTTGCTGTGAAAACATTGAAGGAAGATACCATGGAGGTAGAAGAATT
CCTGAAAGAAGCTGCAGTAATGAAGGAAATCAAGCATCCTAATCTGGTACAACTTTTAGG
TGTGTGTACTTTGGAGCCACCATTTTACATTGTGACTGAATACATGCCATACGGGAATTT
GCTGGATTACCTCCGAGAATGCAACCGAGAAGAGGTGACTGCAGTTGTGCTGCTCTACAT
GGCCACTCAGATTTCTTCTGCAATGGAGTACTTAGAGAAGAAGAATTTCATCCATAGAGA
TCTTGCAGCTCGTAACTGCCTAGTGGGAGAAAACCATGTGGTAAAAGTGGCTGACTTTGG
CTTAAGTAGATTGATGACTGGAGACACTTATACTGCTCATGCTGGAGCCAAATTTCCTAT
TAAGTGGACAGCACCAGAGAGTCTTGCCTACAATACCTTCTCAATTAAATCTGACGTCTG
GGCTTTTGGGGTATTGTTGTGGGAAATTGCTACCTATGGAATGTCACCATATCCAGGTAT
TGACCTGTCTCAGGTCTATGACCTACTAGAAAAAGGATATCGAATGGAACAGCCTGAGGG
ATGCCCCCCTAAGGTTTATGAACTTATGAGAGCATGCTGGAAGTGGAGCCCTGCCGATAG
GCCCTCTTTTGCTGAAACACACCAAGCTTTTGAAACCATGTTCCATGACTCCAGCATTTC
TGAAGTTCTCCTACATTGTGCCAATCAGACGTGCATAACATTGT",RLFS_UnifiedFramework_raw,1130.7882999632916,,4.891436784059628,0.009900990099009901,high,RIZ=14;REZ=1650,,0.38723136244246886,0.6323388174654814,0.1333530455351863,0.5,803.1687508475782,14.0,1650.0,50.0,,,,,,,,,,,,,,,,,,,,,,,,,,,,,,,,,,
ABL2,R-loop,R-loop,305,1594,1290,,,"GGGGAAGCTCCGGGGCTCCAGCAGCCTCAGCCCCGCGGGATCCGGGGCAGCAGTGCAGCC
AGGCCCTCCGGCCGCAGGCGGGACCCGGCGGGGCGCACCACAGAGACCGGCTTCAATATC
TTCACCCAGCATGAAGCTTTGCATCGTCCCTATGGTTGTGATGTTGAACCCCAGGCACTA
AATGAGGCTATCAGGTGGAGCTCCAAGGAGAACTTGCTCGGAGCCACTGAGAGTGACCCT
AATCTCTTCGTTGCACTTTATGATTTTGTAGCAAGTGGTGATAACACACTCAGCATCACT
AAAGGTGAAAAGCTACGAGTCCTTGGTTACAACCAGAATGGTGAGTGGAGTGAAGTTCGC
TCTAAGAATGGGCAGGGCTGGGTGCCAAGCAACTACATCACCCCAGTGAACAGCCTGGAA
AAACACTCCTGGTACCATGGACCTGTGTCACGCAGTGCAGCTGAGTATCTGCTCAGCAGT
CTAATCAATGGCAGCTTCCTGGTGCGAGAAAGTGAGAGTAGCCCTGGGCAGCTGTCCATC
TCGCTCAGGTACGAGGGACGTGTGTATCACTACAGGATCAATACCACTGCAGATGGCAAG
GTGTATGTGACTGCTGAGAGCCGCTTCAGCACCTTGGCAGAGCTTGTACACCATCACTCC
ACAGTGGCTGATGGGCTGGTGACAACATTACACTACCCAGCACCCAAGTGTAATAAGCCT
ACAGTCTATGGTGTGTCCCCCATCCACGACAAATGGGAAATGGAGCGAACAGATATTACC
ATGAAGCACAAACTTGGGGGCGGTCAGTATGGAGAGGTTTACGTTGGCGTCTGGAAGAAA
TACAGCCTTACAGTTGCTGTGAAAACATTGAAGGAAGATACCATGGAGGTAGAAGAATTC
CTGAAAGAAGCTGCAGTAATGAAGGAAATCAAGCATCCTAATCTGGTACAACTTTTAGGT
GTGTGTACTTTGGAGCCACCATTTTACATTGTGACTGAATACATGCCATACGGGAATTTG
CTGGATTACCTCCGAGAATGCAACCGAGAAGAGGTGACTGCAGTTGTGCTGCTCTACATG
GCCACTCAGATTTCTTCTGCAATGGAGTACTTAGAGAAGAAGAATTTCATCCATAGAGAT
CTTGCAGCTCGTAACTGCCTAGTGGGAGAAAACCATGTGGTAAAAGTGGCTGACTTTGGC
TTAAGTAGATTGATGACTGGAGACACTTATACTGCTCATGCTGGAGCCAAATTTCCTATT
AAGTGGACAGCACCAGAGAGTCTTGCCTAC",RLFS_UnifiedFramework_raw,656.30778455905,,5.362342043418762,0.009900990099009901,high,RIZ=15;REZ=1275,,0.2929503021768468,0.5757701813061081,0.13234172387490464,0.5,468.20395825664036,15.0,1275.0,50.03921568627451,,,,,,,,,,,,,,,,,,,,,,,,,,,,,,,,,,
ABL2,Z-DNA,Z-DNA,1,64,64,,,GGTTTAAAGATGGCGGCGGCGGTGGCGGCGGCGGCGGCGGCGGCGTTGGGGGCGCGGAGCCGCG,Kadane_TransitionArray_v1,117.0,,0.0,1.0,,,,0.5716269841269841,0.7001388888888889,0.5,0.49206349206349204,99.04880952380951,,,,117.0,1.0,0.812,28.0,,,,,,,,,,,,,,,,,,,,,,,,,,,,,,
ABL2,Z-DNA,Z-DNA,64,124,61,,,GACAGGAGGAGGGAAAAGCAGAATCTGTGAGTCGCCTGGAGGCAGCGCGGCGGCTGCCGTG,Kadane_TransitionArray_v1,60.0,,0.0,1.0,,,,0.3801092896174863,0.5660765027322403,0.5,0.35,53.40327868852459,,,,60.0,1.0,0.656,13.0,,,,,,,,,,,,,,,,,,,,,,,,,,,,,,
ABL2,Z-DNA,eGZ (Extruded-G) DNA,14,43,30,,,CGGCGGCGGTGGCGGCGGCGGCGGCGGCGG,eGZ_CGG_Expansion_v1,23.33333333333333,,0.0,1.0,,Unit=CGG;Copies=10,,0.7317241379310344,0.812206896551724,0.5,0.6206896551724138,38.285057471264366,,,,,1.0,,,Double-stranded,10.0,0.667,,,,,,,,,,,,,,,,,,,,,,,,,,,
ABL2,Disease-Associated Motif,FRA12A_repeat,14,22,9,,,CGGCGGCGG,Disease_Associated_Clinical_Classification,90.0,,53.333333333333336,,,,,0.5,0.7,0.5,0.5,78.0,,,,,,,,,,,3.0,CGG,Pathogenic,FRA12A,FRA12A,AD,0-0,1.0,90.0,50.9,5.399061032863848,Fragile site; Chromosomal instability,30467083; 31234567; 32345678,Gene therapy; Pharmacological read-through,"Pathogenic variant - confirm diagnosis, family screening recommended, AD inheritance",Minimal structural impact predicted,,,,,,,,,,,
ABL2,Disease-Associated Motif,FRA12A_repeat,26,43,18,,,CGGCGGCGGCGGCGGCGG,Disease_Associated_Clinical_Classification,97.5,,53.333333333333336,,,,,0.5,0.7,0.5,0.5,83.25,,,,,,,,,,,6.0,CGG,Pathogenic,FRA12A,FRA12A,AD,0-0,1.0,97.5,51.8,12.441314553990608,Fragile site; Chromosomal instability,30467083; 31234567; 32345678,Gene therapy; Pharmacological read-through,"Pathogenic variant - confirm diagnosis, family screening recommended, AD inheritance",Minimal structural impact predicted,,,,,,,,,,,
ABL2,Hybrid,Hybrid_Slipped DNA(1)_Z-DNA(1),14,45,32,,,CGGCGGCGGTGGCGGCGGCGGCGGCGGCGGCG,HybridOverlap_SubclassAnalysis_raw,91.0,,,,,Classes=2;Subtypes=2,,0.5,0.7,0.5,0.5,78.69999999999999,,,,,,,,,,,,,,,,,,,,,,,,,,,"['Slipped DNA', 'Z-DNA']","{'Slipped DNA': 1, 'Z-DNA': 1}","{'Slipped DNA:Slipped DNA [STR]': 1, 'Z-DNA:Z-DNA': 1}",Slipped DNA [STR](1); Z-DNA(1),"[{'Sequence Name': 'ABL2', 'Class': 'Slipped DNA', 'Subtype': 'Slipped DNA [STR]', 'Start': 24, 'End': 45, 'Length': 22, 'Unit': 'GGC', 'Copies': 7, 'Sequence': 'GGCGGCGGCGGCGGCGGCGGCG', 'ScoreMethod': 'STR_PerfectBlock_v1', 'Score': 13.0, 'GC_Fraction': 1.0, 'Conservation_Score': 2.747691542590042, 'Conservation_P_Value': 0.009900990099009901, 'Conservation_Significance': 'high', 'Arms/Repeat Unit/Copies': 'Unit=GGC;Copies=7', 'Spacer': '', 'ML_Probability': 0.9545454545454546, 'ML_Confidence': 0.7, 'ML_Stability': 0.5, 'ML_Pattern_Score': 0.5, 'Enhanced_Score': 37.736363636363635}, {'Sequence Name': 'ABL2', 'Class': 'Z-DNA', 'Subtype': 'Z-DNA', 'Start': 1, 'End': 64, 'Length': 64, 'Sequence': 'GGTTTAAAGATGGCGGCGGCGGTGGCGGCGGCGGCGGCGGCGGCGTTGGGGGCGCGGAGCCGCG', 'ScoreMethod': 'Kadane_TransitionArray_v1', 'Score': 117.0, 'Kadane_Score': 117.0, 'Structural_Factor': 1.0, 'GC_Content': 0.812, 'GC_CG_Dinucleotides': 28, 'Conservation_Score': 0.0, 'Conservation_P_Value': 1.0, 'Conservation_Significance': '', 'Arms/Repeat Unit/Copies': '', 'Spacer': '', 'ML_Probability': 0.5716269841269841, 'ML_Confidence': 0.7001388888888889, 'ML_Stability': 0.5, 'ML_Pattern_Score': 0.49206349206349204, 'Enhanced_Score': 99.04880952380951}]",0.5,0.4,"This hybrid region spans multiple non-B DNA classes, indicating a potential hotspot for chromatin remodeling, replication stalling, or mutagenesis. Longer spans with diverse motif composition have higher biological impact.",,,
ABL2,Hybrid,Hybrid_G-Quadruplex Family(1)_R-loop(4),244,286,43,,,GGGGTCGGCGGGGGCGCGGGAGTACGCGAGAGCAGGGATGGGG,HybridOverlap_SubclassAnalysis_raw,199.07116596245203,,,,,Classes=2;Subtypes=2,,0.5,0.7,0.5,0.5,154.34981617371642,,,,,,,,,,,,,,,,,,,,,,,,,,,"['G-Quadruplex Family', 'R-loop']","{'R-loop': 4, 'G-Quadruplex Family': 1}","{'R-loop:R-loop': 4, 'G-Quadruplex Family:Bulged G4': 1}",Bulged G4(1); R-loop(4),"[{'Sequence Name': 'ABL2', 'Class': 'R-loop', 'Subtype': 'R-loop', 'Start': 165, 'End': 2113, 'Length': 1949, 'Sequence': 'GGGCCAGGGCCTGGGCTGGGAGGGAGAGACCGGAGCAGCGCCAGGAGCCCGAGGCCGGAG\nCCGAGGAGGAATGTGACCAGGGGTCGGCGGGGGCGCGGGAGTACGCGAGAGCAGGGATGG\nGGCAGCAGGTGGGCCGCGTCGGGGAAGCTCCGGGGCTCCAGCAGCCTCAGCCCCGCGGGA\nTCCGGGGCAGCAGTGCAGCCAGGCCCTCCGGCCGCAGGCGGGACCCGGCGGGGCGCACCA\nCAGAGACCGGCTTCAATATCTTCACCCAGCATGAAGCTTTGCATCGTCCCTATGGTTGTG\nATGTTGAACCCCAGGCACTAAATGAGGCTATCAGGTGGAGCTCCAAGGAGAACTTGCTCG\nGAGCCACTGAGAGTGACCCTAATCTCTTCGTTGCACTTTATGATTTTGTAGCAAGTGGTG\nATAACACACTCAGCATCACTAAAGGTGAAAAGCTACGAGTCCTTGGTTACAACCAGAATG\nGTGAGTGGAGTGAAGTTCGCTCTAAGAATGGGCAGGGCTGGGTGCCAAGCAACTACATCA\nCCCCAGTGAACAGCCTGGAAAAACACTCCTGGTACCATGGACCTGTGTCACGCAGTGCAG\nCTGAGTATCTGCTCAGCAGTCTAATCAATGGCAGCTTCCTGGTGCGAGAAAGTGAGAGTA\nGCCCTGGGCAGCTGTCCATCTCGCTCAGGTACGAGGGACGTGTGTATCACTACAGGATCA\nATACCACTGCAGATGGCAAGGTGTATGTGACTGCTGAGAGCCGCTTCAGCACCTTGGCAG\nAGCTTGTACACCATCACTCCACAGTGGCTGATGGGCTGGTGACAACATTACACTACCCAG\nCACCCAAGTGTAATAAGCCTACAGTCTATGGTGTGTCCCCCATCCACGACAAATGGGAAA\nTGGAGCGAACAGATATTACCATGAAGCACAAACTTGGGGGCGGTCAGTATGGAGAGGTTT\nACGTTGGCGTCTGGAAGAAATACAGCCTTACAGTTGCTGTGAAAACATTGAAGGAAGATA\nCCATGGAGGTAGAAGAATTCCTGAAAGAAGCTGCAGTAATGAAGGAAATCAAGCATCCTA\nATCTGGTACAACTTTTAGGTGTGTGTACTTTGGAGCCACCATTTTACATTGTGACTGAAT\nACATGCCATACGGGAATTTGCTGGATTACCTCCGAGAATGCAACCGAGAAGAGGTGACTG\nCAGTTGTGCTGCTCTACATGGCCACTCAGATTTCTTCTGCAATGGAGTACTTAGAGAAGA\nAGAATTTCATCCATAGAGATCTTGCAGCTCGTAACTGCCTAGTGGGAGAAAACCATGTGG\nTAAAAGTGGCTGACTTTGGCTTAAGTAGATTGATGACTGGAGACACTTATACTGCTCATG\nCTGGAGCCAAATTTCCTATTAAGTGGACAGCACCAGAGAGTCTTGCCTACAATACCTTCT\nCAATTAAATCTGACGTCTGGGCTTTTGGGGTATTGTTGTGGGAAATTGCTACCTATGGAA\nTGTCACCATATCCAGGTATTGACCTGTCTCAGGTCTATGACCTACTAGAAAAAGGATATC\nGAATGGAACAGCCTGAGGGATGCCCCCCTAAGGTTTATGAACTTATGAGAGCATGCTGGA\nAGTGGAGCCCTGCCGATAGGCCCTCTTTTGCTGAAACACACCAAGCTTTTGAAACCATGT\nTCCATGACTCCAGCATTTCTGAAGTTCTCCTACATTGTGCCAATCAGACGTGCATAACAT\nTGTGAACCAAAAGACACAGAGCAGGATGATGCTAGCAACGTATTCATAGTAACTCCAAAC\nTGGAAACAACCTAAACATCCATCAAGAGGAGAACAGGTGGATTGTGGTATATTCACACGT\nTGGCATGCTACACAGCAATGAGAACCCCTGCCACATGCAGCAGCGTGGACGAATCTACAC\nACATGATACTGGGCGAAAGAAGCCAGACA', 'ScoreMethod': 'RLFS_UnifiedFramework_raw', 'Score': 1447.6595406265612, 'RIZ_Length': 24, 'REZ_Length': 1925, 'REZ_GC_Content': 50.49350649350649, 'Conservation_Score': 4.610957608624564, 'Conservation_P_Value': 0.009900990099009901, 'Conservation_Significance': 'high', 'Arms/Repeat Unit/Copies': 'RIZ=24;REZ=1925', 'Spacer': '', 'ML_Probability': 0.4504862321082543, 'ML_Confidence': 0.6702917392649526, 'ML_Stability': 0.1352852094901565, 'ML_Pattern_Score': 0.5, 'Enhanced_Score': 1026.8762654018403}, {'Sequence Name': 'ABL2', 'Class': 'R-loop', 'Subtype': 'R-loop', 'Start': 244, 'End': 1863, 'Length': 1620, 'Sequence': 'GGGGTCGGCGGGGGCGCGGGAGTACGCGAGAGCAGGGATGGGGCAGCAGGTGGGCCGCGT\nCGGGGAAGCTCCGGGGCTCCAGCAGCCTCAGCCCCGCGGGATCCGGGGCAGCAGTGCAGC\nCAGGCCCTCCGGCCGCAGGCGGGACCCGGCGGGGCGCACCACAGAGACCGGCTTCAATAT\nCTTCACCCAGCATGAAGCTTTGCATCGTCCCTATGGTTGTGATGTTGAACCCCAGGCACT\nAAATGAGGCTATCAGGTGGAGCTCCAAGGAGAACTTGCTCGGAGCCACTGAGAGTGACCC\nTAATCTCTTCGTTGCACTTTATGATTTTGTAGCAAGTGGTGATAACACACTCAGCATCAC\nTAAAGGTGAAAAGCTACGAGTCCTTGGTTACAACCAGAATGGTGAGTGGAGTGAAGTTCG\nCTCTAAGAATGGGCAGGGCTGGGTGCCAAGCAACTACATCACCCCAGTGAACAGCCTGGA\nAAAACACTCCTGGTACCATGGACCTGTGTCACGCAGTGCAGCTGAGTATCTGCTCAGCAG\nTCTAATCAATGGCAGCTTCCTGGTGCGAGAAAGTGAGAGTAGCCCTGGGCAGCTGTCCAT\nCTCGCTCAGGTACGAGGGACGTGTGTATCACTACAGGATCAATACCACTGCAGATGGCAA\nGGTGTATGTGACTGCTGAGAGCCGCTTCAGCACCTTGGCAGAGCTTGTACACCATCACTC\nCACAGTGGCTGATGGGCTGGTGACAACATTACACTACCCAGCACCCAAGTGTAATAAGCC\nTACAGTCTATGGTGTGTCCCCCATCCACGACAAATGGGAAATGGAGCGAACAGATATTAC\nCATGAAGCACAAACTTGGGGGCGGTCAGTATGGAGAGGTTTACGTTGGCGTCTGGAAGAA\nATACAGCCTTACAGTTGCTGTGAAAACATTGAAGGAAGATACCATGGAGGTAGAAGAATT\nCCTGAAAGAAGCTGCAGTAATGAAGGAAATCAAGCATCCTAATCTGGTACAACTTTTAGG\nTGTGTGTACTTTGGAGCCACCATTTTACATTGTGACTGAATACATGCCATACGGGAATTT\nGCTGGATTACCTCCGAGAATGCAACCGAGAAGAGGTGACTGCAGTTGTGCTGCTCTACAT\nGGCCACTCAGATTTCTTCTGCAATGGAGTACTTAGAGAAGAAGAATTTCATCCATAGAGA\nTCTTGCAGCTCGTAACTGCCTAGTGGGAGAAAACCATGTGGTAAAAGTGGCTGACTTTGG\nCTTAAGTAGATTGATGACTGGAGACACTTATACTGCTCATGCTGGAGCCAAATTTCCTAT\nTAAGTGGACAGCACCAGAGAGTCTTGCCTACAATACCTTCTCAATTAAATCTGACGTCTG\nGGCTTTTGGGGTATTGTTGTGGGAAATTGCTACCTATGGAATGTCACCATATCCAGGTAT\nTGACCTGTCTCAGGTCTATGACCTACTAGAAAAAGGATATCGAATGGAACAGCCTGAGGG\nATGCCCCCCTAAGGTTTATGAACTTATGAGAGCATGCTGGAAGTGGAGCCCTGCCGATAG\nGCCCTCTTTTGCTGAAACACACCAAGCTTTTGAAACCATGTTCCATGACTCCAGCATTTC', 'ScoreMethod': 'RLFS_UnifiedFramework_raw', 'Score': 1133.7345641275842, 'RIZ_Length': 20, 'REZ_Length': 1600, 'REZ_GC_Content': 50.0625, 'Conservation_Score': 4.90800062703233, 'Conservation_P_Value': 0.009900990099009901, 'Conservation_Significance': 'high', 'Arms/Repeat Unit/Copies': 'RIZ=20;REZ=1600', 'Spacer': '', 'ML_Probability': 0.3898500429718757, 'ML_Confidence': 0.6339100257831254, 'ML_Stability': 0.13456865127582018, 'ML_Pattern_Score': 0.5, 'Enhanced_Score': 805.3096961784652}, {'Sequence Name': 'ABL2', 'Class': 'R-loop', 'Subtype': 'R-loop', 'Start': 278, 'End': 1594, 'Length': 1317, 'Sequence': 'GGGATGGGGCAGCAGGTGGGCCGCGTCGGGGAAGCTCCGGGGCTCCAGCAGCCTCAGCCC\nCGCGGGATCCGGGGCAGCAGTGCAGCCAGGCCCTCCGGCCGCAGGCGGGACCCGGCGGGG\nCGCACCACAGAGACCGGCTTCAATATCTTCACCCAGCATGAAGCTTTGCATCGTCCCTAT\nGGTTGTGATGTTGAACCCCAGGCACTAAATGAGGCTATCAGGTGGAGCTCCAAGGAGAAC\nTTGCTCGGAGCCACTGAGAGTGACCCTAATCTCTTCGTTGCACTTTATGATTTTGTAGCA\nAGTGGTGATAACACACTCAGCATCACTAAAGGTGAAAAGCTACGAGTCCTTGGTTACAAC\nCAGAATGGTGAGTGGAGTGAAGTTCGCTCTAAGAATGGGCAGGGCTGGGTGCCAAGCAAC\nTACATCACCCCAGTGAACAGCCTGGAAAAACACTCCTGGTACCATGGACCTGTGTCACGC\nAGTGCAGCTGAGTATCTGCTCAGCAGTCTAATCAATGGCAGCTTCCTGGTGCGAGAAAGT\nGAGAGTAGCCCTGGGCAGCTGTCCATCTCGCTCAGGTACGAGGGACGTGTGTATCACTAC\nAGGATCAATACCACTGCAGATGGCAAGGTGTATGTGACTGCTGAGAGCCGCTTCAGCACC\nTTGGCAGAGCTTGTACACCATCACTCCACAGTGGCTGATGGGCTGGTGACAACATTACAC\nTACCCAGCACCCAAGTGTAATAAGCCTACAGTCTATGGTGTGTCCCCCATCCACGACAAA\nTGGGAAATGGAGCGAACAGATATTACCATGAAGCACAAACTTGGGGGCGGTCAGTATGGA\nGAGGTTTACGTTGGCGTCTGGAAGAAATACAGCCTTACAGTTGCTGTGAAAACATTGAAG\nGAAGATACCATGGAGGTAGAAGAATTCCTGAAAGAAGCTGCAGTAATGAAGGAAATCAAG\nCATCCTAATCTGGTACAACTTTTAGGTGTGTGTACTTTGGAGCCACCATTTTACATTGTG\nACTGAATACATGCCATACGGGAATTTGCTGGATTACCTCCGAGAATGCAACCGAGAAGAG\nGTGACTGCAGTTGTGCTGCTCTACATGGCCACTCAGATTTCTTCTGCAATGGAGTACTTA\nGAGAAGAAGAATTTCATCCATAGAGATCTTGCAGCTCGTAACTGCCTAGTGGGAGAAAAC\nCATGTGGTAAAAGTGGCTGACTTTGGCTTAAGTAGATTGATGACTGGAGACACTTATACT\nGCTCATGCTGGAGCCAAATTTCCTATTAAGTGGACAGCACCAGAGAGTCTTGCCTAC', 'ScoreMethod': 'RLFS_UnifiedFramework_raw', 'Score': 797.8257634316213, 'RIZ_Length': 42, 'REZ_Length': 1275, 'REZ_GC_Content': 50.03921568627451, 'Conservation_Score': 5.249194565903809, 'Conservation_P_Value': 0.009900990099009901, 'Conservation_Significance': 'high', 'Arms/Repeat Unit/Copies': 'RIZ=42;REZ=1275', 'Spacer': '', 'ML_Probability': 0.32981586058333845, 'ML_Confidence': 0.5978895163500031, 'ML_Stability': 0.1352765321375187, 'ML_Pattern_Score': 0.5, 'Enhanced_Score': 568.372510219635}, {'Sequence Name': 'ABL2', 'Class': 'R-loop', 'Subtype': 'R-loop', 'Start': 244, 'End': 1907, 'Length': 1664, 'Sequence': 'GGGGTCGGCGGGGGCGCGGGAGTACGCGAGAGCAGGGATGGGGCAGCAGGTGGGCCGCGT\nCGGGGAAGCTCCGGGGCTCCAGCAGCCTCAGCCCCGCGGGATCCGGGGCAGCAGTGCAGC\nCAGGCCCTCCGGCCGCAGGCGGGACCCGGCGGGGCGCACCACAGAGACCGGCTTCAATAT\nCTTCACCCAGCATGAAGCTTTGCATCGTCCCTATGGTTGTGATGTTGAACCCCAGGCACT\nAAATGAGGCTATCAGGTGGAGCTCCAAGGAGAACTTGCTCGGAGCCACTGAGAGTGACCC\nTAATCTCTTCGTTGCACTTTATGATTTTGTAGCAAGTGGTGATAACACACTCAGCATCAC\nTAAAGGTGAAAAGCTACGAGTCCTTGGTTACAACCAGAATGGTGAGTGGAGTGAAGTTCG\nCTCTAAGAATGGGCAGGGCTGGGTGCCAAGCAACTACATCACCCCAGTGAACAGCCTGGA\nAAAACACTCCTGGTACCATGGACCTGTGTCACGCAGTGCAGCTGAGTATCTGCTCAGCAG\nTCTAATCAATGGCAGCTTCCTGGTGCGAGAAAGTGAGAGTAGCCCTGGGCAGCTGTCCAT\nCTCGCTCAGGTACGAGGGACGTGTGTATCACTACAGGATCAATACCACTGCAGATGGCAA\nGGTGTATGTGACTGCTGAGAGCCGCTTCAGCACCTTGGCAGAGCTTGTACACCATCACTC\nCACAGTGGCTGATGGGCTGGTGACAACATTACACTACCCAGCACCCAAGTGTAATAAGCC\nTACAGTCTATGGTGTGTCCCCCATCCACGACAAATGGGAAATGGAGCGAACAGATATTAC\nCATGAAGCACAAACTTGGGGGCGGTCAGTATGGAGAGGTTTACGTTGGCGTCTGGAAGAA\nATACAGCCTTACAGTTGCTGTGAAAACATTGAAGGAAGATACCATGGAGGTAGAAGAATT\nCCTGAAAGAAGCTGCAGTAATGAAGGAAATCAAGCATCCTAATCTGGTACAACTTTTAGG\nTGTGTGTACTTTGGAGCCACCATTTTACATTGTGACTGAATACATGCCATACGGGAATTT\nGCTGGATTACCTCCGAGAATGCAACCGAGAAGAGGTGACTGCAGTTGTGCTGCTCTACAT\nGGCCACTCAGATTTCTTCTGCAATGGAGTACTTAGAGAAGAAGAATTTCATCCATAGAGA\nTCTTGCAGCTCGTAACTGCCTAGTGGGAGAAAACCATGTGGTAAAAGTGGCTGACTTTGG\nCTTAAGTAGATTGATGACTGGAGACACTTATACTGCTCATGCTGGAGCCAAATTTCCTAT\nTAAGTGGACAGCACCAGAGAGTCTTGCCTACAATACCTTCTCAATTAAATCTGACGTCTG\nGGCTTTTGGGGTATTGTTGTGGGAAATTGCTACCTATGGAATGTCACCATATCCAGGTAT\nTGACCTGTCTCAGGTCTATGACCTACTAGAAAAAGGATATCGAATGGAACAGCCTGAGGG\nATGCCCCCCTAAGGTTTATGAACTTATGAGAGCATGCTGGAAGTGGAGCCCTGCCGATAG\nGCCCTCTTTTGCTGAAACACACCAAGCTTTTGAAACCATGTTCCATGACTCCAGCATTTC\nTGAAGTTCTCCTACATTGTGCCAATCAGACGTGCATAACATTGT', 'ScoreMethod': 'RLFS_UnifiedFramework_raw', 'Score': 1130.7882999632916, 'RIZ_Length': 14, 'REZ_Length': 1650, 'REZ_GC_Content': 50.0, 'Conservation_Score': 4.891436784059628, 'Conservation_P_Value': 0.009900990099009901, 'Conservation_Significance': 'high', 'Arms/Repeat Unit/Copies': 'RIZ=14;REZ=1650', 'Spacer': '', 'ML_Probability': 0.38723136244246886, 'ML_Confidence': 0.6323388174654814, 'ML_Stability': 0.1333530455351863, 'ML_Pattern_Score': 0.5, 'Enhanced_Score': 803.1687508475782}, {'Sequence Name': 'ABL2', 'Class': 'G-Quadruplex Family', 'Subtype': 'Bulged G4', 'Start': 250, 'End': 286, 'Length': 37, 'Sequence': 'GGCGGGGGCGCGGGAGTACGCGAGAGCAGGGATGGGG', 'ScoreMethod': 'G4Hunter_Exact', 'Score': 1.5, 'G4Hunter_Score': 1.5, 'Structural_Factor': 1.0, 'Formation_Category': 'High Formation Potential', 'Conservation_Score': 5.68232651435016, 'Conservation_P_Value': 0.009900990099009901, 'Priority': 3, 'Arms/Repeat Unit/Copies': '', 'Spacer': '', 'ML_Probability': 0.5, 'ML_Confidence': 0.7, 'ML_Stability': 0.5, 'ML_Pattern_Score': 0.5, 'Enhanced_Score': 16.05}]",0.022,1.0,"This hybrid region spans multiple non-B DNA classes, indicating a potential hotspot for chromatin remodeling, replication stalling, or mutagenesis. Longer spans with diverse motif composition have higher biological impact.",,,
ABL2,G-Quadruplex Family,Bulged G4,250,286,37,,,GGCGGGGGCGCGGGAGTACGCGAGAGCAGGGATGGGG,G4Hunter_Exact,1.5,,5.68232651435016,0.009900990099009901,,,,0.5,0.7,0.5,0.5,16.05,,,,,1.0,,,,,,,,,,,,,,,,,,,,,,,,,,,,,,1.5,High Formation Potential,3.0
