Sequence Name,Class,Subtype,Start,End,Length,Sequence,Score,Conservation_Score,Conservation_P_Value,Conservation_Significance,Arms/Repeat Unit/Copies,Spacer,ML_Probability,ML_Confidence,ML_Stability,ML_Pattern_Score,Enhanced_Score,Unit,Copies,ScoreMethod,GC_Fraction,Arm_Length,AT_Fraction,RIZ_Length,REZ_Length,REZ_GC_Content,Kadane_Score,Structural_Factor,GC_Content,GC_CG_Dinucleotides,Family,CGG_Repeats,G_Fraction,Repeat_Count,Repeat_Unit,Clinical_Significance,Disease_Name,Gene_Symbol,Inheritance_Pattern,Normal_Range,Pathogenic_Threshold,Risk_Score,Instability_Score,Population_Percentile,Clinical_Features,PMID_References,Therapeutic_Target,Genetic_Counseling,Structural_Impact,MotifClasses,ClassBreakdown,SubclassBreakdown,SubclassDetail,ContributingMotifs,OverlapDegree,InteractionStrength,Annotation,G4Hunter_Score,Formation_Category,Priority
AR,Curved DNA,Local curvature (long A-tract),6371,6380,10,TTTTTTTTTT,21.58113883008419,0.0,1.0,not significant,,,0.5,0.7,0.5,0.5,30.10679718105893,,,,,,,,,,,,,,,,,,,,,,,,,,,,,,,,,,,,,,,,,,,
AR,Curved DNA,Local curvature (long A-tract),3633,3641,9,TTTTTTTTT,19.5,0.0,1.0,not significant,,,0.5,0.7,0.5,0.5,28.65,,,,,,,,,,,,,,,,,,,,,,,,,,,,,,,,,,,,,,,,,,,
AR,Curved DNA,Local curvature (long A-tract),7811,7819,9,TTTTTTTTT,19.5,0.0,1.0,not significant,,,0.5,0.7,0.5,0.5,28.65,,,,,,,,,,,,,,,,,,,,,,,,,,,,,,,,,,,,,,,,,,,
AR,Curved DNA,Global curvature (phased A-tracts),3911,3952,42,AAAAAAAAAAAGCAAAAACAAAACAAAAAATAAGCCAAAAAA,17.583333333333336,0.4765189646071993,0.019801980198019802,not significant,Tracts=4,Spacing=6-15,0.5,0.7,0.5,0.5,27.308333333333334,,,,,,,,,,,,,,,,,,,,,,,,,,,,,,,,,,,,,,,,,,,
AR,Curved DNA,Global curvature (phased A-tracts),115,160,46,AAAAAACAAAACAAACAAAAACAAAAAAGCCGAAATAAAAGAAAAA,16.583333333333332,0.5851523225154861,0.009900990099009901,low,Tracts=6,Spacing=6-15,0.5,0.7,0.5,0.5,26.608333333333334,,,,,,,,,,,,,,,,,,,,,,,,,,,,,,,,,,,,,,,,,,,
AR,Curved DNA,Global curvature (phased A-tracts),8812,8847,36,TTTTGACAAATGAAAATGTGTTTTTCTCTGTTAAAA,15.541666666666668,5.058891233943173,0.009900990099009901,high,Tracts=4,Spacing=6-15,0.5,0.7,0.5,0.5,25.879166666666666,,,,,,,,,,,,,,,,,,,,,,,,,,,,,,,,,,,,,,,,,,,
AR,Curved DNA,Local curvature (long A-tract),6844,6850,7,TTTTTTT,15.322875655532295,0.0,1.0,not significant,,,0.5,0.7,0.5,0.5,25.726012958872605,,,,,,,,,,,,,,,,,,,,,,,,,,,,,,,,,,,,,,,,,,,
AR,Curved DNA,Global curvature (phased A-tracts),9612,9637,26,AAAAAAAAGAAAAAAAAAATTAAAAA,13.208333333333332,0.025878630374931755,0.5346534653465347,not significant,Tracts=3,Spacing=6-15,0.5,0.7,0.5,0.5,24.24583333333333,,,,,,,,,,,,,,,,,,,,,,,,,,,,,,,,,,,,,,,,,,,
AR,Curved DNA,Global curvature (phased A-tracts),7612,7639,28,TTTTTGAAAATCTTTTAAAGCAGTTTTT,11.416666666666668,1.593229908828777,0.009900990099009901,medium,Tracts=3,Spacing=6-15,0.5,0.7,0.5,0.5,22.991666666666667,,,,,,,,,,,,,,,,,,,,,,,,,,,,,,,,,,,,,,,,,,,
AR,Curved DNA,Global curvature (phased A-tracts),5929,5954,26,TTTTAGCTGTTTTAAACAGAAAAAAA,10.875,2.184424144886718,0.009900990099009901,medium,Tracts=3,Spacing=6-15,0.5,0.7,0.5,0.5,22.6125,,,,,,,,,,,,,,,,,,,,,,,,,,,,,,,,,,,,,,,,,,,
AR,Curved DNA,Global curvature (phased A-tracts),6169,6192,24,TTTTTCATTTGCAAAAGCCAAAAA,10.083333333333332,3.0809190167726666,0.009900990099009901,high,Tracts=3,Spacing=6-15,0.5,0.7,0.5,0.5,22.05833333333333,,,,,,,,,,,,,,,,,,,,,,,,,,,,,,,,,,,,,,,,,,,
AR,Curved DNA,Global curvature (phased A-tracts),6012,6034,23,TTTTGGAATGATTTTCATCTTTT,9.833333333333332,0.5563932515365005,0.21782178217821782,not significant,Tracts=3,Spacing=6-15,0.5,0.7,0.5,0.5,21.883333333333333,,,,,,,,,,,,,,,,,,,,,,,,,,,,,,,,,,,,,,,,,,,
AR,Curved DNA,Global curvature (phased A-tracts),9849,9870,22,TTTTCTTAAAAGAAACAATTTT,8.916666666666666,1.847996489776489,0.009900990099009901,medium,Tracts=3,Spacing=6-15,0.5,0.7,0.5,0.5,21.241666666666667,,,,,,,,,,,,,,,,,,,,,,,,,,,,,,,,,,,,,,,,,,,
AR,Curved DNA,Global curvature (phased A-tracts),223,239,17,TTTTGTTTTTTTCTTTT,6.375,-0.07860982704571172,0.8316831683168316,not significant,Tracts=3,Spacing=6-15,0.5,0.7,0.5,0.5,19.4625,,,,,,,,,,,,,,,,,,,,,,,,,,,,,,,,,,,,,,,,,,,
AR,Slipped DNA,Slipped DNA [STR],695,763,69,"GCAGCAGCAGCAGCAGCAGCAGCAGCAGCAGCAGCAGCAGCAGCAGCAGCAGCAGCAGCA
GCAGCAGCA",16.5,11.0130419336765,0.009900990099009901,high,Unit=GCA;Copies=23,,0.8571428571428571,0.7,0.5,0.5,37.26428571428571,GCA,23.0,STR_PerfectBlock_v1,0.667,,,,,,,,,,,,,,,,,,,,,,,,,,,,,,,,,,,,,,,
AR,Slipped DNA,Slipped DNA [STR],1893,1944,52,GGCGGCGGCGGCGGCGGCGGCGGCGGCGGCGGCGGCGGCGGCGGCGGCGGCG,16.5,5.193193639902728,0.009900990099009901,high,Unit=GGC;Copies=17,,0.9807692307692307,0.7,0.5,0.5,40.97307692307692,GGC,17.0,STR_PerfectBlock_v1,1.0,,,,,,,,,,,,,,,,,,,,,,,,,,,,,,,,,,,,,,,
AR,Slipped DNA,Slipped DNA [STR],8208,8248,41,ATATATATATATATATATATATATATATATATATATATATA,16.0,6.731314565042312,0.009900990099009901,high,Unit=AT;Copies=20,,0.975609756097561,0.7,0.5,0.5,40.46829268292683,AT,20.0,STR_PerfectBlock_v1,0.0,,,,,,,,,,,,,,,,,,,,,,,,,,,,,,,,,,,,,,,
AR,Slipped DNA,Slipped DNA [STR],779,797,19,GCAGCAGCAGCAGCAGCAG,11.5,4.514571202006752,0.009900990099009901,high,Unit=GCA;Copies=6,,0.9473684210526315,0.7,0.5,0.5,36.47105263157894,GCA,6.0,STR_PerfectBlock_v1,0.667,,,,,,,,,,,,,,,,,,,,,,,,,,,,,,,,,,,,,,,
AR,Slipped DNA,Slipped DNA [STR],3976,4000,25,AAATAAATAAATAAATAAATAAATA,11.0,2.4860036886515364,0.009900990099009901,medium,Unit=AAAT;Copies=6,,0.96,0.7,0.5,0.5,36.5,AAAT,6.0,STR_PerfectBlock_v1,0.0,,,,,,,,,,,,,,,,,,,,,,,,,,,,,,,,,,,,,,,
AR,Cruciform DNA,Cruciform DNA [IR]/HairPin [IR],8208,8247,40,ATATATATATATATATATATATATATATATATATATATAT,5.0,7.164682124220698,0.009900990099009901,high,Arms=20,0,1.0,0.7,0.5,0.5,33.5,,,IR_PerfectPalindrome_v1,,20.0,1.0,,,,,,,,,,,,,,,,,,,,,,,,,,,,,,,,,,,,,
AR,R-loop,R-loop,476,2493,2018,"GGGGAGGCGGGGTAAGGGAAGTAGGTGGAAGATTCAGCCAAGCTCAAGGATGGAAGTGCA
GTTAGGGCTGGGAAGGGTCTACCCTCGGCCGCCGTCCAAGACCTACCGAGGAGCTTTCCA
GAATCTGTTCCAGAGCGTGCGCGAAGTGATCCAGAACCCGGGCCCCAGGCACCCAGAGGC
CGCGAGCGCAGCACCTCCCGGCGCCAGTTTGCTGCTGCTGCAGCAGCAGCAGCAGCAGCA
GCAGCAGCAGCAGCAGCAGCAGCAGCAGCAGCAGCAGCAGCAGCAGCAAGAGACTAGCCC
CAGGCAGCAGCAGCAGCAGCAGGGTGAGGATGGTTCTCCCCAAGCCCATCGTAGAGGCCC
CACAGGCTACCTGGTCCTGGATGAGGAACAGCAACCTTCACAGCCGCAGTCGGCCCTGGA
GTGCCACCCCGAGAGAGGTTGCGTCCCAGAGCCTGGAGCCGCCGTGGCCGCCAGCAAGGG
GCTGCCGCAGCAGCTGCCAGCACCTCCGGACGAGGATGACTCAGCTGCCCCATCCACGTT
GTCCCTGCTGGGCCCCACTTTCCCCGGCTTAAGCAGCTGCTCCGCTGACCTTAAAGACAT
CCTGAGCGAGGCCAGCACCATGCAACTCCTTCAGCAACAGCAGCAGGAAGCAGTATCCGA
AGGCAGCAGCAGCGGGAGAGCGAGGGAGGCCTCGGGGGCTCCCACTTCCTCCAAGGACAA
TTACTTAGGGGGCACTTCGACCATTTCTGACAACGCCAAGGAGTTGTGTAAGGCAGTGTC
GGTGTCCATGGGCCTGGGTGTGGAGGCGTTGGAGCATCTGAGTCCAGGGGAACAGCTTCG
GGGGGATTGCATGTACGCCCCACTTTTGGGAGTTCCACCCGCTGTGCGTCCCACTCCTTG
TGCCCCATTGGCCGAATGCAAAGGTTCTCTGCTAGACGACAGCGCAGGCAAGAGCACTGA
AGATACTGCTGAGTATTCCCCTTTCAAGGGAGGTTACACCAAAGGGCTAGAAGGCGAGAG
CCTAGGCTGCTCTGGCAGCGCTGCAGCAGGGAGCTCCGGGACACTTGAACTGCCGTCTAC
CCTGTCTCTCTACAAGTCCGGAGCACTGGACGAGGCAGCTGCGTACCAGAGTCGCGACTA
CTACAACTTTCCACTGGCTCTGGCCGGACCGCCGCCCCCTCCGCCGCCTCCCCATCCCCA
CGCTCGCATCAAGCTGGAGAACCCGCTGGACTACGGCAGCGCCTGGGCGGCTGCGGCGGC
GCAGTGCCGCTATGGGGACCTGGCGAGCCTGCATGGCGCGGGTGCAGCGGGACCCGGTTC
TGGGTCACCCTCAGCCGCCGCTTCCTCATCCTGGCACACTCTCTTCACAGCCGAAGAAGG
CCAGTTGTATGGACCGTGTGGTGGTGGTGGGGGTGGTGGCGGCGGCGGCGGCGGCGGCGG
CGGCGGCGGCGGCGGCGGCGGCGGCGGCGAGGCGGGAGCTGTAGCCCCCTACGGCTACAC
TCGGCCCCCTCAGGGGCTGGCGGGCCAGGAAAGCGACTTCACCGCACCTGATGTGTGGTA
CCCTGGCGGCATGGTGAGCAGAGTGCCCTATCCCAGTCCCACTTGTGTCAAAAGCGAAAT
GGGCCCCTGGATGGATAGCTACTCCGGACCTTACGGGGACATGCGTAGGTGCTGCGAGCA
GAGAGGGATTCCTCGGAGGTCATCTGTTCCATCTTCTTGCCTATGCAAATGCCTGCCTGA
AGCTGCTGGAGGCTGGCTTTGTACCGGACTTTGTACAGGGAACCAGGGAAACGAATGCAG
AGTGCTCCTGACATTGCCTGTCACTTTTTCCCATGATACTCTGGCTTCACAGTTTGGAGA
CTGCCAGGGACCATGTTTTGCCCATTGACTATTACTTTCCACCCCAGAAGACCTGCCTGA
TCTGTGGAGATGAAGCTTCTGGGTGTCACTATGGAGCTCTCACATGTGGAAGCTGCAAGG
TCTTCTTCAAAAGAGCCGCTGAAGGGAAACAGAAGTAC",1518.9348797280647,4.037287187093005,0.009900990099009901,high,RIZ=18;REZ=2000,,0.536115197911426,0.7216691187468556,0.15699658703071673,0.5,1079.337871746988,,,RLFS_UnifiedFramework_raw,,,,18.0,2000.0,62.050000000000004,,,,,,,,,,,,,,,,,,,,,,,,,,,,,,,,,,
AR,R-loop,R-loop,540,2552,2013,"GGGCTGGGAAGGGTCTACCCTCGGCCGCCGTCCAAGACCTACCGAGGAGCTTTCCAGAAT
CTGTTCCAGAGCGTGCGCGAAGTGATCCAGAACCCGGGCCCCAGGCACCCAGAGGCCGCG
AGCGCAGCACCTCCCGGCGCCAGTTTGCTGCTGCTGCAGCAGCAGCAGCAGCAGCAGCAG
CAGCAGCAGCAGCAGCAGCAGCAGCAGCAGCAGCAGCAGCAGCAAGAGACTAGCCCCAGG
CAGCAGCAGCAGCAGCAGGGTGAGGATGGTTCTCCCCAAGCCCATCGTAGAGGCCCCACA
GGCTACCTGGTCCTGGATGAGGAACAGCAACCTTCACAGCCGCAGTCGGCCCTGGAGTGC
CACCCCGAGAGAGGTTGCGTCCCAGAGCCTGGAGCCGCCGTGGCCGCCAGCAAGGGGCTG
CCGCAGCAGCTGCCAGCACCTCCGGACGAGGATGACTCAGCTGCCCCATCCACGTTGTCC
CTGCTGGGCCCCACTTTCCCCGGCTTAAGCAGCTGCTCCGCTGACCTTAAAGACATCCTG
AGCGAGGCCAGCACCATGCAACTCCTTCAGCAACAGCAGCAGGAAGCAGTATCCGAAGGC
AGCAGCAGCGGGAGAGCGAGGGAGGCCTCGGGGGCTCCCACTTCCTCCAAGGACAATTAC
TTAGGGGGCACTTCGACCATTTCTGACAACGCCAAGGAGTTGTGTAAGGCAGTGTCGGTG
TCCATGGGCCTGGGTGTGGAGGCGTTGGAGCATCTGAGTCCAGGGGAACAGCTTCGGGGG
GATTGCATGTACGCCCCACTTTTGGGAGTTCCACCCGCTGTGCGTCCCACTCCTTGTGCC
CCATTGGCCGAATGCAAAGGTTCTCTGCTAGACGACAGCGCAGGCAAGAGCACTGAAGAT
ACTGCTGAGTATTCCCCTTTCAAGGGAGGTTACACCAAAGGGCTAGAAGGCGAGAGCCTA
GGCTGCTCTGGCAGCGCTGCAGCAGGGAGCTCCGGGACACTTGAACTGCCGTCTACCCTG
TCTCTCTACAAGTCCGGAGCACTGGACGAGGCAGCTGCGTACCAGAGTCGCGACTACTAC
AACTTTCCACTGGCTCTGGCCGGACCGCCGCCCCCTCCGCCGCCTCCCCATCCCCACGCT
CGCATCAAGCTGGAGAACCCGCTGGACTACGGCAGCGCCTGGGCGGCTGCGGCGGCGCAG
TGCCGCTATGGGGACCTGGCGAGCCTGCATGGCGCGGGTGCAGCGGGACCCGGTTCTGGG
TCACCCTCAGCCGCCGCTTCCTCATCCTGGCACACTCTCTTCACAGCCGAAGAAGGCCAG
TTGTATGGACCGTGTGGTGGTGGTGGGGGTGGTGGCGGCGGCGGCGGCGGCGGCGGCGGC
GGCGGCGGCGGCGGCGGCGGCGGCGAGGCGGGAGCTGTAGCCCCCTACGGCTACACTCGG
CCCCCTCAGGGGCTGGCGGGCCAGGAAAGCGACTTCACCGCACCTGATGTGTGGTACCCT
GGCGGCATGGTGAGCAGAGTGCCCTATCCCAGTCCCACTTGTGTCAAAAGCGAAATGGGC
CCCTGGATGGATAGCTACTCCGGACCTTACGGGGACATGCGTAGGTGCTGCGAGCAGAGA
GGGATTCCTCGGAGGTCATCTGTTCCATCTTCTTGCCTATGCAAATGCCTGCCTGAAGCT
GCTGGAGGCTGGCTTTGTACCGGACTTTGTACAGGGAACCAGGGAAACGAATGCAGAGTG
CTCCTGACATTGCCTGTCACTTTTTCCCATGATACTCTGGCTTCACAGTTTGGAGACTGC
CAGGGACCATGTTTTGCCCATTGACTATTACTTTCCACCCCAGAAGACCTGCCTGATCTG
TGGAGATGAAGCTTCTGGGTGTCACTATGGAGCTCTCACATGTGGAAGCTGCAAGGTCTT
CTTCAAAAGAGCCGCTGAAGGGAAACAGAAGTACCTGTGCGCCAGCAGAAATGATTGCAC
TATTGATAAATTCCGAAGGAAAAATTGTCCATC",1301.0443222391004,4.123482459023897,0.009900990099009901,high,RIZ=13;REZ=2000,,0.4966346694829218,0.6979808016897531,0.15347018572825025,0.5,925.6300656518579,,,RLFS_UnifiedFramework_raw,,,,13.0,2000.0,61.7,,,,,,,,,,,,,,,,,,,,,,,,,,,,,,,,,,
AR,R-loop,R-loop,1149,3173,2025,"GGGAGAGCGAGGGAGGCCTCGGGGGCTCCCACTTCCTCCAAGGACAATTACTTAGGGGGC
ACTTCGACCATTTCTGACAACGCCAAGGAGTTGTGTAAGGCAGTGTCGGTGTCCATGGGC
CTGGGTGTGGAGGCGTTGGAGCATCTGAGTCCAGGGGAACAGCTTCGGGGGGATTGCATG
TACGCCCCACTTTTGGGAGTTCCACCCGCTGTGCGTCCCACTCCTTGTGCCCCATTGGCC
GAATGCAAAGGTTCTCTGCTAGACGACAGCGCAGGCAAGAGCACTGAAGATACTGCTGAG
TATTCCCCTTTCAAGGGAGGTTACACCAAAGGGCTAGAAGGCGAGAGCCTAGGCTGCTCT
GGCAGCGCTGCAGCAGGGAGCTCCGGGACACTTGAACTGCCGTCTACCCTGTCTCTCTAC
AAGTCCGGAGCACTGGACGAGGCAGCTGCGTACCAGAGTCGCGACTACTACAACTTTCCA
CTGGCTCTGGCCGGACCGCCGCCCCCTCCGCCGCCTCCCCATCCCCACGCTCGCATCAAG
CTGGAGAACCCGCTGGACTACGGCAGCGCCTGGGCGGCTGCGGCGGCGCAGTGCCGCTAT
GGGGACCTGGCGAGCCTGCATGGCGCGGGTGCAGCGGGACCCGGTTCTGGGTCACCCTCA
GCCGCCGCTTCCTCATCCTGGCACACTCTCTTCACAGCCGAAGAAGGCCAGTTGTATGGA
CCGTGTGGTGGTGGTGGGGGTGGTGGCGGCGGCGGCGGCGGCGGCGGCGGCGGCGGCGGC
GGCGGCGGCGGCGGCGAGGCGGGAGCTGTAGCCCCCTACGGCTACACTCGGCCCCCTCAG
GGGCTGGCGGGCCAGGAAAGCGACTTCACCGCACCTGATGTGTGGTACCCTGGCGGCATG
GTGAGCAGAGTGCCCTATCCCAGTCCCACTTGTGTCAAAAGCGAAATGGGCCCCTGGATG
GATAGCTACTCCGGACCTTACGGGGACATGCGTAGGTGCTGCGAGCAGAGAGGGATTCCT
CGGAGGTCATCTGTTCCATCTTCTTGCCTATGCAAATGCCTGCCTGAAGCTGCTGGAGGC
TGGCTTTGTACCGGACTTTGTACAGGGAACCAGGGAAACGAATGCAGAGTGCTCCTGACA
TTGCCTGTCACTTTTTCCCATGATACTCTGGCTTCACAGTTTGGAGACTGCCAGGGACCA
TGTTTTGCCCATTGACTATTACTTTCCACCCCAGAAGACCTGCCTGATCTGTGGAGATGA
AGCTTCTGGGTGTCACTATGGAGCTCTCACATGTGGAAGCTGCAAGGTCTTCTTCAAAAG
AGCCGCTGAAGGGAAACAGAAGTACCTGTGCGCCAGCAGAAATGATTGCACTATTGATAA
ATTCCGAAGGAAAAATTGTCCATCTTGTCGTCTTCGGAAATGTTATGAAGCAGGGATGAC
TCTGGGAGCCCGGAAGCTGAAGAAACTTGGTAATCTGAAACTACAGGAGGAAGGAGAGGC
TTCCAGCACCACCAGCCCCACTGAGGAGACAACCCAGAAGCTGACAGTGTCACACATTGA
AGGCTATGAATGTCAGCCCATCTTTCTGAATGTCCTGGAAGCCATTGAGCCAGGTGTAGT
GTGTGCTGGACACGACAACAACCAGCCCGACTCCTTTGCAGCCTTGCTCTCTAGCCTCAA
TGAACTGGGAGAGAGACAGCTTGTACACGTGGTCAAGTGGGCCAAGGCCTTGCCTGGCTT
CCGCAACTTACACGTGGACGACCAGATGGCTGTCATTCAGTACTCCTGGATGGGGCTCAT
GGTGTTTGCCATGGGCTGGCGATCCTTCACCAATGTCAACTCCAGGATGCTCTACTTCGC
CCCTGATCTGGTTTTCAATGAGTACCGCATGCACAAGTCCCGGATGTACAGCCAGTGTGT
CCGAATGAGGCACCTCTCTCAAGAGTTTGGATGGCTCCAAATCACCCCCCAGGAATTCCT
GTGCATGAAAGCACTGCTACTCTTCAGCATTATTCCAGTGGATGG",1456.7931450937663,4.45976866549855,0.009900990099009901,high,RIZ=25;REZ=2000,,0.49073144565687077,0.6944388673941224,0.14723032069970846,0.5,1034.4771449353425,,,RLFS_UnifiedFramework_raw,,,,25.0,2000.0,57.699999999999996,,,,,,,,,,,,,,,,,,,,,,,,,,,,,,,,,,
AR,R-loop,R-loop,1775,3799,2025,"GGGTGCAGCGGGACCCGGTTCTGGGTCACCCTCAGCCGCCGCTTCCTCATCCTGGCACAC
TCTCTTCACAGCCGAAGAAGGCCAGTTGTATGGACCGTGTGGTGGTGGTGGGGGTGGTGG
CGGCGGCGGCGGCGGCGGCGGCGGCGGCGGCGGCGGCGGCGGCGGCGGCGAGGCGGGAGC
TGTAGCCCCCTACGGCTACACTCGGCCCCCTCAGGGGCTGGCGGGCCAGGAAAGCGACTT
CACCGCACCTGATGTGTGGTACCCTGGCGGCATGGTGAGCAGAGTGCCCTATCCCAGTCC
CACTTGTGTCAAAAGCGAAATGGGCCCCTGGATGGATAGCTACTCCGGACCTTACGGGGA
CATGCGTAGGTGCTGCGAGCAGAGAGGGATTCCTCGGAGGTCATCTGTTCCATCTTCTTG
CCTATGCAAATGCCTGCCTGAAGCTGCTGGAGGCTGGCTTTGTACCGGACTTTGTACAGG
GAACCAGGGAAACGAATGCAGAGTGCTCCTGACATTGCCTGTCACTTTTTCCCATGATAC
TCTGGCTTCACAGTTTGGAGACTGCCAGGGACCATGTTTTGCCCATTGACTATTACTTTC
CACCCCAGAAGACCTGCCTGATCTGTGGAGATGAAGCTTCTGGGTGTCACTATGGAGCTC
TCACATGTGGAAGCTGCAAGGTCTTCTTCAAAAGAGCCGCTGAAGGGAAACAGAAGTACC
TGTGCGCCAGCAGAAATGATTGCACTATTGATAAATTCCGAAGGAAAAATTGTCCATCTT
GTCGTCTTCGGAAATGTTATGAAGCAGGGATGACTCTGGGAGCCCGGAAGCTGAAGAAAC
TTGGTAATCTGAAACTACAGGAGGAAGGAGAGGCTTCCAGCACCACCAGCCCCACTGAGG
AGACAACCCAGAAGCTGACAGTGTCACACATTGAAGGCTATGAATGTCAGCCCATCTTTC
TGAATGTCCTGGAAGCCATTGAGCCAGGTGTAGTGTGTGCTGGACACGACAACAACCAGC
CCGACTCCTTTGCAGCCTTGCTCTCTAGCCTCAATGAACTGGGAGAGAGACAGCTTGTAC
ACGTGGTCAAGTGGGCCAAGGCCTTGCCTGGCTTCCGCAACTTACACGTGGACGACCAGA
TGGCTGTCATTCAGTACTCCTGGATGGGGCTCATGGTGTTTGCCATGGGCTGGCGATCCT
TCACCAATGTCAACTCCAGGATGCTCTACTTCGCCCCTGATCTGGTTTTCAATGAGTACC
GCATGCACAAGTCCCGGATGTACAGCCAGTGTGTCCGAATGAGGCACCTCTCTCAAGAGT
TTGGATGGCTCCAAATCACCCCCCAGGAATTCCTGTGCATGAAAGCACTGCTACTCTTCA
GCATTATTCCAGTGGATGGGCTGAAAAATCAAAAATTCTTTGATGAACTTCGAATGAACT
ACATCAAGGAACTCGATCGTATCATTGCATGCAAAAGAAAAAATCCCACATCCTGCTCAA
GACGCTTCTACCAGCTCACCAAGCTCCTGGACTCCGTGCAGCCTATTGCGAGAGAGCTGC
ATCAGTTCACTTTTGACCTGCTAATCAAGTCACACATGGTGAGCGTGGACTTTCCGGAAA
TGATGGCAGAGATCATCTCTGTGCAAGTGCCCAAGATCCTTTCTGGGAAAGTCAAGCCCA
TCTATTTCCACACCCAGTGAAGCATTGGAAACCCTATTTCCCCACCCCAGCTCATGCCCC
CTTTCAGATGTCTTCTGCCTGTTATAACTCTGCACTACTCCTCTGCAGTGCCTTGGGGAA
TTTCCTCTATTGATGTACAGTCTGTCATGAACATGTTCCTGAATTCTATTTGCTGGGCTT
TTTTTTTCTCTTTCTCTCCTTTCTTTTTCTTCTTCCCTCCCTATCTAACCCTCCCATGGC
ACCTTCAGACTTTGCTTCCCATTGTGGCTCCTATCTGTGTTTTGAATGGTGTTGTATGCC
TTTAAATCTGTGATGATCCTCATATGGCCCAGTGTCAAGTTGTGC",789.4343631176906,5.2205644176447965,0.009900990099009901,high,RIZ=25;REZ=2000,,0.3410689990281828,0.6046413994169096,0.12633624878522837,0.5,562.8361241532289,,,RLFS_UnifiedFramework_raw,,,,25.0,2000.0,52.400000000000006,,,,,,,,,,,,,,,,,,,,,,,,,,,,,,,,,,
AR,R-loop,R-loop,7421,8787,267,"GGGCACTGGGCCAAGGGACTGACTGAGATTTACCACAGGGAAGGCCCAAACTTGGGGCCA
AAAGCCTACCCAAGTGATTGACCAGTGGCCCCCTAATGGGACCTGAGCTGTTGGAAGAAG
AGAACTGTTCCTTGGTCTTCACCATCCTTGTGAGAGAAGGGCAGTTTCCTGCATTGGAAC
CTGGAGCAAGCGCTCTATCTTTCACACAAATTCCCTCACCTGAGATTGAGGTGCTCTTGT
TACTGGGTGTCTGTGTGCTGTAATTCT",232.13372090480107,7.335728379945865,0.009900990099009901,high,RIZ=17;REZ=250,,0.2109374832878764,0.5265624899727259,0.13468634686346864,0.5,168.82172913199705,,,RLFS_UnifiedFramework_raw,,,,17.0,250.0,50.0,,,,,,,,,,,,,,,,,,,,,,,,,,,,,,,,,,
AR,R-loop,R-loop,7714,8775,262,"GGGCAGGGGGGGAAACTCAATGGAACTGACTGAGATTTACCACAGGGAAGGCCCAAACTT
GGGGCCAAAAGCCTACCCAAGTGATTGACCAGTGGCCCCCTAATGGGACCTGAGCTGTTG
GAAGAAGAGAACTGTTCCTTGGTCTTCACCATCCTTGTGAGAGAAGGGCAGTTTCCTGCA
TTGGAACCTGGAGCAAGCGCTCTATCTTTCACACAAATTCCCTCACCTGAGATTGAGGTG
CTCTTGTTACTGGGTGTCTGTG",226.6666216616099,6.906886507978458,0.009900990099009901,high,RIZ=12;REZ=250,,0.21657231313578063,0.5299433878814683,0.13909774436090225,0.5,165.16380455720034,,,RLFS_UnifiedFramework_raw,,,,12.0,250.0,50.0,,,,,,,,,,,,,,,,,,,,,,,,,,,,,,,,,,
AR,R-loop,R-loop,7861,8779,269,"GGGAAAATGGGATTATGGGTCAATGGAACTGACTGAGATTTACCACAGGGAAGGCCCAAA
CTTGGGGCCAAAAGCCTACCCAAGTGATTGACCAGTGGCCCCCTAATGGGACCTGAGCTG
TTGGAAGAAGAGAACTGTTCCTTGGTCTTCACCATCCTTGTGAGAGAAGGGCAGTTTCCT
GCATTGGAACCTGGAGCAAGCGCTCTATCTTTCACACAAATTCCCTCACCTGAGATTGAG
GTGCTCTTGTTACTGGGTGTCTGTGTGCT",239.43091207064825,7.600779025184412,0.009900990099009901,high,RIZ=19;REZ=250,,0.22694342694342692,0.5361660561660562,0.13553113553113552,0.5,174.40994125775657,,,RLFS_UnifiedFramework_raw,,,,19.0,250.0,50.4,,,,,,,,,,,,,,,,,,,,,,,,,,,,,,,,,,
AR,R-loop,R-loop,476,2487,2012,"GGGGAGGCGGGGTAAGGGAAGTAGGTGGAAGATTCAGCCAAGCTCAAGGATGGAAGTGCA
GTTAGGGCTGGGAAGGGTCTACCCTCGGCCGCCGTCCAAGACCTACCGAGGAGCTTTCCA
GAATCTGTTCCAGAGCGTGCGCGAAGTGATCCAGAACCCGGGCCCCAGGCACCCAGAGGC
CGCGAGCGCAGCACCTCCCGGCGCCAGTTTGCTGCTGCTGCAGCAGCAGCAGCAGCAGCA
GCAGCAGCAGCAGCAGCAGCAGCAGCAGCAGCAGCAGCAGCAGCAGCAAGAGACTAGCCC
CAGGCAGCAGCAGCAGCAGCAGGGTGAGGATGGTTCTCCCCAAGCCCATCGTAGAGGCCC
CACAGGCTACCTGGTCCTGGATGAGGAACAGCAACCTTCACAGCCGCAGTCGGCCCTGGA
GTGCCACCCCGAGAGAGGTTGCGTCCCAGAGCCTGGAGCCGCCGTGGCCGCCAGCAAGGG
GCTGCCGCAGCAGCTGCCAGCACCTCCGGACGAGGATGACTCAGCTGCCCCATCCACGTT
GTCCCTGCTGGGCCCCACTTTCCCCGGCTTAAGCAGCTGCTCCGCTGACCTTAAAGACAT
CCTGAGCGAGGCCAGCACCATGCAACTCCTTCAGCAACAGCAGCAGGAAGCAGTATCCGA
AGGCAGCAGCAGCGGGAGAGCGAGGGAGGCCTCGGGGGCTCCCACTTCCTCCAAGGACAA
TTACTTAGGGGGCACTTCGACCATTTCTGACAACGCCAAGGAGTTGTGTAAGGCAGTGTC
GGTGTCCATGGGCCTGGGTGTGGAGGCGTTGGAGCATCTGAGTCCAGGGGAACAGCTTCG
GGGGGATTGCATGTACGCCCCACTTTTGGGAGTTCCACCCGCTGTGCGTCCCACTCCTTG
TGCCCCATTGGCCGAATGCAAAGGTTCTCTGCTAGACGACAGCGCAGGCAAGAGCACTGA
AGATACTGCTGAGTATTCCCCTTTCAAGGGAGGTTACACCAAAGGGCTAGAAGGCGAGAG
CCTAGGCTGCTCTGGCAGCGCTGCAGCAGGGAGCTCCGGGACACTTGAACTGCCGTCTAC
CCTGTCTCTCTACAAGTCCGGAGCACTGGACGAGGCAGCTGCGTACCAGAGTCGCGACTA
CTACAACTTTCCACTGGCTCTGGCCGGACCGCCGCCCCCTCCGCCGCCTCCCCATCCCCA
CGCTCGCATCAAGCTGGAGAACCCGCTGGACTACGGCAGCGCCTGGGCGGCTGCGGCGGC
GCAGTGCCGCTATGGGGACCTGGCGAGCCTGCATGGCGCGGGTGCAGCGGGACCCGGTTC
TGGGTCACCCTCAGCCGCCGCTTCCTCATCCTGGCACACTCTCTTCACAGCCGAAGAAGG
CCAGTTGTATGGACCGTGTGGTGGTGGTGGGGGTGGTGGCGGCGGCGGCGGCGGCGGCGG
CGGCGGCGGCGGCGGCGGCGGCGGCGGCGAGGCGGGAGCTGTAGCCCCCTACGGCTACAC
TCGGCCCCCTCAGGGGCTGGCGGGCCAGGAAAGCGACTTCACCGCACCTGATGTGTGGTA
CCCTGGCGGCATGGTGAGCAGAGTGCCCTATCCCAGTCCCACTTGTGTCAAAAGCGAAAT
GGGCCCCTGGATGGATAGCTACTCCGGACCTTACGGGGACATGCGTAGGTGCTGCGAGCA
GAGAGGGATTCCTCGGAGGTCATCTGTTCCATCTTCTTGCCTATGCAAATGCCTGCCTGA
AGCTGCTGGAGGCTGGCTTTGTACCGGACTTTGTACAGGGAACCAGGGAAACGAATGCAG
AGTGCTCCTGACATTGCCTGTCACTTTTTCCCATGATACTCTGGCTTCACAGTTTGGAGA
CTGCCAGGGACCATGTTTTGCCCATTGACTATTACTTTCCACCCCAGAAGACCTGCCTGA
TCTGTGGAGATGAAGCTTCTGGGTGTCACTATGGAGCTCTCACATGTGGAAGCTGCAAGG
TCTTCTTCAAAAGAGCCGCTGAAGGGAAACAG",1518.0215574280019,4.12779947684264,0.009900990099009901,high,RIZ=12;REZ=2000,,0.5363048878291123,0.7217829326974674,0.15721271393643033,0.5,1078.7042368344746,,,RLFS_UnifiedFramework_raw,,,,12.0,2000.0,62.1,,,,,,,,,,,,,,,,,,,,,,,,,,,,,,,,,,
AR,R-loop,R-loop,1302,3320,2019,"GGGGAACAGCTTCGGGGGGATTGCATGTACGCCCCACTTTTGGGAGTTCCACCCGCTGTG
CGTCCCACTCCTTGTGCCCCATTGGCCGAATGCAAAGGTTCTCTGCTAGACGACAGCGCA
GGCAAGAGCACTGAAGATACTGCTGAGTATTCCCCTTTCAAGGGAGGTTACACCAAAGGG
CTAGAAGGCGAGAGCCTAGGCTGCTCTGGCAGCGCTGCAGCAGGGAGCTCCGGGACACTT
GAACTGCCGTCTACCCTGTCTCTCTACAAGTCCGGAGCACTGGACGAGGCAGCTGCGTAC
CAGAGTCGCGACTACTACAACTTTCCACTGGCTCTGGCCGGACCGCCGCCCCCTCCGCCG
CCTCCCCATCCCCACGCTCGCATCAAGCTGGAGAACCCGCTGGACTACGGCAGCGCCTGG
GCGGCTGCGGCGGCGCAGTGCCGCTATGGGGACCTGGCGAGCCTGCATGGCGCGGGTGCA
GCGGGACCCGGTTCTGGGTCACCCTCAGCCGCCGCTTCCTCATCCTGGCACACTCTCTTC
ACAGCCGAAGAAGGCCAGTTGTATGGACCGTGTGGTGGTGGTGGGGGTGGTGGCGGCGGC
GGCGGCGGCGGCGGCGGCGGCGGCGGCGGCGGCGGCGGCGGCGAGGCGGGAGCTGTAGCC
CCCTACGGCTACACTCGGCCCCCTCAGGGGCTGGCGGGCCAGGAAAGCGACTTCACCGCA
CCTGATGTGTGGTACCCTGGCGGCATGGTGAGCAGAGTGCCCTATCCCAGTCCCACTTGT
GTCAAAAGCGAAATGGGCCCCTGGATGGATAGCTACTCCGGACCTTACGGGGACATGCGT
AGGTGCTGCGAGCAGAGAGGGATTCCTCGGAGGTCATCTGTTCCATCTTCTTGCCTATGC
AAATGCCTGCCTGAAGCTGCTGGAGGCTGGCTTTGTACCGGACTTTGTACAGGGAACCAG
GGAAACGAATGCAGAGTGCTCCTGACATTGCCTGTCACTTTTTCCCATGATACTCTGGCT
TCACAGTTTGGAGACTGCCAGGGACCATGTTTTGCCCATTGACTATTACTTTCCACCCCA
GAAGACCTGCCTGATCTGTGGAGATGAAGCTTCTGGGTGTCACTATGGAGCTCTCACATG
TGGAAGCTGCAAGGTCTTCTTCAAAAGAGCCGCTGAAGGGAAACAGAAGTACCTGTGCGC
CAGCAGAAATGATTGCACTATTGATAAATTCCGAAGGAAAAATTGTCCATCTTGTCGTCT
TCGGAAATGTTATGAAGCAGGGATGACTCTGGGAGCCCGGAAGCTGAAGAAACTTGGTAA
TCTGAAACTACAGGAGGAAGGAGAGGCTTCCAGCACCACCAGCCCCACTGAGGAGACAAC
CCAGAAGCTGACAGTGTCACACATTGAAGGCTATGAATGTCAGCCCATCTTTCTGAATGT
CCTGGAAGCCATTGAGCCAGGTGTAGTGTGTGCTGGACACGACAACAACCAGCCCGACTC
CTTTGCAGCCTTGCTCTCTAGCCTCAATGAACTGGGAGAGAGACAGCTTGTACACGTGGT
CAAGTGGGCCAAGGCCTTGCCTGGCTTCCGCAACTTACACGTGGACGACCAGATGGCTGT
CATTCAGTACTCCTGGATGGGGCTCATGGTGTTTGCCATGGGCTGGCGATCCTTCACCAA
TGTCAACTCCAGGATGCTCTACTTCGCCCCTGATCTGGTTTTCAATGAGTACCGCATGCA
CAAGTCCCGGATGTACAGCCAGTGTGTCCGAATGAGGCACCTCTCTCAAGAGTTTGGATG
GCTCCAAATCACCCCCCAGGAATTCCTGTGCATGAAAGCACTGCTACTCTTCAGCATTAT
TCCAGTGGATGGGCTGAAAAATCAAAAATTCTTTGATGAACTTCGAATGAACTACATCAA
GGAACTCGATCGTATCATTGCATGCAAAAGAAAAAATCCCACATCCTGCTCAAGACGCTT
CTACCAGCTCACCAAGCTCCTGGACTCCGTGCAGCCTAT",1127.8854551039537,4.582334692160103,0.009900990099009901,high,RIZ=19;REZ=2000,,0.40258891848585987,0.6415533510915159,0.1398635477582846,0.5,801.5974861273434,,,RLFS_UnifiedFramework_raw,,,,19.0,2000.0,56.599999999999994,,,,,,,,,,,,,,,,,,,,,,,,,,,,,,,,,,
AR,Z-DNA,Z-DNA,1,1944,1944,GCGGAGAGAACCCTCTGTTTTCCCCCACTCTCTCTCCACCTCCTCCTGCCTTCCCCACCCCGAGTGCGGAGCCAGAGATCAAAAGATGAAAAGGCAGTCAGGTCTTCAGTAGCCAAAAAACAAAACAAACAAAAACAAAAAAGCCGAAATAAAAGAAAAAGATAATAACTCAGTTCTTATTTGCACCTACTTCAGTGGACACTGAATTTGGAAGGTGGAGGATTTTGTTTTTTTCTTTTAAGATCTGGGCATCTTTTGAATCTACCCTTCAAGTATTAAGAGACAGACTGTGAGCCTAGCAGGGCAGATCTTGTCCACCGTGTGTCTTCTTCTGCACGAGACTTTGAGGCTGTCAGAGCGCTTTTTGCGTGGTTGCTCCCGCAAGTTTCCTTCTCTGGAGCTTCCCGCAGGTGGGCAGCTAGCTGCAGCGACTACCGCATCATCACAGCCTGTTGAACTCTTCTGAGCAAGAGAAGGGGAGGCGGGGTAAGGGAAGTAGGTGGAAGATTCAGCCAAGCTCAAGGATGGAAGTGCAGTTAGGGCTGGGAAGGGTCTACCCTCGGCCGCCGTCCAAGACCTACCGAGGAGCTTTCCAGAATCTGTTCCAGAGCGTGCGCGAAGTGATCCAGAACCCGGGCCCCAGGCACCCAGAGGCCGCGAGCGCAGCACCTCCCGGCGCCAGTTTGCTGCTGCTGCAGCAGCAGCAGCAGCAGCAGCAGCAGCAGCAGCAGCAGCAGCAGCAGCAGCAGCAGCAGCAGCAGCAAGAGACTAGCCCCAGGCAGCAGCAGCAGCAGCAGGGTGAGGATGGTTCTCCCCAAGCCCATCGTAGAGGCCCCACAGGCTACCTGGTCCTGGATGAGGAACAGCAACCTTCACAGCCGCAGTCGGCCCTGGAGTGCCACCCCGAGAGAGGTTGCGTCCCAGAGCCTGGAGCCGCCGTGGCCGCCAGCAAGGGGCTGCCGCAGCAGCTGCCAGCACCTCCGGACGAGGATGACTCAGCTGCCCCATCCACGTTGTCCCTGCTGGGCCCCACTTTCCCCGGCTTAAGCAGCTGCTCCGCTGACCTTAAAGACATCCTGAGCGAGGCCAGCACCATGCAACTCCTTCAGCAACAGCAGCAGGAAGCAGTATCCGAAGGCAGCAGCAGCGGGAGAGCGAGGGAGGCCTCGGGGGCTCCCACTTCCTCCAAGGACAATTACTTAGGGGGCACTTCGACCATTTCTGACAACGCCAAGGAGTTGTGTAAGGCAGTGTCGGTGTCCATGGGCCTGGGTGTGGAGGCGTTGGAGCATCTGAGTCCAGGGGAACAGCTTCGGGGGGATTGCATGTACGCCCCACTTTTGGGAGTTCCACCCGCTGTGCGTCCCACTCCTTGTGCCCCATTGGCCGAATGCAAAGGTTCTCTGCTAGACGACAGCGCAGGCAAGAGCACTGAAGATACTGCTGAGTATTCCCCTTTCAAGGGAGGTTACACCAAAGGGCTAGAAGGCGAGAGCCTAGGCTGCTCTGGCAGCGCTGCAGCAGGGAGCTCCGGGACACTTGAACTGCCGTCTACCCTGTCTCTCTACAAGTCCGGAGCACTGGACGAGGCAGCTGCGTACCAGAGTCGCGACTACTACAACTTTCCACTGGCTCTGGCCGGACCGCCGCCCCCTCCGCCGCCTCCCCATCCCCACGCTCGCATCAAGCTGGAGAACCCGCTGGACTACGGCAGCGCCTGGGCGGCTGCGGCGGCGCAGTGCCGCTATGGGGACCTGGCGAGCCTGCATGGCGCGGGTGCAGCGGGACCCGGTTCTGGGTCACCCTCAGCCGCCGCTTCCTCATCCTGGCACACTCTCTTCACAGCCGAAGAAGGCCAGTTGTATGGACCGTGTGGTGGTGGTGGGGGTGGTGGCGGCGGCGGCGGCGGCGGCGGCGGCGGCGGCGGCGGCGGCGGCGGCGGCG,190.0,0.0,1.0,,,,0.34551587528513245,0.5418611126995927,0.5,0.3103448275862069,143.36547625855397,,,Kadane_TransitionArray_v1,,,,,,,190.0,1.0,0.604,322.0,,,,,,,,,,,,,,,,,,,,,,,,,,,,,,
AR,Z-DNA,eGZ (Extruded-G) DNA,1895,1942,48,CGGCGGCGGCGGCGGCGGCGGCGGCGGCGGCGGCGGCGGCGGCGGCGG,37.33333333333333,0.0,1.0,,Unit=CGG;Copies=16,,0.7617021276595745,0.8331914893617021,0.5,0.6595744680851063,48.98439716312056,,,eGZ_CGG_Expansion_v1,,,,,,,,1.0,,,Double-stranded,16.0,0.667,,,,,,,,,,,,,,,,,,,,,,,,,,,
AR,Disease-Associated Motif,FRA12A_repeat,1895,1942,48,CGGCGGCGGCGGCGGCGGCGGCGGCGGCGGCGGCGGCGGCGGCGGCGG,100.0,53.333333333333336,,,,,0.5,0.7,0.5,0.5,85.0,,,Disease_Associated_Clinical_Classification,,,,,,,,,,,,,,16.0,CGG,Pathogenic,FRA12A,FRA12A,AD,0-0,1.0,100.0,54.8,35.91549295774648,Fragile site; Chromosomal instability,30467083; 31234567; 32345678,Gene therapy; Pharmacological read-through,"Pathogenic variant - confirm diagnosis, family screening recommended, AD inheritance",Minimal structural impact predicted,,,,,,,,,,,
AR,Disease-Associated Motif,Spinocerebellar_Ataxia_Type_6_repeat,696,761,66,CAGCAGCAGCAGCAGCAGCAGCAGCAGCAGCAGCAGCAGCAGCAGCAGCAGCAGCAGCAGCAGCAG,90.0,46.666666666666664,,,,,0.5,0.7,0.5,0.5,78.0,,,Disease_Associated_Clinical_Classification,,,,,,,,,,,,,,22.0,CAG,Pathogenic,Spinocerebellar Ataxia Type 6,CACNA1A,AD,4-18,20.0,90.0,49.93333333333334,63.888888888888886,Progressive ataxia; Diplopia; Dysarthria,30467101; 31234585; 32345696,RNA interference; Allele-specific silencing,"Pathogenic variant - confirm diagnosis, family screening recommended, AD inheritance",Minimal structural impact predicted,,,,,,,,,,,
AR,Disease-Associated Motif,Oculopharyngeal_Muscular_Dystrophy_repeat,1894,1944,51,GCGGCGGCGGCGGCGGCGGCGGCGGCGGCGGCGGCGGCGGCGGCGGCGGCG,97.5,53.333333333333336,,,,,0.5,0.7,0.5,0.5,83.25,,,Disease_Associated_Clinical_Classification,,,,,,,,,,,,,,17.0,GCG,Pathogenic,Oculopharyngeal Muscular Dystrophy,PABPN1,AD,6-10,12.0,97.5,55.1,50.0,Ptosis; Dysphagia; Proximal limb weakness,30467102; 31234586; 32345697,No specific targets identified,"Pathogenic variant - confirm diagnosis, family screening recommended, AD inheritance",Minimal structural impact predicted,,,,,,,,,,,
AR,Hybrid,Hybrid_Curved DNA(1)_Z-DNA(1),115,160,46,AAAAAACAAAACAAACAAAAACAAAAAAGCCGAAATAAAAGAAAAA,6.843604252400548,,,,Classes=2;Subtypes=2,,0.5,0.7,0.5,0.5,19.790522976680382,,,HybridOverlap_SubclassAnalysis_raw,,,,,,,,,,,,,,,,,,,,,,,,,,,,,,"['Curved DNA', 'Z-DNA']","{'Curved DNA': 1, 'Z-DNA': 1}","{'Curved DNA:Global curvature (phased A-tracts)': 1, 'Z-DNA:Z-DNA': 1}",Global curvature (phased A-tracts)(1); Z-DNA(1),"[{'Sequence Name': 'AR', 'Class': 'Curved DNA', 'Subtype': 'Global curvature (phased A-tracts)', 'Start': 115, 'End': 160, 'Length': 46, 'Sequence': 'AAAAAACAAAACAAACAAAAACAAAAAAGCCGAAATAAAAGAAAAA', 'Score': 16.583333333333332, 'Conservation_Score': 0.5851523225154861, 'Conservation_P_Value': 0.009900990099009901, 'Conservation_Significance': 'low', 'Arms/Repeat Unit/Copies': 'Tracts=6', 'Spacer': 'Spacing=6-15', 'ML_Probability': 0.5, 'ML_Confidence': 0.7, 'ML_Stability': 0.5, 'ML_Pattern_Score': 0.5, 'Enhanced_Score': 26.608333333333334}, {'Sequence Name': 'AR', 'Class': 'Z-DNA', 'Subtype': 'Z-DNA', 'Start': 1, 'End': 1944, 'Length': 1944, 'Sequence': 'GCGGAGAGAACCCTCTGTTTTCCCCCACTCTCTCTCCACCTCCTCCTGCCTTCCCCACCCCGAGTGCGGAGCCAGAGATCAAAAGATGAAAAGGCAGTCAGGTCTTCAGTAGCCAAAAAACAAAACAAACAAAAACAAAAAAGCCGAAATAAAAGAAAAAGATAATAACTCAGTTCTTATTTGCACCTACTTCAGTGGACACTGAATTTGGAAGGTGGAGGATTTTGTTTTTTTCTTTTAAGATCTGGGCATCTTTTGAATCTACCCTTCAAGTATTAAGAGACAGACTGTGAGCCTAGCAGGGCAGATCTTGTCCACCGTGTGTCTTCTTCTGCACGAGACTTTGAGGCTGTCAGAGCGCTTTTTGCGTGGTTGCTCCCGCAAGTTTCCTTCTCTGGAGCTTCCCGCAGGTGGGCAGCTAGCTGCAGCGACTACCGCATCATCACAGCCTGTTGAACTCTTCTGAGCAAGAGAAGGGGAGGCGGGGTAAGGGAAGTAGGTGGAAGATTCAGCCAAGCTCAAGGATGGAAGTGCAGTTAGGGCTGGGAAGGGTCTACCCTCGGCCGCCGTCCAAGACCTACCGAGGAGCTTTCCAGAATCTGTTCCAGAGCGTGCGCGAAGTGATCCAGAACCCGGGCCCCAGGCACCCAGAGGCCGCGAGCGCAGCACCTCCCGGCGCCAGTTTGCTGCTGCTGCAGCAGCAGCAGCAGCAGCAGCAGCAGCAGCAGCAGCAGCAGCAGCAGCAGCAGCAGCAGCAGCAGCAAGAGACTAGCCCCAGGCAGCAGCAGCAGCAGCAGGGTGAGGATGGTTCTCCCCAAGCCCATCGTAGAGGCCCCACAGGCTACCTGGTCCTGGATGAGGAACAGCAACCTTCACAGCCGCAGTCGGCCCTGGAGTGCCACCCCGAGAGAGGTTGCGTCCCAGAGCCTGGAGCCGCCGTGGCCGCCAGCAAGGGGCTGCCGCAGCAGCTGCCAGCACCTCCGGACGAGGATGACTCAGCTGCCCCATCCACGTTGTCCCTGCTGGGCCCCACTTTCCCCGGCTTAAGCAGCTGCTCCGCTGACCTTAAAGACATCCTGAGCGAGGCCAGCACCATGCAACTCCTTCAGCAACAGCAGCAGGAAGCAGTATCCGAAGGCAGCAGCAGCGGGAGAGCGAGGGAGGCCTCGGGGGCTCCCACTTCCTCCAAGGACAATTACTTAGGGGGCACTTCGACCATTTCTGACAACGCCAAGGAGTTGTGTAAGGCAGTGTCGGTGTCCATGGGCCTGGGTGTGGAGGCGTTGGAGCATCTGAGTCCAGGGGAACAGCTTCGGGGGGATTGCATGTACGCCCCACTTTTGGGAGTTCCACCCGCTGTGCGTCCCACTCCTTGTGCCCCATTGGCCGAATGCAAAGGTTCTCTGCTAGACGACAGCGCAGGCAAGAGCACTGAAGATACTGCTGAGTATTCCCCTTTCAAGGGAGGTTACACCAAAGGGCTAGAAGGCGAGAGCCTAGGCTGCTCTGGCAGCGCTGCAGCAGGGAGCTCCGGGACACTTGAACTGCCGTCTACCCTGTCTCTCTACAAGTCCGGAGCACTGGACGAGGCAGCTGCGTACCAGAGTCGCGACTACTACAACTTTCCACTGGCTCTGGCCGGACCGCCGCCCCCTCCGCCGCCTCCCCATCCCCACGCTCGCATCAAGCTGGAGAACCCGCTGGACTACGGCAGCGCCTGGGCGGCTGCGGCGGCGCAGTGCCGCTATGGGGACCTGGCGAGCCTGCATGGCGCGGGTGCAGCGGGACCCGGTTCTGGGTCACCCTCAGCCGCCGCTTCCTCATCCTGGCACACTCTCTTCACAGCCGAAGAAGGCCAGTTGTATGGACCGTGTGGTGGTGGTGGGGGTGGTGGCGGCGGCGGCGGCGGCGGCGGCGGCGGCGGCGGCGGCGGCGGCGGCGGCG', 'ScoreMethod': 'Kadane_TransitionArray_v1', 'Score': 190.0, 'Kadane_Score': 190.0, 'Structural_Factor': 1.0, 'GC_Content': 0.604, 'GC_CG_Dinucleotides': 322, 'Conservation_Score': 0.0, 'Conservation_P_Value': 1.0, 'Conservation_Significance': '', 'Arms/Repeat Unit/Copies': '', 'Spacer': '', 'ML_Probability': 0.34551587528513245, 'ML_Confidence': 0.5418611126995927, 'ML_Stability': 0.5, 'ML_Pattern_Score': 0.3103448275862069, 'Enhanced_Score': 143.36547625855397}]",0.024,0.4,"This hybrid region spans multiple non-B DNA classes, indicating a potential hotspot for chromatin remodeling, replication stalling, or mutagenesis. Longer spans with diverse motif composition have higher biological impact.",,,
AR,Hybrid,Hybrid_Curved DNA(1)_Z-DNA(1),223,239,17,TTTTGTTTTTTTCTTTT,2.4041795267489707,,,,Classes=2;Subtypes=2,,0.5,0.7,0.5,0.5,16.68292566872428,,,HybridOverlap_SubclassAnalysis_raw,,,,,,,,,,,,,,,,,,,,,,,,,,,,,,"['Curved DNA', 'Z-DNA']","{'Curved DNA': 1, 'Z-DNA': 1}","{'Curved DNA:Global curvature (phased A-tracts)': 1, 'Z-DNA:Z-DNA': 1}",Global curvature (phased A-tracts)(1); Z-DNA(1),"[{'Sequence Name': 'AR', 'Class': 'Curved DNA', 'Subtype': 'Global curvature (phased A-tracts)', 'Start': 223, 'End': 239, 'Length': 17, 'Sequence': 'TTTTGTTTTTTTCTTTT', 'Score': 6.375, 'Conservation_Score': -0.07860982704571172, 'Conservation_P_Value': 0.8316831683168316, 'Conservation_Significance': 'not significant', 'Arms/Repeat Unit/Copies': 'Tracts=3', 'Spacer': 'Spacing=6-15', 'ML_Probability': 0.5, 'ML_Confidence': 0.7, 'ML_Stability': 0.5, 'ML_Pattern_Score': 0.5, 'Enhanced_Score': 19.4625}, {'Sequence Name': 'AR', 'Class': 'Z-DNA', 'Subtype': 'Z-DNA', 'Start': 1, 'End': 1944, 'Length': 1944, 'Sequence': 'GCGGAGAGAACCCTCTGTTTTCCCCCACTCTCTCTCCACCTCCTCCTGCCTTCCCCACCCCGAGTGCGGAGCCAGAGATCAAAAGATGAAAAGGCAGTCAGGTCTTCAGTAGCCAAAAAACAAAACAAACAAAAACAAAAAAGCCGAAATAAAAGAAAAAGATAATAACTCAGTTCTTATTTGCACCTACTTCAGTGGACACTGAATTTGGAAGGTGGAGGATTTTGTTTTTTTCTTTTAAGATCTGGGCATCTTTTGAATCTACCCTTCAAGTATTAAGAGACAGACTGTGAGCCTAGCAGGGCAGATCTTGTCCACCGTGTGTCTTCTTCTGCACGAGACTTTGAGGCTGTCAGAGCGCTTTTTGCGTGGTTGCTCCCGCAAGTTTCCTTCTCTGGAGCTTCCCGCAGGTGGGCAGCTAGCTGCAGCGACTACCGCATCATCACAGCCTGTTGAACTCTTCTGAGCAAGAGAAGGGGAGGCGGGGTAAGGGAAGTAGGTGGAAGATTCAGCCAAGCTCAAGGATGGAAGTGCAGTTAGGGCTGGGAAGGGTCTACCCTCGGCCGCCGTCCAAGACCTACCGAGGAGCTTTCCAGAATCTGTTCCAGAGCGTGCGCGAAGTGATCCAGAACCCGGGCCCCAGGCACCCAGAGGCCGCGAGCGCAGCACCTCCCGGCGCCAGTTTGCTGCTGCTGCAGCAGCAGCAGCAGCAGCAGCAGCAGCAGCAGCAGCAGCAGCAGCAGCAGCAGCAGCAGCAGCAGCAAGAGACTAGCCCCAGGCAGCAGCAGCAGCAGCAGGGTGAGGATGGTTCTCCCCAAGCCCATCGTAGAGGCCCCACAGGCTACCTGGTCCTGGATGAGGAACAGCAACCTTCACAGCCGCAGTCGGCCCTGGAGTGCCACCCCGAGAGAGGTTGCGTCCCAGAGCCTGGAGCCGCCGTGGCCGCCAGCAAGGGGCTGCCGCAGCAGCTGCCAGCACCTCCGGACGAGGATGACTCAGCTGCCCCATCCACGTTGTCCCTGCTGGGCCCCACTTTCCCCGGCTTAAGCAGCTGCTCCGCTGACCTTAAAGACATCCTGAGCGAGGCCAGCACCATGCAACTCCTTCAGCAACAGCAGCAGGAAGCAGTATCCGAAGGCAGCAGCAGCGGGAGAGCGAGGGAGGCCTCGGGGGCTCCCACTTCCTCCAAGGACAATTACTTAGGGGGCACTTCGACCATTTCTGACAACGCCAAGGAGTTGTGTAAGGCAGTGTCGGTGTCCATGGGCCTGGGTGTGGAGGCGTTGGAGCATCTGAGTCCAGGGGAACAGCTTCGGGGGGATTGCATGTACGCCCCACTTTTGGGAGTTCCACCCGCTGTGCGTCCCACTCCTTGTGCCCCATTGGCCGAATGCAAAGGTTCTCTGCTAGACGACAGCGCAGGCAAGAGCACTGAAGATACTGCTGAGTATTCCCCTTTCAAGGGAGGTTACACCAAAGGGCTAGAAGGCGAGAGCCTAGGCTGCTCTGGCAGCGCTGCAGCAGGGAGCTCCGGGACACTTGAACTGCCGTCTACCCTGTCTCTCTACAAGTCCGGAGCACTGGACGAGGCAGCTGCGTACCAGAGTCGCGACTACTACAACTTTCCACTGGCTCTGGCCGGACCGCCGCCCCCTCCGCCGCCTCCCCATCCCCACGCTCGCATCAAGCTGGAGAACCCGCTGGACTACGGCAGCGCCTGGGCGGCTGCGGCGGCGCAGTGCCGCTATGGGGACCTGGCGAGCCTGCATGGCGCGGGTGCAGCGGGACCCGGTTCTGGGTCACCCTCAGCCGCCGCTTCCTCATCCTGGCACACTCTCTTCACAGCCGAAGAAGGCCAGTTGTATGGACCGTGTGGTGGTGGTGGGGGTGGTGGCGGCGGCGGCGGCGGCGGCGGCGGCGGCGGCGGCGGCGGCGGCGGCGGCG', 'ScoreMethod': 'Kadane_TransitionArray_v1', 'Score': 190.0, 'Kadane_Score': 190.0, 'Structural_Factor': 1.0, 'GC_Content': 0.604, 'GC_CG_Dinucleotides': 322, 'Conservation_Score': 0.0, 'Conservation_P_Value': 1.0, 'Conservation_Significance': '', 'Arms/Repeat Unit/Copies': '', 'Spacer': '', 'ML_Probability': 0.34551587528513245, 'ML_Confidence': 0.5418611126995927, 'ML_Stability': 0.5, 'ML_Pattern_Score': 0.3103448275862069, 'Enhanced_Score': 143.36547625855397}]",0.009,0.4,"This hybrid region spans multiple non-B DNA classes, indicating a potential hotspot for chromatin remodeling, replication stalling, or mutagenesis. Longer spans with diverse motif composition have higher biological impact.",,,
AR,Hybrid,Hybrid_Disease-Associated Motif(1)_R-loop(6)_Slipped DNA(1)_Z-DNA(1),476,1944,1469,"GGGGAGGCGGGGTAAGGGAAGTAGGTGGAAGATTCAGCCAAGCTCAAGGATGGAAGTGCA
GTTAGGGCTGGGAAGGGTCTACCCTCGGCCGCCGTCCAAGACCTACCGAGGAGCTTTCCA
GAATCTGTTCCAGAGCGTGCGCGAAGTGATCCAGAACCCGGGCCCCAGGCACCCAGAGGC
CGCGAGCGCAGCACCTCCCGGCGCCAGTTTGCTGCTGCTGCAGCAGCAGCAGCAGCAGCA
GCAGCAGCAGCAGCAGCAGCAGCAGCAGCAGCAGCAGCAGCAGCAGCAAGAGACTAGCCC
CAGGCAGCAGCAGCAGCAGCAGGGTGAGGATGGTTCTCCCCAAGCCCATCGTAGAGGCCC
CACAGGCTACCTGGTCCTGGATGAGGAACAGCAACCTTCACAGCCGCAGTCGGCCCTGGA
GTGCCACCCCGAGAGAGGTTGCGTCCCAGAGCCTGGAGCCGCCGTGGCCGCCAGCAAGGG
GCTGCCGCAGCAGCTGCCAGCACCTCCGGACGAGGATGACTCAGCTGCCCCATCCACGTT
GTCCCTGCTGGGCCCCACTTTCCCCGGCTTAAGCAGCTGCTCCGCTGACCTTAAAGACAT
CCTGAGCGAGGCCAGCACCATGCAACTCCTTCAGCAACAGCAGCAGGAAGCAGTATCCGA
AGGCAGCAGCAGCGGGAGAGCGAGGGAGGCCTCGGGGGCTCCCACTTCCTCCAAGGACAA
TTACTTAGGGGGCACTTCGACCATTTCTGACAACGCCAAGGAGTTGTGTAAGGCAGTGTC
GGTGTCCATGGGCCTGGGTGTGGAGGCGTTGGAGCATCTGAGTCCAGGGGAACAGCTTCG
GGGGGATTGCATGTACGCCCCACTTTTGGGAGTTCCACCCGCTGTGCGTCCCACTCCTTG
TGCCCCATTGGCCGAATGCAAAGGTTCTCTGCTAGACGACAGCGCAGGCAAGAGCACTGA
AGATACTGCTGAGTATTCCCCTTTCAAGGGAGGTTACACCAAAGGGCTAGAAGGCGAGAG
CCTAGGCTGCTCTGGCAGCGCTGCAGCAGGGAGCTCCGGGACACTTGAACTGCCGTCTAC
CCTGTCTCTCTACAAGTCCGGAGCACTGGACGAGGCAGCTGCGTACCAGAGTCGCGACTA
CTACAACTTTCCACTGGCTCTGGCCGGACCGCCGCCCCCTCCGCCGCCTCCCCATCCCCA
CGCTCGCATCAAGCTGGAGAACCCGCTGGACTACGGCAGCGCCTGGGCGGCTGCGGCGGC
GCAGTGCCGCTATGGGGACCTGGCGAGCCTGCATGGCGCGGGTGCAGCGGGACCCGGTTC
TGGGTCACCCTCAGCCGCCGCTTCCTCATCCTGGCACACTCTCTTCACAGCCGAAGAAGG
CCAGTTGTATGGACCGTGTGGTGGTGGTGGGGGTGGTGGCGGCGGCGGCGGCGGCGGCGG
CGGCGGCGGCGGCGGCGGCGGCGGCGGCG",16282.409365063282,,,,Classes=4;Subtypes=4,,0.5,0.7,0.5,0.5,11412.686555544296,,,HybridOverlap_SubclassAnalysis_raw,,,,,,,,,,,,,,,,,,,,,,,,,,,,,,"['Disease-Associated Motif', 'R-loop', 'Slipped DNA', 'Z-DNA']","{'Disease-Associated Motif': 1, 'Slipped DNA': 1, 'R-loop': 6, 'Z-DNA': 1}","{'Disease-Associated Motif:Oculopharyngeal_Muscular_Dystrophy_repeat': 1, 'Slipped DNA:Slipped DNA [STR]': 1, 'R-loop:R-loop': 6, 'Z-DNA:Z-DNA': 1}",Oculopharyngeal_Muscular_Dystrophy_repeat(1); R-loop(6); Slipped DNA [STR](1); Z-DNA(1),"[{'Sequence Name': 'AR', 'Class': 'Disease-Associated Motif', 'Subtype': 'Oculopharyngeal_Muscular_Dystrophy_repeat', 'Start': 1894, 'End': 1944, 'Sequence': 'GCGGCGGCGGCGGCGGCGGCGGCGGCGGCGGCGGCGGCGGCGGCGGCGGCG', 'Score': 97.5, 'Length': 51, 'Repeat_Count': 17, 'Repeat_Unit': 'GCG', 'Clinical_Significance': 'Pathogenic', 'Disease_Name': 'Oculopharyngeal Muscular Dystrophy', 'Gene_Symbol': 'PABPN1', 'Inheritance_Pattern': 'AD', 'Normal_Range': '6-10', 'Pathogenic_Threshold': 12, 'Risk_Score': 97.5, 'Instability_Score': 55.1, 'Population_Percentile': 50.0, 'Clinical_Features': 'Ptosis; Dysphagia; Proximal limb weakness', 'PMID_References': '30467102; 31234586; 32345697', 'Therapeutic_Target': 'No specific targets identified', 'Genetic_Counseling': 'Pathogenic variant - confirm diagnosis, family screening recommended, AD inheritance', 'ScoreMethod': 'Disease_Associated_Clinical_Classification', 'Conservation_Score': 53.333333333333336, 'Structural_Impact': 'Minimal structural impact predicted', 'Arms/Repeat Unit/Copies': '', 'Spacer': '', 'ML_Probability': 0.5, 'ML_Confidence': 0.7, 'ML_Stability': 0.5, 'ML_Pattern_Score': 0.5, 'Enhanced_Score': 83.25}, {'Sequence Name': 'AR', 'Class': 'Slipped DNA', 'Subtype': 'Slipped DNA [STR]', 'Start': 1893, 'End': 1944, 'Length': 52, 'Unit': 'GGC', 'Copies': 17, 'Sequence': 'GGCGGCGGCGGCGGCGGCGGCGGCGGCGGCGGCGGCGGCGGCGGCGGCGGCG', 'ScoreMethod': 'STR_PerfectBlock_v1', 'Score': 16.5, 'GC_Fraction': 1.0, 'Conservation_Score': 5.193193639902728, 'Conservation_P_Value': 0.009900990099009901, 'Conservation_Significance': 'high', 'Arms/Repeat Unit/Copies': 'Unit=GGC;Copies=17', 'Spacer': '', 'ML_Probability': 0.9807692307692307, 'ML_Confidence': 0.7, 'ML_Stability': 0.5, 'ML_Pattern_Score': 0.5, 'Enhanced_Score': 40.97307692307692}, {'Sequence Name': 'AR', 'Class': 'R-loop', 'Subtype': 'R-loop', 'Start': 476, 'End': 2493, 'Length': 2018, 'Sequence': 'GGGGAGGCGGGGTAAGGGAAGTAGGTGGAAGATTCAGCCAAGCTCAAGGATGGAAGTGCA\nGTTAGGGCTGGGAAGGGTCTACCCTCGGCCGCCGTCCAAGACCTACCGAGGAGCTTTCCA\nGAATCTGTTCCAGAGCGTGCGCGAAGTGATCCAGAACCCGGGCCCCAGGCACCCAGAGGC\nCGCGAGCGCAGCACCTCCCGGCGCCAGTTTGCTGCTGCTGCAGCAGCAGCAGCAGCAGCA\nGCAGCAGCAGCAGCAGCAGCAGCAGCAGCAGCAGCAGCAGCAGCAGCAAGAGACTAGCCC\nCAGGCAGCAGCAGCAGCAGCAGGGTGAGGATGGTTCTCCCCAAGCCCATCGTAGAGGCCC\nCACAGGCTACCTGGTCCTGGATGAGGAACAGCAACCTTCACAGCCGCAGTCGGCCCTGGA\nGTGCCACCCCGAGAGAGGTTGCGTCCCAGAGCCTGGAGCCGCCGTGGCCGCCAGCAAGGG\nGCTGCCGCAGCAGCTGCCAGCACCTCCGGACGAGGATGACTCAGCTGCCCCATCCACGTT\nGTCCCTGCTGGGCCCCACTTTCCCCGGCTTAAGCAGCTGCTCCGCTGACCTTAAAGACAT\nCCTGAGCGAGGCCAGCACCATGCAACTCCTTCAGCAACAGCAGCAGGAAGCAGTATCCGA\nAGGCAGCAGCAGCGGGAGAGCGAGGGAGGCCTCGGGGGCTCCCACTTCCTCCAAGGACAA\nTTACTTAGGGGGCACTTCGACCATTTCTGACAACGCCAAGGAGTTGTGTAAGGCAGTGTC\nGGTGTCCATGGGCCTGGGTGTGGAGGCGTTGGAGCATCTGAGTCCAGGGGAACAGCTTCG\nGGGGGATTGCATGTACGCCCCACTTTTGGGAGTTCCACCCGCTGTGCGTCCCACTCCTTG\nTGCCCCATTGGCCGAATGCAAAGGTTCTCTGCTAGACGACAGCGCAGGCAAGAGCACTGA\nAGATACTGCTGAGTATTCCCCTTTCAAGGGAGGTTACACCAAAGGGCTAGAAGGCGAGAG\nCCTAGGCTGCTCTGGCAGCGCTGCAGCAGGGAGCTCCGGGACACTTGAACTGCCGTCTAC\nCCTGTCTCTCTACAAGTCCGGAGCACTGGACGAGGCAGCTGCGTACCAGAGTCGCGACTA\nCTACAACTTTCCACTGGCTCTGGCCGGACCGCCGCCCCCTCCGCCGCCTCCCCATCCCCA\nCGCTCGCATCAAGCTGGAGAACCCGCTGGACTACGGCAGCGCCTGGGCGGCTGCGGCGGC\nGCAGTGCCGCTATGGGGACCTGGCGAGCCTGCATGGCGCGGGTGCAGCGGGACCCGGTTC\nTGGGTCACCCTCAGCCGCCGCTTCCTCATCCTGGCACACTCTCTTCACAGCCGAAGAAGG\nCCAGTTGTATGGACCGTGTGGTGGTGGTGGGGGTGGTGGCGGCGGCGGCGGCGGCGGCGG\nCGGCGGCGGCGGCGGCGGCGGCGGCGGCGAGGCGGGAGCTGTAGCCCCCTACGGCTACAC\nTCGGCCCCCTCAGGGGCTGGCGGGCCAGGAAAGCGACTTCACCGCACCTGATGTGTGGTA\nCCCTGGCGGCATGGTGAGCAGAGTGCCCTATCCCAGTCCCACTTGTGTCAAAAGCGAAAT\nGGGCCCCTGGATGGATAGCTACTCCGGACCTTACGGGGACATGCGTAGGTGCTGCGAGCA\nGAGAGGGATTCCTCGGAGGTCATCTGTTCCATCTTCTTGCCTATGCAAATGCCTGCCTGA\nAGCTGCTGGAGGCTGGCTTTGTACCGGACTTTGTACAGGGAACCAGGGAAACGAATGCAG\nAGTGCTCCTGACATTGCCTGTCACTTTTTCCCATGATACTCTGGCTTCACAGTTTGGAGA\nCTGCCAGGGACCATGTTTTGCCCATTGACTATTACTTTCCACCCCAGAAGACCTGCCTGA\nTCTGTGGAGATGAAGCTTCTGGGTGTCACTATGGAGCTCTCACATGTGGAAGCTGCAAGG\nTCTTCTTCAAAAGAGCCGCTGAAGGGAAACAGAAGTAC', 'ScoreMethod': 'RLFS_UnifiedFramework_raw', 'Score': 1518.9348797280647, 'RIZ_Length': 18, 'REZ_Length': 2000, 'REZ_GC_Content': 62.050000000000004, 'Conservation_Score': 4.037287187093005, 'Conservation_P_Value': 0.009900990099009901, 'Conservation_Significance': 'high', 'Arms/Repeat Unit/Copies': 'RIZ=18;REZ=2000', 'Spacer': '', 'ML_Probability': 0.536115197911426, 'ML_Confidence': 0.7216691187468556, 'ML_Stability': 0.15699658703071673, 'ML_Pattern_Score': 0.5, 'Enhanced_Score': 1079.337871746988}, {'Sequence Name': 'AR', 'Class': 'R-loop', 'Subtype': 'R-loop', 'Start': 540, 'End': 2552, 'Length': 2013, 'Sequence': 'GGGCTGGGAAGGGTCTACCCTCGGCCGCCGTCCAAGACCTACCGAGGAGCTTTCCAGAAT\nCTGTTCCAGAGCGTGCGCGAAGTGATCCAGAACCCGGGCCCCAGGCACCCAGAGGCCGCG\nAGCGCAGCACCTCCCGGCGCCAGTTTGCTGCTGCTGCAGCAGCAGCAGCAGCAGCAGCAG\nCAGCAGCAGCAGCAGCAGCAGCAGCAGCAGCAGCAGCAGCAGCAAGAGACTAGCCCCAGG\nCAGCAGCAGCAGCAGCAGGGTGAGGATGGTTCTCCCCAAGCCCATCGTAGAGGCCCCACA\nGGCTACCTGGTCCTGGATGAGGAACAGCAACCTTCACAGCCGCAGTCGGCCCTGGAGTGC\nCACCCCGAGAGAGGTTGCGTCCCAGAGCCTGGAGCCGCCGTGGCCGCCAGCAAGGGGCTG\nCCGCAGCAGCTGCCAGCACCTCCGGACGAGGATGACTCAGCTGCCCCATCCACGTTGTCC\nCTGCTGGGCCCCACTTTCCCCGGCTTAAGCAGCTGCTCCGCTGACCTTAAAGACATCCTG\nAGCGAGGCCAGCACCATGCAACTCCTTCAGCAACAGCAGCAGGAAGCAGTATCCGAAGGC\nAGCAGCAGCGGGAGAGCGAGGGAGGCCTCGGGGGCTCCCACTTCCTCCAAGGACAATTAC\nTTAGGGGGCACTTCGACCATTTCTGACAACGCCAAGGAGTTGTGTAAGGCAGTGTCGGTG\nTCCATGGGCCTGGGTGTGGAGGCGTTGGAGCATCTGAGTCCAGGGGAACAGCTTCGGGGG\nGATTGCATGTACGCCCCACTTTTGGGAGTTCCACCCGCTGTGCGTCCCACTCCTTGTGCC\nCCATTGGCCGAATGCAAAGGTTCTCTGCTAGACGACAGCGCAGGCAAGAGCACTGAAGAT\nACTGCTGAGTATTCCCCTTTCAAGGGAGGTTACACCAAAGGGCTAGAAGGCGAGAGCCTA\nGGCTGCTCTGGCAGCGCTGCAGCAGGGAGCTCCGGGACACTTGAACTGCCGTCTACCCTG\nTCTCTCTACAAGTCCGGAGCACTGGACGAGGCAGCTGCGTACCAGAGTCGCGACTACTAC\nAACTTTCCACTGGCTCTGGCCGGACCGCCGCCCCCTCCGCCGCCTCCCCATCCCCACGCT\nCGCATCAAGCTGGAGAACCCGCTGGACTACGGCAGCGCCTGGGCGGCTGCGGCGGCGCAG\nTGCCGCTATGGGGACCTGGCGAGCCTGCATGGCGCGGGTGCAGCGGGACCCGGTTCTGGG\nTCACCCTCAGCCGCCGCTTCCTCATCCTGGCACACTCTCTTCACAGCCGAAGAAGGCCAG\nTTGTATGGACCGTGTGGTGGTGGTGGGGGTGGTGGCGGCGGCGGCGGCGGCGGCGGCGGC\nGGCGGCGGCGGCGGCGGCGGCGGCGAGGCGGGAGCTGTAGCCCCCTACGGCTACACTCGG\nCCCCCTCAGGGGCTGGCGGGCCAGGAAAGCGACTTCACCGCACCTGATGTGTGGTACCCT\nGGCGGCATGGTGAGCAGAGTGCCCTATCCCAGTCCCACTTGTGTCAAAAGCGAAATGGGC\nCCCTGGATGGATAGCTACTCCGGACCTTACGGGGACATGCGTAGGTGCTGCGAGCAGAGA\nGGGATTCCTCGGAGGTCATCTGTTCCATCTTCTTGCCTATGCAAATGCCTGCCTGAAGCT\nGCTGGAGGCTGGCTTTGTACCGGACTTTGTACAGGGAACCAGGGAAACGAATGCAGAGTG\nCTCCTGACATTGCCTGTCACTTTTTCCCATGATACTCTGGCTTCACAGTTTGGAGACTGC\nCAGGGACCATGTTTTGCCCATTGACTATTACTTTCCACCCCAGAAGACCTGCCTGATCTG\nTGGAGATGAAGCTTCTGGGTGTCACTATGGAGCTCTCACATGTGGAAGCTGCAAGGTCTT\nCTTCAAAAGAGCCGCTGAAGGGAAACAGAAGTACCTGTGCGCCAGCAGAAATGATTGCAC\nTATTGATAAATTCCGAAGGAAAAATTGTCCATC', 'ScoreMethod': 'RLFS_UnifiedFramework_raw', 'Score': 1301.0443222391004, 'RIZ_Length': 13, 'REZ_Length': 2000, 'REZ_GC_Content': 61.7, 'Conservation_Score': 4.123482459023897, 'Conservation_P_Value': 0.009900990099009901, 'Conservation_Significance': 'high', 'Arms/Repeat Unit/Copies': 'RIZ=13;REZ=2000', 'Spacer': '', 'ML_Probability': 0.4966346694829218, 'ML_Confidence': 0.6979808016897531, 'ML_Stability': 0.15347018572825025, 'ML_Pattern_Score': 0.5, 'Enhanced_Score': 925.6300656518579}, {'Sequence Name': 'AR', 'Class': 'R-loop', 'Subtype': 'R-loop', 'Start': 1149, 'End': 3173, 'Length': 2025, 'Sequence': 'GGGAGAGCGAGGGAGGCCTCGGGGGCTCCCACTTCCTCCAAGGACAATTACTTAGGGGGC\nACTTCGACCATTTCTGACAACGCCAAGGAGTTGTGTAAGGCAGTGTCGGTGTCCATGGGC\nCTGGGTGTGGAGGCGTTGGAGCATCTGAGTCCAGGGGAACAGCTTCGGGGGGATTGCATG\nTACGCCCCACTTTTGGGAGTTCCACCCGCTGTGCGTCCCACTCCTTGTGCCCCATTGGCC\nGAATGCAAAGGTTCTCTGCTAGACGACAGCGCAGGCAAGAGCACTGAAGATACTGCTGAG\nTATTCCCCTTTCAAGGGAGGTTACACCAAAGGGCTAGAAGGCGAGAGCCTAGGCTGCTCT\nGGCAGCGCTGCAGCAGGGAGCTCCGGGACACTTGAACTGCCGTCTACCCTGTCTCTCTAC\nAAGTCCGGAGCACTGGACGAGGCAGCTGCGTACCAGAGTCGCGACTACTACAACTTTCCA\nCTGGCTCTGGCCGGACCGCCGCCCCCTCCGCCGCCTCCCCATCCCCACGCTCGCATCAAG\nCTGGAGAACCCGCTGGACTACGGCAGCGCCTGGGCGGCTGCGGCGGCGCAGTGCCGCTAT\nGGGGACCTGGCGAGCCTGCATGGCGCGGGTGCAGCGGGACCCGGTTCTGGGTCACCCTCA\nGCCGCCGCTTCCTCATCCTGGCACACTCTCTTCACAGCCGAAGAAGGCCAGTTGTATGGA\nCCGTGTGGTGGTGGTGGGGGTGGTGGCGGCGGCGGCGGCGGCGGCGGCGGCGGCGGCGGC\nGGCGGCGGCGGCGGCGAGGCGGGAGCTGTAGCCCCCTACGGCTACACTCGGCCCCCTCAG\nGGGCTGGCGGGCCAGGAAAGCGACTTCACCGCACCTGATGTGTGGTACCCTGGCGGCATG\nGTGAGCAGAGTGCCCTATCCCAGTCCCACTTGTGTCAAAAGCGAAATGGGCCCCTGGATG\nGATAGCTACTCCGGACCTTACGGGGACATGCGTAGGTGCTGCGAGCAGAGAGGGATTCCT\nCGGAGGTCATCTGTTCCATCTTCTTGCCTATGCAAATGCCTGCCTGAAGCTGCTGGAGGC\nTGGCTTTGTACCGGACTTTGTACAGGGAACCAGGGAAACGAATGCAGAGTGCTCCTGACA\nTTGCCTGTCACTTTTTCCCATGATACTCTGGCTTCACAGTTTGGAGACTGCCAGGGACCA\nTGTTTTGCCCATTGACTATTACTTTCCACCCCAGAAGACCTGCCTGATCTGTGGAGATGA\nAGCTTCTGGGTGTCACTATGGAGCTCTCACATGTGGAAGCTGCAAGGTCTTCTTCAAAAG\nAGCCGCTGAAGGGAAACAGAAGTACCTGTGCGCCAGCAGAAATGATTGCACTATTGATAA\nATTCCGAAGGAAAAATTGTCCATCTTGTCGTCTTCGGAAATGTTATGAAGCAGGGATGAC\nTCTGGGAGCCCGGAAGCTGAAGAAACTTGGTAATCTGAAACTACAGGAGGAAGGAGAGGC\nTTCCAGCACCACCAGCCCCACTGAGGAGACAACCCAGAAGCTGACAGTGTCACACATTGA\nAGGCTATGAATGTCAGCCCATCTTTCTGAATGTCCTGGAAGCCATTGAGCCAGGTGTAGT\nGTGTGCTGGACACGACAACAACCAGCCCGACTCCTTTGCAGCCTTGCTCTCTAGCCTCAA\nTGAACTGGGAGAGAGACAGCTTGTACACGTGGTCAAGTGGGCCAAGGCCTTGCCTGGCTT\nCCGCAACTTACACGTGGACGACCAGATGGCTGTCATTCAGTACTCCTGGATGGGGCTCAT\nGGTGTTTGCCATGGGCTGGCGATCCTTCACCAATGTCAACTCCAGGATGCTCTACTTCGC\nCCCTGATCTGGTTTTCAATGAGTACCGCATGCACAAGTCCCGGATGTACAGCCAGTGTGT\nCCGAATGAGGCACCTCTCTCAAGAGTTTGGATGGCTCCAAATCACCCCCCAGGAATTCCT\nGTGCATGAAAGCACTGCTACTCTTCAGCATTATTCCAGTGGATGG', 'ScoreMethod': 'RLFS_UnifiedFramework_raw', 'Score': 1456.7931450937663, 'RIZ_Length': 25, 'REZ_Length': 2000, 'REZ_GC_Content': 57.699999999999996, 'Conservation_Score': 4.45976866549855, 'Conservation_P_Value': 0.009900990099009901, 'Conservation_Significance': 'high', 'Arms/Repeat Unit/Copies': 'RIZ=25;REZ=2000', 'Spacer': '', 'ML_Probability': 0.49073144565687077, 'ML_Confidence': 0.6944388673941224, 'ML_Stability': 0.14723032069970846, 'ML_Pattern_Score': 0.5, 'Enhanced_Score': 1034.4771449353425}, {'Sequence Name': 'AR', 'Class': 'R-loop', 'Subtype': 'R-loop', 'Start': 1775, 'End': 3799, 'Length': 2025, 'Sequence': 'GGGTGCAGCGGGACCCGGTTCTGGGTCACCCTCAGCCGCCGCTTCCTCATCCTGGCACAC\nTCTCTTCACAGCCGAAGAAGGCCAGTTGTATGGACCGTGTGGTGGTGGTGGGGGTGGTGG\nCGGCGGCGGCGGCGGCGGCGGCGGCGGCGGCGGCGGCGGCGGCGGCGGCGAGGCGGGAGC\nTGTAGCCCCCTACGGCTACACTCGGCCCCCTCAGGGGCTGGCGGGCCAGGAAAGCGACTT\nCACCGCACCTGATGTGTGGTACCCTGGCGGCATGGTGAGCAGAGTGCCCTATCCCAGTCC\nCACTTGTGTCAAAAGCGAAATGGGCCCCTGGATGGATAGCTACTCCGGACCTTACGGGGA\nCATGCGTAGGTGCTGCGAGCAGAGAGGGATTCCTCGGAGGTCATCTGTTCCATCTTCTTG\nCCTATGCAAATGCCTGCCTGAAGCTGCTGGAGGCTGGCTTTGTACCGGACTTTGTACAGG\nGAACCAGGGAAACGAATGCAGAGTGCTCCTGACATTGCCTGTCACTTTTTCCCATGATAC\nTCTGGCTTCACAGTTTGGAGACTGCCAGGGACCATGTTTTGCCCATTGACTATTACTTTC\nCACCCCAGAAGACCTGCCTGATCTGTGGAGATGAAGCTTCTGGGTGTCACTATGGAGCTC\nTCACATGTGGAAGCTGCAAGGTCTTCTTCAAAAGAGCCGCTGAAGGGAAACAGAAGTACC\nTGTGCGCCAGCAGAAATGATTGCACTATTGATAAATTCCGAAGGAAAAATTGTCCATCTT\nGTCGTCTTCGGAAATGTTATGAAGCAGGGATGACTCTGGGAGCCCGGAAGCTGAAGAAAC\nTTGGTAATCTGAAACTACAGGAGGAAGGAGAGGCTTCCAGCACCACCAGCCCCACTGAGG\nAGACAACCCAGAAGCTGACAGTGTCACACATTGAAGGCTATGAATGTCAGCCCATCTTTC\nTGAATGTCCTGGAAGCCATTGAGCCAGGTGTAGTGTGTGCTGGACACGACAACAACCAGC\nCCGACTCCTTTGCAGCCTTGCTCTCTAGCCTCAATGAACTGGGAGAGAGACAGCTTGTAC\nACGTGGTCAAGTGGGCCAAGGCCTTGCCTGGCTTCCGCAACTTACACGTGGACGACCAGA\nTGGCTGTCATTCAGTACTCCTGGATGGGGCTCATGGTGTTTGCCATGGGCTGGCGATCCT\nTCACCAATGTCAACTCCAGGATGCTCTACTTCGCCCCTGATCTGGTTTTCAATGAGTACC\nGCATGCACAAGTCCCGGATGTACAGCCAGTGTGTCCGAATGAGGCACCTCTCTCAAGAGT\nTTGGATGGCTCCAAATCACCCCCCAGGAATTCCTGTGCATGAAAGCACTGCTACTCTTCA\nGCATTATTCCAGTGGATGGGCTGAAAAATCAAAAATTCTTTGATGAACTTCGAATGAACT\nACATCAAGGAACTCGATCGTATCATTGCATGCAAAAGAAAAAATCCCACATCCTGCTCAA\nGACGCTTCTACCAGCTCACCAAGCTCCTGGACTCCGTGCAGCCTATTGCGAGAGAGCTGC\nATCAGTTCACTTTTGACCTGCTAATCAAGTCACACATGGTGAGCGTGGACTTTCCGGAAA\nTGATGGCAGAGATCATCTCTGTGCAAGTGCCCAAGATCCTTTCTGGGAAAGTCAAGCCCA\nTCTATTTCCACACCCAGTGAAGCATTGGAAACCCTATTTCCCCACCCCAGCTCATGCCCC\nCTTTCAGATGTCTTCTGCCTGTTATAACTCTGCACTACTCCTCTGCAGTGCCTTGGGGAA\nTTTCCTCTATTGATGTACAGTCTGTCATGAACATGTTCCTGAATTCTATTTGCTGGGCTT\nTTTTTTTCTCTTTCTCTCCTTTCTTTTTCTTCTTCCCTCCCTATCTAACCCTCCCATGGC\nACCTTCAGACTTTGCTTCCCATTGTGGCTCCTATCTGTGTTTTGAATGGTGTTGTATGCC\nTTTAAATCTGTGATGATCCTCATATGGCCCAGTGTCAAGTTGTGC', 'ScoreMethod': 'RLFS_UnifiedFramework_raw', 'Score': 789.4343631176906, 'RIZ_Length': 25, 'REZ_Length': 2000, 'REZ_GC_Content': 52.400000000000006, 'Conservation_Score': 5.2205644176447965, 'Conservation_P_Value': 0.009900990099009901, 'Conservation_Significance': 'high', 'Arms/Repeat Unit/Copies': 'RIZ=25;REZ=2000', 'Spacer': '', 'ML_Probability': 0.3410689990281828, 'ML_Confidence': 0.6046413994169096, 'ML_Stability': 0.12633624878522837, 'ML_Pattern_Score': 0.5, 'Enhanced_Score': 562.8361241532289}, {'Sequence Name': 'AR', 'Class': 'R-loop', 'Subtype': 'R-loop', 'Start': 476, 'End': 2487, 'Length': 2012, 'Sequence': 'GGGGAGGCGGGGTAAGGGAAGTAGGTGGAAGATTCAGCCAAGCTCAAGGATGGAAGTGCA\nGTTAGGGCTGGGAAGGGTCTACCCTCGGCCGCCGTCCAAGACCTACCGAGGAGCTTTCCA\nGAATCTGTTCCAGAGCGTGCGCGAAGTGATCCAGAACCCGGGCCCCAGGCACCCAGAGGC\nCGCGAGCGCAGCACCTCCCGGCGCCAGTTTGCTGCTGCTGCAGCAGCAGCAGCAGCAGCA\nGCAGCAGCAGCAGCAGCAGCAGCAGCAGCAGCAGCAGCAGCAGCAGCAAGAGACTAGCCC\nCAGGCAGCAGCAGCAGCAGCAGGGTGAGGATGGTTCTCCCCAAGCCCATCGTAGAGGCCC\nCACAGGCTACCTGGTCCTGGATGAGGAACAGCAACCTTCACAGCCGCAGTCGGCCCTGGA\nGTGCCACCCCGAGAGAGGTTGCGTCCCAGAGCCTGGAGCCGCCGTGGCCGCCAGCAAGGG\nGCTGCCGCAGCAGCTGCCAGCACCTCCGGACGAGGATGACTCAGCTGCCCCATCCACGTT\nGTCCCTGCTGGGCCCCACTTTCCCCGGCTTAAGCAGCTGCTCCGCTGACCTTAAAGACAT\nCCTGAGCGAGGCCAGCACCATGCAACTCCTTCAGCAACAGCAGCAGGAAGCAGTATCCGA\nAGGCAGCAGCAGCGGGAGAGCGAGGGAGGCCTCGGGGGCTCCCACTTCCTCCAAGGACAA\nTTACTTAGGGGGCACTTCGACCATTTCTGACAACGCCAAGGAGTTGTGTAAGGCAGTGTC\nGGTGTCCATGGGCCTGGGTGTGGAGGCGTTGGAGCATCTGAGTCCAGGGGAACAGCTTCG\nGGGGGATTGCATGTACGCCCCACTTTTGGGAGTTCCACCCGCTGTGCGTCCCACTCCTTG\nTGCCCCATTGGCCGAATGCAAAGGTTCTCTGCTAGACGACAGCGCAGGCAAGAGCACTGA\nAGATACTGCTGAGTATTCCCCTTTCAAGGGAGGTTACACCAAAGGGCTAGAAGGCGAGAG\nCCTAGGCTGCTCTGGCAGCGCTGCAGCAGGGAGCTCCGGGACACTTGAACTGCCGTCTAC\nCCTGTCTCTCTACAAGTCCGGAGCACTGGACGAGGCAGCTGCGTACCAGAGTCGCGACTA\nCTACAACTTTCCACTGGCTCTGGCCGGACCGCCGCCCCCTCCGCCGCCTCCCCATCCCCA\nCGCTCGCATCAAGCTGGAGAACCCGCTGGACTACGGCAGCGCCTGGGCGGCTGCGGCGGC\nGCAGTGCCGCTATGGGGACCTGGCGAGCCTGCATGGCGCGGGTGCAGCGGGACCCGGTTC\nTGGGTCACCCTCAGCCGCCGCTTCCTCATCCTGGCACACTCTCTTCACAGCCGAAGAAGG\nCCAGTTGTATGGACCGTGTGGTGGTGGTGGGGGTGGTGGCGGCGGCGGCGGCGGCGGCGG\nCGGCGGCGGCGGCGGCGGCGGCGGCGGCGAGGCGGGAGCTGTAGCCCCCTACGGCTACAC\nTCGGCCCCCTCAGGGGCTGGCGGGCCAGGAAAGCGACTTCACCGCACCTGATGTGTGGTA\nCCCTGGCGGCATGGTGAGCAGAGTGCCCTATCCCAGTCCCACTTGTGTCAAAAGCGAAAT\nGGGCCCCTGGATGGATAGCTACTCCGGACCTTACGGGGACATGCGTAGGTGCTGCGAGCA\nGAGAGGGATTCCTCGGAGGTCATCTGTTCCATCTTCTTGCCTATGCAAATGCCTGCCTGA\nAGCTGCTGGAGGCTGGCTTTGTACCGGACTTTGTACAGGGAACCAGGGAAACGAATGCAG\nAGTGCTCCTGACATTGCCTGTCACTTTTTCCCATGATACTCTGGCTTCACAGTTTGGAGA\nCTGCCAGGGACCATGTTTTGCCCATTGACTATTACTTTCCACCCCAGAAGACCTGCCTGA\nTCTGTGGAGATGAAGCTTCTGGGTGTCACTATGGAGCTCTCACATGTGGAAGCTGCAAGG\nTCTTCTTCAAAAGAGCCGCTGAAGGGAAACAG', 'ScoreMethod': 'RLFS_UnifiedFramework_raw', 'Score': 1518.0215574280019, 'RIZ_Length': 12, 'REZ_Length': 2000, 'REZ_GC_Content': 62.1, 'Conservation_Score': 4.12779947684264, 'Conservation_P_Value': 0.009900990099009901, 'Conservation_Significance': 'high', 'Arms/Repeat Unit/Copies': 'RIZ=12;REZ=2000', 'Spacer': '', 'ML_Probability': 0.5363048878291123, 'ML_Confidence': 0.7217829326974674, 'ML_Stability': 0.15721271393643033, 'ML_Pattern_Score': 0.5, 'Enhanced_Score': 1078.7042368344746}, {'Sequence Name': 'AR', 'Class': 'R-loop', 'Subtype': 'R-loop', 'Start': 1302, 'End': 3320, 'Length': 2019, 'Sequence': 'GGGGAACAGCTTCGGGGGGATTGCATGTACGCCCCACTTTTGGGAGTTCCACCCGCTGTG\nCGTCCCACTCCTTGTGCCCCATTGGCCGAATGCAAAGGTTCTCTGCTAGACGACAGCGCA\nGGCAAGAGCACTGAAGATACTGCTGAGTATTCCCCTTTCAAGGGAGGTTACACCAAAGGG\nCTAGAAGGCGAGAGCCTAGGCTGCTCTGGCAGCGCTGCAGCAGGGAGCTCCGGGACACTT\nGAACTGCCGTCTACCCTGTCTCTCTACAAGTCCGGAGCACTGGACGAGGCAGCTGCGTAC\nCAGAGTCGCGACTACTACAACTTTCCACTGGCTCTGGCCGGACCGCCGCCCCCTCCGCCG\nCCTCCCCATCCCCACGCTCGCATCAAGCTGGAGAACCCGCTGGACTACGGCAGCGCCTGG\nGCGGCTGCGGCGGCGCAGTGCCGCTATGGGGACCTGGCGAGCCTGCATGGCGCGGGTGCA\nGCGGGACCCGGTTCTGGGTCACCCTCAGCCGCCGCTTCCTCATCCTGGCACACTCTCTTC\nACAGCCGAAGAAGGCCAGTTGTATGGACCGTGTGGTGGTGGTGGGGGTGGTGGCGGCGGC\nGGCGGCGGCGGCGGCGGCGGCGGCGGCGGCGGCGGCGGCGGCGAGGCGGGAGCTGTAGCC\nCCCTACGGCTACACTCGGCCCCCTCAGGGGCTGGCGGGCCAGGAAAGCGACTTCACCGCA\nCCTGATGTGTGGTACCCTGGCGGCATGGTGAGCAGAGTGCCCTATCCCAGTCCCACTTGT\nGTCAAAAGCGAAATGGGCCCCTGGATGGATAGCTACTCCGGACCTTACGGGGACATGCGT\nAGGTGCTGCGAGCAGAGAGGGATTCCTCGGAGGTCATCTGTTCCATCTTCTTGCCTATGC\nAAATGCCTGCCTGAAGCTGCTGGAGGCTGGCTTTGTACCGGACTTTGTACAGGGAACCAG\nGGAAACGAATGCAGAGTGCTCCTGACATTGCCTGTCACTTTTTCCCATGATACTCTGGCT\nTCACAGTTTGGAGACTGCCAGGGACCATGTTTTGCCCATTGACTATTACTTTCCACCCCA\nGAAGACCTGCCTGATCTGTGGAGATGAAGCTTCTGGGTGTCACTATGGAGCTCTCACATG\nTGGAAGCTGCAAGGTCTTCTTCAAAAGAGCCGCTGAAGGGAAACAGAAGTACCTGTGCGC\nCAGCAGAAATGATTGCACTATTGATAAATTCCGAAGGAAAAATTGTCCATCTTGTCGTCT\nTCGGAAATGTTATGAAGCAGGGATGACTCTGGGAGCCCGGAAGCTGAAGAAACTTGGTAA\nTCTGAAACTACAGGAGGAAGGAGAGGCTTCCAGCACCACCAGCCCCACTGAGGAGACAAC\nCCAGAAGCTGACAGTGTCACACATTGAAGGCTATGAATGTCAGCCCATCTTTCTGAATGT\nCCTGGAAGCCATTGAGCCAGGTGTAGTGTGTGCTGGACACGACAACAACCAGCCCGACTC\nCTTTGCAGCCTTGCTCTCTAGCCTCAATGAACTGGGAGAGAGACAGCTTGTACACGTGGT\nCAAGTGGGCCAAGGCCTTGCCTGGCTTCCGCAACTTACACGTGGACGACCAGATGGCTGT\nCATTCAGTACTCCTGGATGGGGCTCATGGTGTTTGCCATGGGCTGGCGATCCTTCACCAA\nTGTCAACTCCAGGATGCTCTACTTCGCCCCTGATCTGGTTTTCAATGAGTACCGCATGCA\nCAAGTCCCGGATGTACAGCCAGTGTGTCCGAATGAGGCACCTCTCTCAAGAGTTTGGATG\nGCTCCAAATCACCCCCCAGGAATTCCTGTGCATGAAAGCACTGCTACTCTTCAGCATTAT\nTCCAGTGGATGGGCTGAAAAATCAAAAATTCTTTGATGAACTTCGAATGAACTACATCAA\nGGAACTCGATCGTATCATTGCATGCAAAAGAAAAAATCCCACATCCTGCTCAAGACGCTT\nCTACCAGCTCACCAAGCTCCTGGACTCCGTGCAGCCTAT', 'ScoreMethod': 'RLFS_UnifiedFramework_raw', 'Score': 1127.8854551039537, 'RIZ_Length': 19, 'REZ_Length': 2000, 'REZ_GC_Content': 56.599999999999994, 'Conservation_Score': 4.582334692160103, 'Conservation_P_Value': 0.009900990099009901, 'Conservation_Significance': 'high', 'Arms/Repeat Unit/Copies': 'RIZ=19;REZ=2000', 'Spacer': '', 'ML_Probability': 0.40258891848585987, 'ML_Confidence': 0.6415533510915159, 'ML_Stability': 0.1398635477582846, 'ML_Pattern_Score': 0.5, 'Enhanced_Score': 801.5974861273434}, {'Sequence Name': 'AR', 'Class': 'Z-DNA', 'Subtype': 'Z-DNA', 'Start': 1, 'End': 1944, 'Length': 1944, 'Sequence': 'GCGGAGAGAACCCTCTGTTTTCCCCCACTCTCTCTCCACCTCCTCCTGCCTTCCCCACCCCGAGTGCGGAGCCAGAGATCAAAAGATGAAAAGGCAGTCAGGTCTTCAGTAGCCAAAAAACAAAACAAACAAAAACAAAAAAGCCGAAATAAAAGAAAAAGATAATAACTCAGTTCTTATTTGCACCTACTTCAGTGGACACTGAATTTGGAAGGTGGAGGATTTTGTTTTTTTCTTTTAAGATCTGGGCATCTTTTGAATCTACCCTTCAAGTATTAAGAGACAGACTGTGAGCCTAGCAGGGCAGATCTTGTCCACCGTGTGTCTTCTTCTGCACGAGACTTTGAGGCTGTCAGAGCGCTTTTTGCGTGGTTGCTCCCGCAAGTTTCCTTCTCTGGAGCTTCCCGCAGGTGGGCAGCTAGCTGCAGCGACTACCGCATCATCACAGCCTGTTGAACTCTTCTGAGCAAGAGAAGGGGAGGCGGGGTAAGGGAAGTAGGTGGAAGATTCAGCCAAGCTCAAGGATGGAAGTGCAGTTAGGGCTGGGAAGGGTCTACCCTCGGCCGCCGTCCAAGACCTACCGAGGAGCTTTCCAGAATCTGTTCCAGAGCGTGCGCGAAGTGATCCAGAACCCGGGCCCCAGGCACCCAGAGGCCGCGAGCGCAGCACCTCCCGGCGCCAGTTTGCTGCTGCTGCAGCAGCAGCAGCAGCAGCAGCAGCAGCAGCAGCAGCAGCAGCAGCAGCAGCAGCAGCAGCAGCAGCAAGAGACTAGCCCCAGGCAGCAGCAGCAGCAGCAGGGTGAGGATGGTTCTCCCCAAGCCCATCGTAGAGGCCCCACAGGCTACCTGGTCCTGGATGAGGAACAGCAACCTTCACAGCCGCAGTCGGCCCTGGAGTGCCACCCCGAGAGAGGTTGCGTCCCAGAGCCTGGAGCCGCCGTGGCCGCCAGCAAGGGGCTGCCGCAGCAGCTGCCAGCACCTCCGGACGAGGATGACTCAGCTGCCCCATCCACGTTGTCCCTGCTGGGCCCCACTTTCCCCGGCTTAAGCAGCTGCTCCGCTGACCTTAAAGACATCCTGAGCGAGGCCAGCACCATGCAACTCCTTCAGCAACAGCAGCAGGAAGCAGTATCCGAAGGCAGCAGCAGCGGGAGAGCGAGGGAGGCCTCGGGGGCTCCCACTTCCTCCAAGGACAATTACTTAGGGGGCACTTCGACCATTTCTGACAACGCCAAGGAGTTGTGTAAGGCAGTGTCGGTGTCCATGGGCCTGGGTGTGGAGGCGTTGGAGCATCTGAGTCCAGGGGAACAGCTTCGGGGGGATTGCATGTACGCCCCACTTTTGGGAGTTCCACCCGCTGTGCGTCCCACTCCTTGTGCCCCATTGGCCGAATGCAAAGGTTCTCTGCTAGACGACAGCGCAGGCAAGAGCACTGAAGATACTGCTGAGTATTCCCCTTTCAAGGGAGGTTACACCAAAGGGCTAGAAGGCGAGAGCCTAGGCTGCTCTGGCAGCGCTGCAGCAGGGAGCTCCGGGACACTTGAACTGCCGTCTACCCTGTCTCTCTACAAGTCCGGAGCACTGGACGAGGCAGCTGCGTACCAGAGTCGCGACTACTACAACTTTCCACTGGCTCTGGCCGGACCGCCGCCCCCTCCGCCGCCTCCCCATCCCCACGCTCGCATCAAGCTGGAGAACCCGCTGGACTACGGCAGCGCCTGGGCGGCTGCGGCGGCGCAGTGCCGCTATGGGGACCTGGCGAGCCTGCATGGCGCGGGTGCAGCGGGACCCGGTTCTGGGTCACCCTCAGCCGCCGCTTCCTCATCCTGGCACACTCTCTTCACAGCCGAAGAAGGCCAGTTGTATGGACCGTGTGGTGGTGGTGGGGGTGGTGGCGGCGGCGGCGGCGGCGGCGGCGGCGGCGGCGGCGGCGGCGGCGGCGGCG', 'ScoreMethod': 'Kadane_TransitionArray_v1', 'Score': 190.0, 'Kadane_Score': 190.0, 'Structural_Factor': 1.0, 'GC_Content': 0.604, 'GC_CG_Dinucleotides': 322, 'Conservation_Score': 0.0, 'Conservation_P_Value': 1.0, 'Conservation_Significance': '', 'Arms/Repeat Unit/Copies': '', 'Spacer': '', 'ML_Probability': 0.34551587528513245, 'ML_Confidence': 0.5418611126995927, 'ML_Stability': 0.5, 'ML_Pattern_Score': 0.3103448275862069, 'Enhanced_Score': 143.36547625855397}]",0.725,1.8,"This hybrid region spans multiple non-B DNA classes, indicating a potential hotspot for chromatin remodeling, replication stalling, or mutagenesis. Longer spans with diverse motif composition have higher biological impact.",,,
AR,Hybrid,Hybrid_Curved DNA(1)_R-loop(1),3633,3641,9,TTTTTTTTT,5.033369370510075,,,,Classes=2;Subtypes=2,,0.5,0.7,0.5,0.5,18.523358559357053,,,HybridOverlap_SubclassAnalysis_raw,,,,,,,,,,,,,,,,,,,,,,,,,,,,,,"['Curved DNA', 'R-loop']","{'Curved DNA': 1, 'R-loop': 1}","{'Curved DNA:Local curvature (long A-tract)': 1, 'R-loop:R-loop': 1}",Local curvature (long A-tract)(1); R-loop(1),"[{'Sequence Name': 'AR', 'Class': 'Curved DNA', 'Subtype': 'Local curvature (long A-tract)', 'Start': 3633, 'End': 3641, 'Length': 9, 'Sequence': 'TTTTTTTTT', 'Score': 19.5, 'Conservation_Score': 0.0, 'Conservation_P_Value': 1.0, 'Conservation_Significance': 'not significant', 'Arms/Repeat Unit/Copies': '', 'Spacer': '', 'ML_Probability': 0.5, 'ML_Confidence': 0.7, 'ML_Stability': 0.5, 'ML_Pattern_Score': 0.5, 'Enhanced_Score': 28.65}, {'Sequence Name': 'AR', 'Class': 'R-loop', 'Subtype': 'R-loop', 'Start': 1775, 'End': 3799, 'Length': 2025, 'Sequence': 'GGGTGCAGCGGGACCCGGTTCTGGGTCACCCTCAGCCGCCGCTTCCTCATCCTGGCACAC\nTCTCTTCACAGCCGAAGAAGGCCAGTTGTATGGACCGTGTGGTGGTGGTGGGGGTGGTGG\nCGGCGGCGGCGGCGGCGGCGGCGGCGGCGGCGGCGGCGGCGGCGGCGGCGAGGCGGGAGC\nTGTAGCCCCCTACGGCTACACTCGGCCCCCTCAGGGGCTGGCGGGCCAGGAAAGCGACTT\nCACCGCACCTGATGTGTGGTACCCTGGCGGCATGGTGAGCAGAGTGCCCTATCCCAGTCC\nCACTTGTGTCAAAAGCGAAATGGGCCCCTGGATGGATAGCTACTCCGGACCTTACGGGGA\nCATGCGTAGGTGCTGCGAGCAGAGAGGGATTCCTCGGAGGTCATCTGTTCCATCTTCTTG\nCCTATGCAAATGCCTGCCTGAAGCTGCTGGAGGCTGGCTTTGTACCGGACTTTGTACAGG\nGAACCAGGGAAACGAATGCAGAGTGCTCCTGACATTGCCTGTCACTTTTTCCCATGATAC\nTCTGGCTTCACAGTTTGGAGACTGCCAGGGACCATGTTTTGCCCATTGACTATTACTTTC\nCACCCCAGAAGACCTGCCTGATCTGTGGAGATGAAGCTTCTGGGTGTCACTATGGAGCTC\nTCACATGTGGAAGCTGCAAGGTCTTCTTCAAAAGAGCCGCTGAAGGGAAACAGAAGTACC\nTGTGCGCCAGCAGAAATGATTGCACTATTGATAAATTCCGAAGGAAAAATTGTCCATCTT\nGTCGTCTTCGGAAATGTTATGAAGCAGGGATGACTCTGGGAGCCCGGAAGCTGAAGAAAC\nTTGGTAATCTGAAACTACAGGAGGAAGGAGAGGCTTCCAGCACCACCAGCCCCACTGAGG\nAGACAACCCAGAAGCTGACAGTGTCACACATTGAAGGCTATGAATGTCAGCCCATCTTTC\nTGAATGTCCTGGAAGCCATTGAGCCAGGTGTAGTGTGTGCTGGACACGACAACAACCAGC\nCCGACTCCTTTGCAGCCTTGCTCTCTAGCCTCAATGAACTGGGAGAGAGACAGCTTGTAC\nACGTGGTCAAGTGGGCCAAGGCCTTGCCTGGCTTCCGCAACTTACACGTGGACGACCAGA\nTGGCTGTCATTCAGTACTCCTGGATGGGGCTCATGGTGTTTGCCATGGGCTGGCGATCCT\nTCACCAATGTCAACTCCAGGATGCTCTACTTCGCCCCTGATCTGGTTTTCAATGAGTACC\nGCATGCACAAGTCCCGGATGTACAGCCAGTGTGTCCGAATGAGGCACCTCTCTCAAGAGT\nTTGGATGGCTCCAAATCACCCCCCAGGAATTCCTGTGCATGAAAGCACTGCTACTCTTCA\nGCATTATTCCAGTGGATGGGCTGAAAAATCAAAAATTCTTTGATGAACTTCGAATGAACT\nACATCAAGGAACTCGATCGTATCATTGCATGCAAAAGAAAAAATCCCACATCCTGCTCAA\nGACGCTTCTACCAGCTCACCAAGCTCCTGGACTCCGTGCAGCCTATTGCGAGAGAGCTGC\nATCAGTTCACTTTTGACCTGCTAATCAAGTCACACATGGTGAGCGTGGACTTTCCGGAAA\nTGATGGCAGAGATCATCTCTGTGCAAGTGCCCAAGATCCTTTCTGGGAAAGTCAAGCCCA\nTCTATTTCCACACCCAGTGAAGCATTGGAAACCCTATTTCCCCACCCCAGCTCATGCCCC\nCTTTCAGATGTCTTCTGCCTGTTATAACTCTGCACTACTCCTCTGCAGTGCCTTGGGGAA\nTTTCCTCTATTGATGTACAGTCTGTCATGAACATGTTCCTGAATTCTATTTGCTGGGCTT\nTTTTTTTCTCTTTCTCTCCTTTCTTTTTCTTCTTCCCTCCCTATCTAACCCTCCCATGGC\nACCTTCAGACTTTGCTTCCCATTGTGGCTCCTATCTGTGTTTTGAATGGTGTTGTATGCC\nTTTAAATCTGTGATGATCCTCATATGGCCCAGTGTCAAGTTGTGC', 'ScoreMethod': 'RLFS_UnifiedFramework_raw', 'Score': 789.4343631176906, 'RIZ_Length': 25, 'REZ_Length': 2000, 'REZ_GC_Content': 52.400000000000006, 'Conservation_Score': 5.2205644176447965, 'Conservation_P_Value': 0.009900990099009901, 'Conservation_Significance': 'high', 'Arms/Repeat Unit/Copies': 'RIZ=25;REZ=2000', 'Spacer': '', 'ML_Probability': 0.3410689990281828, 'ML_Confidence': 0.6046413994169096, 'ML_Stability': 0.12633624878522837, 'ML_Pattern_Score': 0.5, 'Enhanced_Score': 562.8361241532289}]",0.004,0.4,"This hybrid region spans multiple non-B DNA classes, indicating a potential hotspot for chromatin remodeling, replication stalling, or mutagenesis. Longer spans with diverse motif composition have higher biological impact.",,,
AR,Hybrid,Hybrid_Curved DNA(1)_R-loop(1),7612,7639,28,TTTTTGAAAATCTTTTAAAGCAGTTTTT,35.75721045993084,,,,Classes=2;Subtypes=2,,0.5,0.7,0.5,0.5,40.030047321951585,,,HybridOverlap_SubclassAnalysis_raw,,,,,,,,,,,,,,,,,,,,,,,,,,,,,,"['Curved DNA', 'R-loop']","{'R-loop': 1, 'Curved DNA': 1}","{'R-loop:R-loop': 1, 'Curved DNA:Global curvature (phased A-tracts)': 1}",Global curvature (phased A-tracts)(1); R-loop(1),"[{'Sequence Name': 'AR', 'Class': 'R-loop', 'Subtype': 'R-loop', 'Start': 7421, 'End': 8787, 'Length': 267, 'Sequence': 'GGGCACTGGGCCAAGGGACTGACTGAGATTTACCACAGGGAAGGCCCAAACTTGGGGCCA\nAAAGCCTACCCAAGTGATTGACCAGTGGCCCCCTAATGGGACCTGAGCTGTTGGAAGAAG\nAGAACTGTTCCTTGGTCTTCACCATCCTTGTGAGAGAAGGGCAGTTTCCTGCATTGGAAC\nCTGGAGCAAGCGCTCTATCTTTCACACAAATTCCCTCACCTGAGATTGAGGTGCTCTTGT\nTACTGGGTGTCTGTGTGCTGTAATTCT', 'ScoreMethod': 'RLFS_UnifiedFramework_raw', 'Score': 232.13372090480107, 'RIZ_Length': 17, 'REZ_Length': 250, 'REZ_GC_Content': 50.0, 'Conservation_Score': 7.335728379945865, 'Conservation_P_Value': 0.009900990099009901, 'Conservation_Significance': 'high', 'Arms/Repeat Unit/Copies': 'RIZ=17;REZ=250', 'Spacer': '', 'ML_Probability': 0.2109374832878764, 'ML_Confidence': 0.5265624899727259, 'ML_Stability': 0.13468634686346864, 'ML_Pattern_Score': 0.5, 'Enhanced_Score': 168.82172913199705}, {'Sequence Name': 'AR', 'Class': 'Curved DNA', 'Subtype': 'Global curvature (phased A-tracts)', 'Start': 7612, 'End': 7639, 'Length': 28, 'Sequence': 'TTTTTGAAAATCTTTTAAAGCAGTTTTT', 'Score': 11.416666666666668, 'Conservation_Score': 1.593229908828777, 'Conservation_P_Value': 0.009900990099009901, 'Conservation_Significance': 'medium', 'Arms/Repeat Unit/Copies': 'Tracts=3', 'Spacer': 'Spacing=6-15', 'ML_Probability': 0.5, 'ML_Confidence': 0.7, 'ML_Stability': 0.5, 'ML_Pattern_Score': 0.5, 'Enhanced_Score': 22.991666666666667}]",0.105,0.4,"This hybrid region spans multiple non-B DNA classes, indicating a potential hotspot for chromatin remodeling, replication stalling, or mutagenesis. Longer spans with diverse motif composition have higher biological impact.",,,
AR,Hybrid,Hybrid_R-loop(3)_Slipped DNA(1),7714,8248,535,"GGGCAGGGGGGGAGCAAGCATTAGTGCCTCTTTGATAAGCTGTCCAAAGACAGACTAAAG
GACTCTGCTGGTGACTGACTTATAAGAGCTTTGTGGGTTTTTTTTTCCCTAATAATATAC
ATGTTTAGAAGAATTGAAAATAATTTCGGGAAAATGGGATTATGGGTCCTTCACTAAGTG
ATTTTATAAGCAGAACTGGCTTTCCTTTTCTCTAGTAGTTGCTGAGCAAATTGTTGAAGC
TCCATCATTGCATGGTTGGAAATGGAGCTGTTCTTAGCCACTGTGTTTGCTAGTGCCCAT
GTTAGCTTATCTGAAGATGTGAAACCCTTGCTGATAAGGGAGCATTTAAAGTACTAGATT
TTGCACTAGAGGGACAGCAGGCAGAAATCCTTATTTCTGCCCACTTTGGATGGCACAAAA
AGTTATCTGCAGTTGAAGGCAGAAAGTTGAAATACATTGTAAATGAATATTTGTATCCAT
GTTTCAAAATTGAAATATATATATATATATATATATATATATATATATATATATA",2556.89478890516,,,,Classes=2;Subtypes=2,,0.5,0.7,0.5,0.5,1804.826352233612,,,HybridOverlap_SubclassAnalysis_raw,,,,,,,,,,,,,,,,,,,,,,,,,,,,,,"['R-loop', 'Slipped DNA']","{'Slipped DNA': 1, 'R-loop': 3}","{'Slipped DNA:Slipped DNA [STR]': 1, 'R-loop:R-loop': 3}",R-loop(3); Slipped DNA [STR](1),"[{'Sequence Name': 'AR', 'Class': 'Slipped DNA', 'Subtype': 'Slipped DNA [STR]', 'Start': 8208, 'End': 8248, 'Length': 41, 'Unit': 'AT', 'Copies': 20, 'Sequence': 'ATATATATATATATATATATATATATATATATATATATATA', 'ScoreMethod': 'STR_PerfectBlock_v1', 'Score': 16.0, 'GC_Fraction': 0.0, 'Conservation_Score': 6.731314565042312, 'Conservation_P_Value': 0.009900990099009901, 'Conservation_Significance': 'high', 'Arms/Repeat Unit/Copies': 'Unit=AT;Copies=20', 'Spacer': '', 'ML_Probability': 0.975609756097561, 'ML_Confidence': 0.7, 'ML_Stability': 0.5, 'ML_Pattern_Score': 0.5, 'Enhanced_Score': 40.46829268292683}, {'Sequence Name': 'AR', 'Class': 'R-loop', 'Subtype': 'R-loop', 'Start': 7421, 'End': 8787, 'Length': 267, 'Sequence': 'GGGCACTGGGCCAAGGGACTGACTGAGATTTACCACAGGGAAGGCCCAAACTTGGGGCCA\nAAAGCCTACCCAAGTGATTGACCAGTGGCCCCCTAATGGGACCTGAGCTGTTGGAAGAAG\nAGAACTGTTCCTTGGTCTTCACCATCCTTGTGAGAGAAGGGCAGTTTCCTGCATTGGAAC\nCTGGAGCAAGCGCTCTATCTTTCACACAAATTCCCTCACCTGAGATTGAGGTGCTCTTGT\nTACTGGGTGTCTGTGTGCTGTAATTCT', 'ScoreMethod': 'RLFS_UnifiedFramework_raw', 'Score': 232.13372090480107, 'RIZ_Length': 17, 'REZ_Length': 250, 'REZ_GC_Content': 50.0, 'Conservation_Score': 7.335728379945865, 'Conservation_P_Value': 0.009900990099009901, 'Conservation_Significance': 'high', 'Arms/Repeat Unit/Copies': 'RIZ=17;REZ=250', 'Spacer': '', 'ML_Probability': 0.2109374832878764, 'ML_Confidence': 0.5265624899727259, 'ML_Stability': 0.13468634686346864, 'ML_Pattern_Score': 0.5, 'Enhanced_Score': 168.82172913199705}, {'Sequence Name': 'AR', 'Class': 'R-loop', 'Subtype': 'R-loop', 'Start': 7714, 'End': 8775, 'Length': 262, 'Sequence': 'GGGCAGGGGGGGAAACTCAATGGAACTGACTGAGATTTACCACAGGGAAGGCCCAAACTT\nGGGGCCAAAAGCCTACCCAAGTGATTGACCAGTGGCCCCCTAATGGGACCTGAGCTGTTG\nGAAGAAGAGAACTGTTCCTTGGTCTTCACCATCCTTGTGAGAGAAGGGCAGTTTCCTGCA\nTTGGAACCTGGAGCAAGCGCTCTATCTTTCACACAAATTCCCTCACCTGAGATTGAGGTG\nCTCTTGTTACTGGGTGTCTGTG', 'ScoreMethod': 'RLFS_UnifiedFramework_raw', 'Score': 226.6666216616099, 'RIZ_Length': 12, 'REZ_Length': 250, 'REZ_GC_Content': 50.0, 'Conservation_Score': 6.906886507978458, 'Conservation_P_Value': 0.009900990099009901, 'Conservation_Significance': 'high', 'Arms/Repeat Unit/Copies': 'RIZ=12;REZ=250', 'Spacer': '', 'ML_Probability': 0.21657231313578063, 'ML_Confidence': 0.5299433878814683, 'ML_Stability': 0.13909774436090225, 'ML_Pattern_Score': 0.5, 'Enhanced_Score': 165.16380455720034}, {'Sequence Name': 'AR', 'Class': 'R-loop', 'Subtype': 'R-loop', 'Start': 7861, 'End': 8779, 'Length': 269, 'Sequence': 'GGGAAAATGGGATTATGGGTCAATGGAACTGACTGAGATTTACCACAGGGAAGGCCCAAA\nCTTGGGGCCAAAAGCCTACCCAAGTGATTGACCAGTGGCCCCCTAATGGGACCTGAGCTG\nTTGGAAGAAGAGAACTGTTCCTTGGTCTTCACCATCCTTGTGAGAGAAGGGCAGTTTCCT\nGCATTGGAACCTGGAGCAAGCGCTCTATCTTTCACACAAATTCCCTCACCTGAGATTGAG\nGTGCTCTTGTTACTGGGTGTCTGTGTGCT', 'ScoreMethod': 'RLFS_UnifiedFramework_raw', 'Score': 239.43091207064825, 'RIZ_Length': 19, 'REZ_Length': 250, 'REZ_GC_Content': 50.4, 'Conservation_Score': 7.600779025184412, 'Conservation_P_Value': 0.009900990099009901, 'Conservation_Significance': 'high', 'Arms/Repeat Unit/Copies': 'RIZ=19;REZ=250', 'Spacer': '', 'ML_Probability': 0.22694342694342692, 'ML_Confidence': 0.5361660561660562, 'ML_Stability': 0.13553113553113552, 'ML_Pattern_Score': 0.5, 'Enhanced_Score': 174.40994125775657}]",1.989,0.8,"This hybrid region spans multiple non-B DNA classes, indicating a potential hotspot for chromatin remodeling, replication stalling, or mutagenesis. Longer spans with diverse motif composition have higher biological impact.",,,
AR,G-Quadruplex Family,Bulged G4,5864,5886,23,GGGGTGGGATAGACATGTTCTGG,1.3076923076923077,2.7178551614757813,0.019801980198019802,,,,0.5,0.7,0.5,0.5,15.915384615384616,,,G4Hunter_Exact,,,,,,,,1.0,,,,,,,,,,,,,,,,,,,,,,,,,,,,,,1.3076923076923077,Moderate Formation Potential,3.0
AR,G-Quadruplex Family,Imperfect G4,1881,1918,38,GGTGGGGGTGGTGGCGGCGGCGGCGGCGGCGGCGGCGG,1.6428571428571428,3.5283764383930696,0.009900990099009901,,,,0.5,0.7,0.5,0.5,16.15,,,G4Hunter_Exact,,,,,,,,1.0,,,,,,,,,,,,,,,,,,,,,,,,,,,,,,1.6428571428571428,High Formation Potential,8.0
