Sequence Name,Class,Subtype,Start,End,Length,Sequence,Score,Conservation_Score,Conservation_P_Value,Conservation_Significance,Arms/Repeat Unit/Copies,Spacer,ML_Probability,ML_Confidence,ML_Stability,ML_Pattern_Score,Enhanced_Score,Unit,Copies,ScoreMethod,GC_Fraction,RIZ_Length,REZ_Length,REZ_GC_Content,Kadane_Score,Structural_Factor,GC_Content,GC_CG_Dinucleotides,MotifClasses,ClassBreakdown,SubclassBreakdown,SubclassDetail,ContributingMotifs,OverlapDegree,InteractionStrength,Annotation
BCL11A,Curved DNA,Local curvature (long A-tract),144,172,29,TTTTTTTTTTTTTTTTTTTTTTTTTTTTT,60.69258240356725,0.0,1.0,not significant,,,0.5,0.7,0.5,0.5,57.48480768249707,,,,,,,,,,,,,,,,,,,
BCL11A,Curved DNA,Local curvature (long A-tract),177,184,8,AAAAAAAA,17.414213562373096,0.0,1.0,not significant,,,0.5,0.7,0.5,0.5,27.189949493661167,,,,,,,,,,,,,,,,,,,
BCL11A,Curved DNA,Global curvature (phased A-tracts),2873,2912,40,TTTTATTTATATTTTTTAATAAAAAGTAAAAACAAAAAAA,15.375,2.517323556612172,0.009900990099009901,high,Tracts=5,Spacing=6-15,0.5,0.7,0.5,0.5,25.7625,,,,,,,,,,,,,,,,,,,
BCL11A,Curved DNA,Local curvature (long A-tract),88,94,7,TTTTTTT,15.322875655532295,0.0,1.0,not significant,,,0.5,0.7,0.5,0.5,25.726012958872605,,,,,,,,,,,,,,,,,,,
BCL11A,Curved DNA,Global curvature (phased A-tracts),3303,3328,26,TTTTCAAGGAGAATCAAAATGCAAAA,6.0,1.663308105737136,0.0297029702970297,medium,Tracts=3,Spacing=6-15,0.5,0.7,0.5,0.5,19.2,,,,,,,,,,,,,,,,,,,
BCL11A,Slipped DNA,Slipped DNA [STR],144,172,29,TTTTTTTTTTTTTTTTTTTTTTTTTTTTT,16.0,0.0,1.0,not significant,Unit=T;Copies=29,,0.9655172413793104,0.7,0.5,0.5,40.165517241379305,T,29.0,STR_PerfectBlock_v1,0.0,,,,,,,,,,,,,,,
BCL11A,Slipped DNA,Slipped DNA [STR],97,114,18,TCTCTCTCTCTCTCTCTC,15.0,2.7115424634682683,0.009900990099009901,high,Unit=TC;Copies=9,,1.0,0.7,0.5,0.5,40.5,TC,9.0,STR_PerfectBlock_v1,0.5,,,,,,,,,,,,,,,
BCL11A,Slipped DNA,Slipped DNA [STR],340,368,29,CCGCCGCCGCCGCCGCCGCCGCCGCCGCC,14.5,4.373001042482825,0.009900990099009901,high,Unit=CCG;Copies=9,,0.9310344827586207,0.7,0.5,0.5,38.08103448275862,CCG,9.0,STR_PerfectBlock_v1,1.0,,,,,,,,,,,,,,,
BCL11A,Slipped DNA,Slipped DNA [STR],1882,1896,15,GAGGAGGAGGAGGAG,10.0,1.8668745984761566,0.009900990099009901,medium,Unit=GAG;Copies=5,,1.0,0.7,0.5,0.5,37.0,GAG,5.0,STR_PerfectBlock_v1,0.667,,,,,,,,,,,,,,,
BCL11A,R-loop,R-loop,1973,3719,1747,"GGGGCGCGGTCGTGGGCGTGGGCGACGAGAGCCGCGCCCTGCCCGACGTCATGCAGGGCA
TGGTGCTCAGCTCCATGCAGCACTTCAGCGAGGCCTTCCACCAGGTCCTGGGCGAGAAGC
ATAAGCGCGGCCACCTGGCCGAGGCCGAGGGCCACAGGGACACTTGCGACGAAGACTCGG
TGGCCGGCGAGTCGGACCGCATAGACGATGGCACTGTTAATGGCCGCGGCTGCTCCCCGG
GCGAGTCGGCCTCGGGGGGCCTGTCCAAAAAGCTGCTGCTGGGCAGCCCCAGCTCGCTGA
GCCCCTTCTCTAAGCGCATCAAGCTCGAGAAGGAGTTCGACCTGCCCCCGGCCGCGATGC
CCAACACGGAGAACGTGTACTCGCAGTGGCTCGCCGGCTACGCGGCCTCCAGGCAGCTCA
AAGATCCCTTCCTTAGCTTCGGAGACTCCAGACAATCGCCTTTTGCCTCCTCGTCGGAGC
ACTCCTCGGAGAACGGGAGTTTGCGCTTCTCCACACCGCCCGGGGAGCTGGACGGAGGGA
TCTCGGGGCGCAGCGGCACGGGAAGTGGAGGGAGCACGCCCCATATTAGTGGTCCGGGCC
CGGGCAGGCCCAGCTCAAAAGAGGGCAGACGCAGCGACACTTGTTCTTCACACACCCCCA
TTCGGCGTAGTACCCAGAGAGCTCAAGATGTGTGGCAGTTTTCGGATGGAAGCTCGAGAG
CCCTTAAGTTCTGAGAAAATTTGAAGCCCCCAGGGGTGGGGTGGACGCGTGCCGCCCAGT
CGACGTCAGCGTGGTCTGTCATCCTGCTAGTTTGTGATGTTTTCTGACAGTAGCCTCCAA
GAAGCCGTTGTGCGAAGACAGAGTCCTGCAGAGTCCTTCCAGCCTAGGCCTGCAGCGCCA
TTTTATTTATATTTTTTAATAAAAAGTAAAAACAAAAAAACAGACCCACATTGGAACAGT
GAATCAGTCCCATAGAGAGGGCCCGTGGACCATCGCTGTCATGAGTGATGCCCTGGCCCT
TCTGAAACCAGCCAACCTAATTACCTGTATTGTGGAAATGCGCATGAGTCCCCAACCCCT
TGTTTCTATACATTCTATGTTGTCTTTTAAAAAGTGTGCTTAACATTGACACAATAAATG
TTGGAGCTTTAGGTGGTGTTTGCTTGTTCTTTAATTTTTAATGCTTATAAGACAATGAGG
CTGCTTATGATTTTGTACTTCTGTACCTGTTTCCTACAGACACCCATCGGGTGGGTAGGA
GGAACAGATTTGAGAAATGGGCAGGAGATGTAGGAGGGGAACTAGGTTACCGCTTATCAG
ATGGCATAAATTTTCAAGGAGAATCAAAATGCAAAACTTGGGAATAAATCATAGCAATAT
CATAATTAATGTAGTAGTAATATTGCTGTTTATTAATGCTGAAGTGTGGTTTTCCTAACT
GTCTGACTTATAATTTGCATACCATTAAATAATGCATAATATGGCACGCCGAATCCTGTT
TTTCAAATATATGCTTTTGGTGGCTACCATGCAGGATTTGAATTTGTCTTTTAATTTAGC
TTAGGAAAGAACATCACTGGGCGAGCGGTAAATCCTAAAGAAGGTGATAAATGTCAGTAG
TTTCTTATTAAATATTCTAATTTTAGGTTCCCAAACCTTCAGGAAATATATCTTAATGCA
GACAAACAAACATAAAACTTCTTTAGTACTTACATCAGGAAATTTGGGGCAGATTTTAGA
GGGGGGA",1182.3067362066984,5.029049027418655,0.009900990099009901,high,RIZ=22;REZ=1725,,0.41554420936773884,0.6493265256206433,0.13091216216216217,0.5,840.0810416257209,,,RLFS_UnifiedFramework_raw,,22.0,1725.0,50.14492753623189,,,,,,,,,,,,
BCL11A,R-loop,R-loop,2725,4558,184,"GGGGTGGGGAGACACACACATGTGGCTTACACATACAGACCCAGGATGGCCTTTGGTAAA
GGCATGCAGAGTTGCCTCTTCCTACCAACAGATGTGTGCACTGAGAAAGGGAGGTTGCAG
CCTCCTTGCCATCACCTTTCCCCTGTGGCTTTTCCATGACAAATAACCCTGATTGCACGA
GTGG",107.97812687200876,8.845461260057963,0.009900990099009901,high,RIZ=9;REZ=175,,0.1389365455648051,0.48336192733888306,0.13101604278074866,0.5,79.75278517735028,,,RLFS_UnifiedFramework_raw,,9.0,175.0,50.857142857142854,,,,,,,,,,,,
BCL11A,Z-DNA,Z-DNA,1,397,397,GTCTCTGTCCATCCAGACTCCTGACGTTCAAGTTCGCAGGGACGTCACGTCCGCACTTGAACTTGCAGCTCAGGGGGGCTTTTGCCATTTTTTTCATCTCTCTCTCTCTCTCTCCCTCTATCTCTCTTCTCTCTCTCTCCCTCTTTTTTTTTTTTTTTTTTTTTTTTTTTTTGCTTAAAAAAAAGCCATGACGGCTCTCCCACAATTCATCTTCCCTGCGCCATCTTTGTATTATTTCTAATTTATTTTGGATGTCAAAAGGCACTGATGAAGATATTTTCTCTGGAGTCTCCTTCTTTCTAACCCGGCTCTCCCGATGTGAACCGAGCCGTCGTCCGCCCGCCGCCGCCGCCGCCGCCGCCGCCGCCCGCCCCGCAGCCCACCATGTCTCGCCGCA,125.25,0.0,1.0,,,,0.23256621631936492,0.4627963514235554,0.5,0.23484848484848486,94.65198648958095,,,Kadane_TransitionArray_v1,,,,,125.25,1.0,0.506,55.0,,,,,,,,
BCL11A,Z-DNA,Z-DNA,397,2027,1631,AAGCAAGGCAAACCCCAGCACTTAAGCAAACGGGAATTCTCGCCCGAGCCTCTTGAAGCCATTCTTACAGATGATGAACCAGACCACGGCCCGTTGGGAGCTCCAGAAGGGGATCATGACCTCCTCACCTGTGGGCAGTGCCAGATGAACTTCCCATTGGGGGACATTCTTATTTTTATCGAGCACAAACGGAAACAATGCAATGGCAGCCTCTGCTTAGAAAAAGCTGTGGATAAGCCACCTTCCCCTTCACCAATCGAGATGAAAAAAGCATCCAATCCCGTGGAGGTTGGCATCCAGGTCACGCCAGAGGATGACGATTGTTTATCAACGTCATCTAGAGGAATTTGCCCCAAACAGGAACACATAGCAGATAAACTTCTGCACTGGAGGGGCCTCTCCTCCCCTCGTTCTGCACATGGAGCTCTAATCCCCACGCCTGGGATGAGTGCAGAATATGCCCCGCAGGGTATTTGTAAAGATGAGCCCAGCAGCTACACATGTACAACTTGCAAACAGCCATTCACCAGTGCATGGTTTCTCTTGCAACACGCACAGAACACTCATGGATTAAGAATCTACTTAGAAAGCGAACACGGAAGTCCCCTGACCCCGCGGGTTGGTATCCCTTCAGGACTAGGTGCAGAATGTCCTTCCCAGCCACCTCTCCATGGGATTCATATTGCAGACAATAACCCCTTTAACCTGCTAAGAATACCAGGATCAGTATCGAGAGAGGCTTCCGGCCTGGCAGAAGGGCGCTTTCCACCCACTCCCCCCCTGTTTAGTCCACCACCGAGACATCACTTGGACCCCCACCGCATAGAGCGCCTGGGGGCGGAAGAGATGGCCCTGGCCACCCATCACCCGAGTGCCTTTGACAGGGTGCTGCGGTTGAATCCAATGGCTATGGAGCCTCCCGCCATGGATTTCTCTAGGAGACTTAGAGAGCTGGCAGGGAACACGTCTAGCCCACCGCTGTCCCCAGGCCGGCCCAGCCCTATGCAAAGGTTACTGCAACCATTCCAGCCAGGTAGCAAGCCGCCCTTCCTGGCGACGCCCCCCCTCCCTCCTCTGCAATCCGCCCCTCCTCCCTCCCAGCCCCCGGTCAAGTCCAAGTCATGCGAGTTCTGCGGCAAGACGTTCAAATTTCAGAGCAACCTGGTGGTGCACCGGCGCAGCCACACGGGCGAGAAGCCCTACAAGTGCAACCTGTGCGACCACGCGTGCACCCAGGCCAGCAAGCTGAAGCGCCACATGAAGACGCACATGCACAAATCGTCCCCCATGACGGTCAAGTCCGACGACGGTCTCTCCACCGCCAGCTCCCCGGAACCCGGCACCAGCGACTTGGTGGGCAGCGCCAGCAGCGCGCTCAAGTCCGTGGTGGCCAAGTTCAAGAGCGAGAACGACCCCAACCTGATCCCGGAGAACGGGGACGAGGAGGAAGAGGAGGACGACGAGGAAGAGGAAGAAGAGGAGGAAGAGGAGGAGGAGGAGCTGACGGAGAGCGAGAGGGTGGACTACGGCTTCGGGCTGAGCCTGGAGGCGGCGCGCCACCACGAGAACAGCTCGCGGGGCGCGGTCGTGGGCGTGGGCGACGAGAGCCGCGCCCTGCCCGACGTCATGCA,78.5,0.0,1.0,,,,0.32481672202307293,0.5273717054161511,0.5,0.2791411042944785,64.69450166069218,,,Kadane_TransitionArray_v1,,,,,78.5,1.0,0.581,224.0,,,,,,,,
BCL11A,Z-DNA,Z-DNA,2151,2378,228,GGTGGCCGGCGAGTCGGACCGCATAGACGATGGCACTGTTAATGGCCGCGGCTGCTCCCCGGGCGAGTCGGCCTCGGGGGGCCTGTCCAAAAAGCTGCTGCTGGGCAGCCCCAGCTCGCTGAGCCCCTTCTCTAAGCGCATCAAGCTCGAGAAGGAGTTCGACCTGCCCCCGGCCGCGATGCCCAACACGGAGAACGTGTACTCGCAGTGGCTCGCCGGCTACGCGGC,61.25,0.0,1.0,,,,0.4193484813354973,0.5935439369348481,0.5,0.3568281938325991,55.45545444006492,,,Kadane_TransitionArray_v1,,,,,61.25,1.0,0.68,57.0,,,,,,,,
BCL11A,Z-DNA,Z-DNA,2378,2765,388,CCTCCAGGCAGCTCAAAGATCCCTTCCTTAGCTTCGGAGACTCCAGACAATCGCCTTTTGCCTCCTCGTCGGAGCACTCCTCGGAGAACGGGAGTTTGCGCTTCTCCACACCGCCCGGGGAGCTGGACGGAGGGATCTCGGGGCGCAGCGGCACGGGAAGTGGAGGGAGCACGCCCCATATTAGTGGTCCGGGCCCGGGCAGGCCCAGCTCAAAAGAGGGCAGACGCAGCGACACTTGTTCTTCACACACCCCCATTCGGCGTAGTACCCAGAGAGCTCAAGATGTGTGGCAGTTTTCGGATGGAAGCTCGAGAGCCCTTAAGTTCTGAGAAAATTTGAAGCCCCCAGGGGTGGGGTGGACGCGTGCCGCCCAGTCGACGTCAGCGTG,55.5,0.0,1.0,,,,0.32721036788406727,0.5290472575188471,0.5,0.27390180878552967,48.66631103652201,,,Kadane_TransitionArray_v1,,,,,55.5,1.0,0.616,62.0,,,,,,,,
BCL11A,Hybrid,Hybrid_Curved DNA(1)_Z-DNA(1),88,94,7,TTTTTTT,3.4700609103884545,,,,Classes=2;Subtypes=2,,0.5,0.7,0.5,0.5,17.42904263727192,,,HybridOverlap_SubclassAnalysis_raw,,,,,,,,,"['Curved DNA', 'Z-DNA']","{'Curved DNA': 1, 'Z-DNA': 1}","{'Curved DNA:Local curvature (long A-tract)': 1, 'Z-DNA:Z-DNA': 1}",Local curvature (long A-tract)(1); Z-DNA(1),"[{'Sequence Name': 'BCL11A', 'Class': 'Curved DNA', 'Subtype': 'Local curvature (long A-tract)', 'Start': 88, 'End': 94, 'Length': 7, 'Sequence': 'TTTTTTT', 'Score': 15.322875655532295, 'Conservation_Score': 0.0, 'Conservation_P_Value': 1.0, 'Conservation_Significance': 'not significant', 'Arms/Repeat Unit/Copies': '', 'Spacer': '', 'ML_Probability': 0.5, 'ML_Confidence': 0.7, 'ML_Stability': 0.5, 'ML_Pattern_Score': 0.5, 'Enhanced_Score': 25.726012958872605}, {'Sequence Name': 'BCL11A', 'Class': 'Z-DNA', 'Subtype': 'Z-DNA', 'Start': 1, 'End': 397, 'Length': 397, 'Sequence': 'GTCTCTGTCCATCCAGACTCCTGACGTTCAAGTTCGCAGGGACGTCACGTCCGCACTTGAACTTGCAGCTCAGGGGGGCTTTTGCCATTTTTTTCATCTCTCTCTCTCTCTCTCCCTCTATCTCTCTTCTCTCTCTCTCCCTCTTTTTTTTTTTTTTTTTTTTTTTTTTTTTGCTTAAAAAAAAGCCATGACGGCTCTCCCACAATTCATCTTCCCTGCGCCATCTTTGTATTATTTCTAATTTATTTTGGATGTCAAAAGGCACTGATGAAGATATTTTCTCTGGAGTCTCCTTCTTTCTAACCCGGCTCTCCCGATGTGAACCGAGCCGTCGTCCGCCCGCCGCCGCCGCCGCCGCCGCCGCCGCCCGCCCCGCAGCCCACCATGTCTCGCCGCA', 'ScoreMethod': 'Kadane_TransitionArray_v1', 'Score': 125.25, 'Kadane_Score': 125.25, 'Structural_Factor': 1.0, 'GC_Content': 0.506, 'GC_CG_Dinucleotides': 55, 'Conservation_Score': 0.0, 'Conservation_P_Value': 1.0, 'Conservation_Significance': '', 'Arms/Repeat Unit/Copies': '', 'Spacer': '', 'ML_Probability': 0.23256621631936492, 'ML_Confidence': 0.4627963514235554, 'ML_Stability': 0.5, 'ML_Pattern_Score': 0.23484848484848486, 'Enhanced_Score': 94.65198648958095}]",0.018,0.4,"This hybrid region spans multiple non-B DNA classes, indicating a potential hotspot for chromatin remodeling, replication stalling, or mutagenesis. Longer spans with diverse motif composition have higher biological impact."
BCL11A,Hybrid,Hybrid_Slipped DNA(1)_Z-DNA(1),97,114,18,TCTCTCTCTCTCTCTCTC,8.902518891687656,,,,Classes=2;Subtypes=2,,0.5,0.7,0.5,0.5,21.231763224181357,,,HybridOverlap_SubclassAnalysis_raw,,,,,,,,,"['Slipped DNA', 'Z-DNA']","{'Z-DNA': 1, 'Slipped DNA': 1}","{'Z-DNA:Z-DNA': 1, 'Slipped DNA:Slipped DNA [STR]': 1}",Slipped DNA [STR](1); Z-DNA(1),"[{'Sequence Name': 'BCL11A', 'Class': 'Z-DNA', 'Subtype': 'Z-DNA', 'Start': 1, 'End': 397, 'Length': 397, 'Sequence': 'GTCTCTGTCCATCCAGACTCCTGACGTTCAAGTTCGCAGGGACGTCACGTCCGCACTTGAACTTGCAGCTCAGGGGGGCTTTTGCCATTTTTTTCATCTCTCTCTCTCTCTCTCCCTCTATCTCTCTTCTCTCTCTCTCCCTCTTTTTTTTTTTTTTTTTTTTTTTTTTTTTGCTTAAAAAAAAGCCATGACGGCTCTCCCACAATTCATCTTCCCTGCGCCATCTTTGTATTATTTCTAATTTATTTTGGATGTCAAAAGGCACTGATGAAGATATTTTCTCTGGAGTCTCCTTCTTTCTAACCCGGCTCTCCCGATGTGAACCGAGCCGTCGTCCGCCCGCCGCCGCCGCCGCCGCCGCCGCCGCCCGCCCCGCAGCCCACCATGTCTCGCCGCA', 'ScoreMethod': 'Kadane_TransitionArray_v1', 'Score': 125.25, 'Kadane_Score': 125.25, 'Structural_Factor': 1.0, 'GC_Content': 0.506, 'GC_CG_Dinucleotides': 55, 'Conservation_Score': 0.0, 'Conservation_P_Value': 1.0, 'Conservation_Significance': '', 'Arms/Repeat Unit/Copies': '', 'Spacer': '', 'ML_Probability': 0.23256621631936492, 'ML_Confidence': 0.4627963514235554, 'ML_Stability': 0.5, 'ML_Pattern_Score': 0.23484848484848486, 'Enhanced_Score': 94.65198648958095}, {'Sequence Name': 'BCL11A', 'Class': 'Slipped DNA', 'Subtype': 'Slipped DNA [STR]', 'Start': 97, 'End': 114, 'Length': 18, 'Unit': 'TC', 'Copies': 9, 'Sequence': 'TCTCTCTCTCTCTCTCTC', 'ScoreMethod': 'STR_PerfectBlock_v1', 'Score': 15.0, 'GC_Fraction': 0.5, 'Conservation_Score': 2.7115424634682683, 'Conservation_P_Value': 0.009900990099009901, 'Conservation_Significance': 'high', 'Arms/Repeat Unit/Copies': 'Unit=TC;Copies=9', 'Spacer': '', 'ML_Probability': 1.0, 'ML_Confidence': 0.7, 'ML_Stability': 0.5, 'ML_Pattern_Score': 0.5, 'Enhanced_Score': 40.5}]",0.045,0.4,"This hybrid region spans multiple non-B DNA classes, indicating a potential hotspot for chromatin remodeling, replication stalling, or mutagenesis. Longer spans with diverse motif composition have higher biological impact."
BCL11A,Hybrid,Hybrid_Curved DNA(1)_Slipped DNA(1)_Z-DNA(1),144,172,29,TTTTTTTTTTTTTTTTTTTTTTTTTTTTT,23.60235723809955,,,,Classes=3;Subtypes=3,,0.5,0.7,0.5,0.5,31.521650066669686,,,HybridOverlap_SubclassAnalysis_raw,,,,,,,,,"['Curved DNA', 'Slipped DNA', 'Z-DNA']","{'Curved DNA': 1, 'Z-DNA': 1, 'Slipped DNA': 1}","{'Curved DNA:Local curvature (long A-tract)': 1, 'Z-DNA:Z-DNA': 1, 'Slipped DNA:Slipped DNA [STR]': 1}",Local curvature (long A-tract)(1); Slipped DNA [STR](1); Z-DNA(1),"[{'Sequence Name': 'BCL11A', 'Class': 'Curved DNA', 'Subtype': 'Local curvature (long A-tract)', 'Start': 144, 'End': 172, 'Length': 29, 'Sequence': 'TTTTTTTTTTTTTTTTTTTTTTTTTTTTT', 'Score': 60.69258240356725, 'Conservation_Score': 0.0, 'Conservation_P_Value': 1.0, 'Conservation_Significance': 'not significant', 'Arms/Repeat Unit/Copies': '', 'Spacer': '', 'ML_Probability': 0.5, 'ML_Confidence': 0.7, 'ML_Stability': 0.5, 'ML_Pattern_Score': 0.5, 'Enhanced_Score': 57.48480768249707}, {'Sequence Name': 'BCL11A', 'Class': 'Z-DNA', 'Subtype': 'Z-DNA', 'Start': 1, 'End': 397, 'Length': 397, 'Sequence': 'GTCTCTGTCCATCCAGACTCCTGACGTTCAAGTTCGCAGGGACGTCACGTCCGCACTTGAACTTGCAGCTCAGGGGGGCTTTTGCCATTTTTTTCATCTCTCTCTCTCTCTCTCCCTCTATCTCTCTTCTCTCTCTCTCCCTCTTTTTTTTTTTTTTTTTTTTTTTTTTTTTGCTTAAAAAAAAGCCATGACGGCTCTCCCACAATTCATCTTCCCTGCGCCATCTTTGTATTATTTCTAATTTATTTTGGATGTCAAAAGGCACTGATGAAGATATTTTCTCTGGAGTCTCCTTCTTTCTAACCCGGCTCTCCCGATGTGAACCGAGCCGTCGTCCGCCCGCCGCCGCCGCCGCCGCCGCCGCCGCCCGCCCCGCAGCCCACCATGTCTCGCCGCA', 'ScoreMethod': 'Kadane_TransitionArray_v1', 'Score': 125.25, 'Kadane_Score': 125.25, 'Structural_Factor': 1.0, 'GC_Content': 0.506, 'GC_CG_Dinucleotides': 55, 'Conservation_Score': 0.0, 'Conservation_P_Value': 1.0, 'Conservation_Significance': '', 'Arms/Repeat Unit/Copies': '', 'Spacer': '', 'ML_Probability': 0.23256621631936492, 'ML_Confidence': 0.4627963514235554, 'ML_Stability': 0.5, 'ML_Pattern_Score': 0.23484848484848486, 'Enhanced_Score': 94.65198648958095}, {'Sequence Name': 'BCL11A', 'Class': 'Slipped DNA', 'Subtype': 'Slipped DNA [STR]', 'Start': 144, 'End': 172, 'Length': 29, 'Unit': 'T', 'Copies': 29, 'Sequence': 'TTTTTTTTTTTTTTTTTTTTTTTTTTTTT', 'ScoreMethod': 'STR_PerfectBlock_v1', 'Score': 16.0, 'GC_Fraction': 0.0, 'Conservation_Score': 0.0, 'Conservation_P_Value': 1.0, 'Conservation_Significance': 'not significant', 'Arms/Repeat Unit/Copies': 'Unit=T;Copies=29', 'Spacer': '', 'ML_Probability': 0.9655172413793104, 'ML_Confidence': 0.7, 'ML_Stability': 0.5, 'ML_Pattern_Score': 0.5, 'Enhanced_Score': 40.165517241379305}]",0.073,0.6,"This hybrid region spans multiple non-B DNA classes, indicating a potential hotspot for chromatin remodeling, replication stalling, or mutagenesis. Longer spans with diverse motif composition have higher biological impact."
BCL11A,Hybrid,Hybrid_Curved DNA(1)_Z-DNA(1),177,184,8,AAAAAAAA,4.024783858686596,,,,Classes=2;Subtypes=2,,0.5,0.7,0.5,0.5,17.81734870108062,,,HybridOverlap_SubclassAnalysis_raw,,,,,,,,,"['Curved DNA', 'Z-DNA']","{'Curved DNA': 1, 'Z-DNA': 1}","{'Curved DNA:Local curvature (long A-tract)': 1, 'Z-DNA:Z-DNA': 1}",Local curvature (long A-tract)(1); Z-DNA(1),"[{'Sequence Name': 'BCL11A', 'Class': 'Curved DNA', 'Subtype': 'Local curvature (long A-tract)', 'Start': 177, 'End': 184, 'Length': 8, 'Sequence': 'AAAAAAAA', 'Score': 17.414213562373096, 'Conservation_Score': 0.0, 'Conservation_P_Value': 1.0, 'Conservation_Significance': 'not significant', 'Arms/Repeat Unit/Copies': '', 'Spacer': '', 'ML_Probability': 0.5, 'ML_Confidence': 0.7, 'ML_Stability': 0.5, 'ML_Pattern_Score': 0.5, 'Enhanced_Score': 27.189949493661167}, {'Sequence Name': 'BCL11A', 'Class': 'Z-DNA', 'Subtype': 'Z-DNA', 'Start': 1, 'End': 397, 'Length': 397, 'Sequence': 'GTCTCTGTCCATCCAGACTCCTGACGTTCAAGTTCGCAGGGACGTCACGTCCGCACTTGAACTTGCAGCTCAGGGGGGCTTTTGCCATTTTTTTCATCTCTCTCTCTCTCTCTCCCTCTATCTCTCTTCTCTCTCTCTCCCTCTTTTTTTTTTTTTTTTTTTTTTTTTTTTTGCTTAAAAAAAAGCCATGACGGCTCTCCCACAATTCATCTTCCCTGCGCCATCTTTGTATTATTTCTAATTTATTTTGGATGTCAAAAGGCACTGATGAAGATATTTTCTCTGGAGTCTCCTTCTTTCTAACCCGGCTCTCCCGATGTGAACCGAGCCGTCGTCCGCCCGCCGCCGCCGCCGCCGCCGCCGCCGCCCGCCCCGCAGCCCACCATGTCTCGCCGCA', 'ScoreMethod': 'Kadane_TransitionArray_v1', 'Score': 125.25, 'Kadane_Score': 125.25, 'Structural_Factor': 1.0, 'GC_Content': 0.506, 'GC_CG_Dinucleotides': 55, 'Conservation_Score': 0.0, 'Conservation_P_Value': 1.0, 'Conservation_Significance': '', 'Arms/Repeat Unit/Copies': '', 'Spacer': '', 'ML_Probability': 0.23256621631936492, 'ML_Confidence': 0.4627963514235554, 'ML_Stability': 0.5, 'ML_Pattern_Score': 0.23484848484848486, 'Enhanced_Score': 94.65198648958095}]",0.02,0.4,"This hybrid region spans multiple non-B DNA classes, indicating a potential hotspot for chromatin remodeling, replication stalling, or mutagenesis. Longer spans with diverse motif composition have higher biological impact."
BCL11A,Hybrid,Hybrid_Slipped DNA(1)_Z-DNA(1),340,368,29,CCGCCGCCGCCGCCGCCGCCGCCGCCGCC,14.291813602015111,,,,Classes=2;Subtypes=2,,0.5,0.7,0.5,0.5,25.004269521410578,,,HybridOverlap_SubclassAnalysis_raw,,,,,,,,,"['Slipped DNA', 'Z-DNA']","{'Slipped DNA': 1, 'Z-DNA': 1}","{'Slipped DNA:Slipped DNA [STR]': 1, 'Z-DNA:Z-DNA': 1}",Slipped DNA [STR](1); Z-DNA(1),"[{'Sequence Name': 'BCL11A', 'Class': 'Slipped DNA', 'Subtype': 'Slipped DNA [STR]', 'Start': 340, 'End': 368, 'Length': 29, 'Unit': 'CCG', 'Copies': 9, 'Sequence': 'CCGCCGCCGCCGCCGCCGCCGCCGCCGCC', 'ScoreMethod': 'STR_PerfectBlock_v1', 'Score': 14.5, 'GC_Fraction': 1.0, 'Conservation_Score': 4.373001042482825, 'Conservation_P_Value': 0.009900990099009901, 'Conservation_Significance': 'high', 'Arms/Repeat Unit/Copies': 'Unit=CCG;Copies=9', 'Spacer': '', 'ML_Probability': 0.9310344827586207, 'ML_Confidence': 0.7, 'ML_Stability': 0.5, 'ML_Pattern_Score': 0.5, 'Enhanced_Score': 38.08103448275862}, {'Sequence Name': 'BCL11A', 'Class': 'Z-DNA', 'Subtype': 'Z-DNA', 'Start': 1, 'End': 397, 'Length': 397, 'Sequence': 'GTCTCTGTCCATCCAGACTCCTGACGTTCAAGTTCGCAGGGACGTCACGTCCGCACTTGAACTTGCAGCTCAGGGGGGCTTTTGCCATTTTTTTCATCTCTCTCTCTCTCTCTCCCTCTATCTCTCTTCTCTCTCTCTCCCTCTTTTTTTTTTTTTTTTTTTTTTTTTTTTTGCTTAAAAAAAAGCCATGACGGCTCTCCCACAATTCATCTTCCCTGCGCCATCTTTGTATTATTTCTAATTTATTTTGGATGTCAAAAGGCACTGATGAAGATATTTTCTCTGGAGTCTCCTTCTTTCTAACCCGGCTCTCCCGATGTGAACCGAGCCGTCGTCCGCCCGCCGCCGCCGCCGCCGCCGCCGCCGCCCGCCCCGCAGCCCACCATGTCTCGCCGCA', 'ScoreMethod': 'Kadane_TransitionArray_v1', 'Score': 125.25, 'Kadane_Score': 125.25, 'Structural_Factor': 1.0, 'GC_Content': 0.506, 'GC_CG_Dinucleotides': 55, 'Conservation_Score': 0.0, 'Conservation_P_Value': 1.0, 'Conservation_Significance': '', 'Arms/Repeat Unit/Copies': '', 'Spacer': '', 'ML_Probability': 0.23256621631936492, 'ML_Confidence': 0.4627963514235554, 'ML_Stability': 0.5, 'ML_Pattern_Score': 0.23484848484848486, 'Enhanced_Score': 94.65198648958095}]",0.073,0.4,"This hybrid region spans multiple non-B DNA classes, indicating a potential hotspot for chromatin remodeling, replication stalling, or mutagenesis. Longer spans with diverse motif composition have higher biological impact."
BCL11A,Hybrid,Hybrid_Slipped DNA(1)_Z-DNA(1),1882,1896,15,GAGGAGGAGGAGGAG,1.1394849785407724,,,,Classes=2;Subtypes=2,,0.5,0.7,0.5,0.5,15.797639484978541,,,HybridOverlap_SubclassAnalysis_raw,,,,,,,,,"['Slipped DNA', 'Z-DNA']","{'Slipped DNA': 1, 'Z-DNA': 1}","{'Slipped DNA:Slipped DNA [STR]': 1, 'Z-DNA:Z-DNA': 1}",Slipped DNA [STR](1); Z-DNA(1),"[{'Sequence Name': 'BCL11A', 'Class': 'Slipped DNA', 'Subtype': 'Slipped DNA [STR]', 'Start': 1882, 'End': 1896, 'Length': 15, 'Unit': 'GAG', 'Copies': 5, 'Sequence': 'GAGGAGGAGGAGGAG', 'ScoreMethod': 'STR_PerfectBlock_v1', 'Score': 10.0, 'GC_Fraction': 0.667, 'Conservation_Score': 1.8668745984761566, 'Conservation_P_Value': 0.009900990099009901, 'Conservation_Significance': 'medium', 'Arms/Repeat Unit/Copies': 'Unit=GAG;Copies=5', 'Spacer': '', 'ML_Probability': 1.0, 'ML_Confidence': 0.7, 'ML_Stability': 0.5, 'ML_Pattern_Score': 0.5, 'Enhanced_Score': 37.0}, {'Sequence Name': 'BCL11A', 'Class': 'Z-DNA', 'Subtype': 'Z-DNA', 'Start': 397, 'End': 2027, 'Length': 1631, 'Sequence': 'AAGCAAGGCAAACCCCAGCACTTAAGCAAACGGGAATTCTCGCCCGAGCCTCTTGAAGCCATTCTTACAGATGATGAACCAGACCACGGCCCGTTGGGAGCTCCAGAAGGGGATCATGACCTCCTCACCTGTGGGCAGTGCCAGATGAACTTCCCATTGGGGGACATTCTTATTTTTATCGAGCACAAACGGAAACAATGCAATGGCAGCCTCTGCTTAGAAAAAGCTGTGGATAAGCCACCTTCCCCTTCACCAATCGAGATGAAAAAAGCATCCAATCCCGTGGAGGTTGGCATCCAGGTCACGCCAGAGGATGACGATTGTTTATCAACGTCATCTAGAGGAATTTGCCCCAAACAGGAACACATAGCAGATAAACTTCTGCACTGGAGGGGCCTCTCCTCCCCTCGTTCTGCACATGGAGCTCTAATCCCCACGCCTGGGATGAGTGCAGAATATGCCCCGCAGGGTATTTGTAAAGATGAGCCCAGCAGCTACACATGTACAACTTGCAAACAGCCATTCACCAGTGCATGGTTTCTCTTGCAACACGCACAGAACACTCATGGATTAAGAATCTACTTAGAAAGCGAACACGGAAGTCCCCTGACCCCGCGGGTTGGTATCCCTTCAGGACTAGGTGCAGAATGTCCTTCCCAGCCACCTCTCCATGGGATTCATATTGCAGACAATAACCCCTTTAACCTGCTAAGAATACCAGGATCAGTATCGAGAGAGGCTTCCGGCCTGGCAGAAGGGCGCTTTCCACCCACTCCCCCCCTGTTTAGTCCACCACCGAGACATCACTTGGACCCCCACCGCATAGAGCGCCTGGGGGCGGAAGAGATGGCCCTGGCCACCCATCACCCGAGTGCCTTTGACAGGGTGCTGCGGTTGAATCCAATGGCTATGGAGCCTCCCGCCATGGATTTCTCTAGGAGACTTAGAGAGCTGGCAGGGAACACGTCTAGCCCACCGCTGTCCCCAGGCCGGCCCAGCCCTATGCAAAGGTTACTGCAACCATTCCAGCCAGGTAGCAAGCCGCCCTTCCTGGCGACGCCCCCCCTCCCTCCTCTGCAATCCGCCCCTCCTCCCTCCCAGCCCCCGGTCAAGTCCAAGTCATGCGAGTTCTGCGGCAAGACGTTCAAATTTCAGAGCAACCTGGTGGTGCACCGGCGCAGCCACACGGGCGAGAAGCCCTACAAGTGCAACCTGTGCGACCACGCGTGCACCCAGGCCAGCAAGCTGAAGCGCCACATGAAGACGCACATGCACAAATCGTCCCCCATGACGGTCAAGTCCGACGACGGTCTCTCCACCGCCAGCTCCCCGGAACCCGGCACCAGCGACTTGGTGGGCAGCGCCAGCAGCGCGCTCAAGTCCGTGGTGGCCAAGTTCAAGAGCGAGAACGACCCCAACCTGATCCCGGAGAACGGGGACGAGGAGGAAGAGGAGGACGACGAGGAAGAGGAAGAAGAGGAGGAAGAGGAGGAGGAGGAGCTGACGGAGAGCGAGAGGGTGGACTACGGCTTCGGGCTGAGCCTGGAGGCGGCGCGCCACCACGAGAACAGCTCGCGGGGCGCGGTCGTGGGCGTGGGCGACGAGAGCCGCGCCCTGCCCGACGTCATGCA', 'ScoreMethod': 'Kadane_TransitionArray_v1', 'Score': 78.5, 'Kadane_Score': 78.5, 'Structural_Factor': 1.0, 'GC_Content': 0.581, 'GC_CG_Dinucleotides': 224, 'Conservation_Score': 0.0, 'Conservation_P_Value': 1.0, 'Conservation_Significance': '', 'Arms/Repeat Unit/Copies': '', 'Spacer': '', 'ML_Probability': 0.32481672202307293, 'ML_Confidence': 0.5273717054161511, 'ML_Stability': 0.5, 'ML_Pattern_Score': 0.2791411042944785, 'Enhanced_Score': 64.69450166069218}]",0.009,0.4,"This hybrid region spans multiple non-B DNA classes, indicating a potential hotspot for chromatin remodeling, replication stalling, or mutagenesis. Longer spans with diverse motif composition have higher biological impact."
BCL11A,Hybrid,Hybrid_R-loop(1)_Z-DNA(1),1973,2027,55,GGGGCGCGGTCGTGGGCGTGGGCGACGAGAGCCGCGCCCTGCCCGACGTCATGCA,55.57076055404451,,,,Classes=2;Subtypes=2,,0.5,0.7,0.5,0.5,53.89953238783116,,,HybridOverlap_SubclassAnalysis_raw,,,,,,,,,"['R-loop', 'Z-DNA']","{'R-loop': 1, 'Z-DNA': 1}","{'R-loop:R-loop': 1, 'Z-DNA:Z-DNA': 1}",R-loop(1); Z-DNA(1),"[{'Sequence Name': 'BCL11A', 'Class': 'R-loop', 'Subtype': 'R-loop', 'Start': 1973, 'End': 3719, 'Length': 1747, 'Sequence': 'GGGGCGCGGTCGTGGGCGTGGGCGACGAGAGCCGCGCCCTGCCCGACGTCATGCAGGGCA\nTGGTGCTCAGCTCCATGCAGCACTTCAGCGAGGCCTTCCACCAGGTCCTGGGCGAGAAGC\nATAAGCGCGGCCACCTGGCCGAGGCCGAGGGCCACAGGGACACTTGCGACGAAGACTCGG\nTGGCCGGCGAGTCGGACCGCATAGACGATGGCACTGTTAATGGCCGCGGCTGCTCCCCGG\nGCGAGTCGGCCTCGGGGGGCCTGTCCAAAAAGCTGCTGCTGGGCAGCCCCAGCTCGCTGA\nGCCCCTTCTCTAAGCGCATCAAGCTCGAGAAGGAGTTCGACCTGCCCCCGGCCGCGATGC\nCCAACACGGAGAACGTGTACTCGCAGTGGCTCGCCGGCTACGCGGCCTCCAGGCAGCTCA\nAAGATCCCTTCCTTAGCTTCGGAGACTCCAGACAATCGCCTTTTGCCTCCTCGTCGGAGC\nACTCCTCGGAGAACGGGAGTTTGCGCTTCTCCACACCGCCCGGGGAGCTGGACGGAGGGA\nTCTCGGGGCGCAGCGGCACGGGAAGTGGAGGGAGCACGCCCCATATTAGTGGTCCGGGCC\nCGGGCAGGCCCAGCTCAAAAGAGGGCAGACGCAGCGACACTTGTTCTTCACACACCCCCA\nTTCGGCGTAGTACCCAGAGAGCTCAAGATGTGTGGCAGTTTTCGGATGGAAGCTCGAGAG\nCCCTTAAGTTCTGAGAAAATTTGAAGCCCCCAGGGGTGGGGTGGACGCGTGCCGCCCAGT\nCGACGTCAGCGTGGTCTGTCATCCTGCTAGTTTGTGATGTTTTCTGACAGTAGCCTCCAA\nGAAGCCGTTGTGCGAAGACAGAGTCCTGCAGAGTCCTTCCAGCCTAGGCCTGCAGCGCCA\nTTTTATTTATATTTTTTAATAAAAAGTAAAAACAAAAAAACAGACCCACATTGGAACAGT\nGAATCAGTCCCATAGAGAGGGCCCGTGGACCATCGCTGTCATGAGTGATGCCCTGGCCCT\nTCTGAAACCAGCCAACCTAATTACCTGTATTGTGGAAATGCGCATGAGTCCCCAACCCCT\nTGTTTCTATACATTCTATGTTGTCTTTTAAAAAGTGTGCTTAACATTGACACAATAAATG\nTTGGAGCTTTAGGTGGTGTTTGCTTGTTCTTTAATTTTTAATGCTTATAAGACAATGAGG\nCTGCTTATGATTTTGTACTTCTGTACCTGTTTCCTACAGACACCCATCGGGTGGGTAGGA\nGGAACAGATTTGAGAAATGGGCAGGAGATGTAGGAGGGGAACTAGGTTACCGCTTATCAG\nATGGCATAAATTTTCAAGGAGAATCAAAATGCAAAACTTGGGAATAAATCATAGCAATAT\nCATAATTAATGTAGTAGTAATATTGCTGTTTATTAATGCTGAAGTGTGGTTTTCCTAACT\nGTCTGACTTATAATTTGCATACCATTAAATAATGCATAATATGGCACGCCGAATCCTGTT\nTTTCAAATATATGCTTTTGGTGGCTACCATGCAGGATTTGAATTTGTCTTTTAATTTAGC\nTTAGGAAAGAACATCACTGGGCGAGCGGTAAATCCTAAAGAAGGTGATAAATGTCAGTAG\nTTTCTTATTAAATATTCTAATTTTAGGTTCCCAAACCTTCAGGAAATATATCTTAATGCA\nGACAAACAAACATAAAACTTCTTTAGTACTTACATCAGGAAATTTGGGGCAGATTTTAGA\nGGGGGGA', 'ScoreMethod': 'RLFS_UnifiedFramework_raw', 'Score': 1182.3067362066984, 'RIZ_Length': 22, 'REZ_Length': 1725, 'REZ_GC_Content': 50.14492753623189, 'Conservation_Score': 5.029049027418655, 'Conservation_P_Value': 0.009900990099009901, 'Conservation_Significance': 'high', 'Arms/Repeat Unit/Copies': 'RIZ=22;REZ=1725', 'Spacer': '', 'ML_Probability': 0.41554420936773884, 'ML_Confidence': 0.6493265256206433, 'ML_Stability': 0.13091216216216217, 'ML_Pattern_Score': 0.5, 'Enhanced_Score': 840.0810416257209}, {'Sequence Name': 'BCL11A', 'Class': 'Z-DNA', 'Subtype': 'Z-DNA', 'Start': 397, 'End': 2027, 'Length': 1631, 'Sequence': 'AAGCAAGGCAAACCCCAGCACTTAAGCAAACGGGAATTCTCGCCCGAGCCTCTTGAAGCCATTCTTACAGATGATGAACCAGACCACGGCCCGTTGGGAGCTCCAGAAGGGGATCATGACCTCCTCACCTGTGGGCAGTGCCAGATGAACTTCCCATTGGGGGACATTCTTATTTTTATCGAGCACAAACGGAAACAATGCAATGGCAGCCTCTGCTTAGAAAAAGCTGTGGATAAGCCACCTTCCCCTTCACCAATCGAGATGAAAAAAGCATCCAATCCCGTGGAGGTTGGCATCCAGGTCACGCCAGAGGATGACGATTGTTTATCAACGTCATCTAGAGGAATTTGCCCCAAACAGGAACACATAGCAGATAAACTTCTGCACTGGAGGGGCCTCTCCTCCCCTCGTTCTGCACATGGAGCTCTAATCCCCACGCCTGGGATGAGTGCAGAATATGCCCCGCAGGGTATTTGTAAAGATGAGCCCAGCAGCTACACATGTACAACTTGCAAACAGCCATTCACCAGTGCATGGTTTCTCTTGCAACACGCACAGAACACTCATGGATTAAGAATCTACTTAGAAAGCGAACACGGAAGTCCCCTGACCCCGCGGGTTGGTATCCCTTCAGGACTAGGTGCAGAATGTCCTTCCCAGCCACCTCTCCATGGGATTCATATTGCAGACAATAACCCCTTTAACCTGCTAAGAATACCAGGATCAGTATCGAGAGAGGCTTCCGGCCTGGCAGAAGGGCGCTTTCCACCCACTCCCCCCCTGTTTAGTCCACCACCGAGACATCACTTGGACCCCCACCGCATAGAGCGCCTGGGGGCGGAAGAGATGGCCCTGGCCACCCATCACCCGAGTGCCTTTGACAGGGTGCTGCGGTTGAATCCAATGGCTATGGAGCCTCCCGCCATGGATTTCTCTAGGAGACTTAGAGAGCTGGCAGGGAACACGTCTAGCCCACCGCTGTCCCCAGGCCGGCCCAGCCCTATGCAAAGGTTACTGCAACCATTCCAGCCAGGTAGCAAGCCGCCCTTCCTGGCGACGCCCCCCCTCCCTCCTCTGCAATCCGCCCCTCCTCCCTCCCAGCCCCCGGTCAAGTCCAAGTCATGCGAGTTCTGCGGCAAGACGTTCAAATTTCAGAGCAACCTGGTGGTGCACCGGCGCAGCCACACGGGCGAGAAGCCCTACAAGTGCAACCTGTGCGACCACGCGTGCACCCAGGCCAGCAAGCTGAAGCGCCACATGAAGACGCACATGCACAAATCGTCCCCCATGACGGTCAAGTCCGACGACGGTCTCTCCACCGCCAGCTCCCCGGAACCCGGCACCAGCGACTTGGTGGGCAGCGCCAGCAGCGCGCTCAAGTCCGTGGTGGCCAAGTTCAAGAGCGAGAACGACCCCAACCTGATCCCGGAGAACGGGGACGAGGAGGAAGAGGAGGACGACGAGGAAGAGGAAGAAGAGGAGGAAGAGGAGGAGGAGGAGCTGACGGAGAGCGAGAGGGTGGACTACGGCTTCGGGCTGAGCCTGGAGGCGGCGCGCCACCACGAGAACAGCTCGCGGGGCGCGGTCGTGGGCGTGGGCGACGAGAGCCGCGCCCTGCCCGACGTCATGCA', 'ScoreMethod': 'Kadane_TransitionArray_v1', 'Score': 78.5, 'Kadane_Score': 78.5, 'Structural_Factor': 1.0, 'GC_Content': 0.581, 'GC_CG_Dinucleotides': 224, 'Conservation_Score': 0.0, 'Conservation_P_Value': 1.0, 'Conservation_Significance': '', 'Arms/Repeat Unit/Copies': '', 'Spacer': '', 'ML_Probability': 0.32481672202307293, 'ML_Confidence': 0.5273717054161511, 'ML_Stability': 0.5, 'ML_Pattern_Score': 0.2791411042944785, 'Enhanced_Score': 64.69450166069218}]",0.031,0.4,"This hybrid region spans multiple non-B DNA classes, indicating a potential hotspot for chromatin remodeling, replication stalling, or mutagenesis. Longer spans with diverse motif composition have higher biological impact."
BCL11A,Hybrid,Hybrid_Curved DNA(1)_R-loop(2),2151,3328,1178,"GGTGGCCGGCGAGTCGGACCGCATAGACGATGGCACTGTTAATGGCCGCGGCTGCTCCCC
GGGCGAGTCGGCCTCGGGGGGCCTGTCCAAAAAGCTGCTGCTGGGCAGCCCCAGCTCGCT
GAGCCCCTTCTCTAAGCGCATCAAGCTCGAGAAGGAGTTCGACCTGCCCCCGGCCGCGAT
GCCCAACACGGAGAACGTGTACTCGCAGTGGCTCGCCGGCTACGCGGCCTCCAGGCAGCT
CAAAGATCCCTTCCTTAGCTTCGGAGACTCCAGACAATCGCCTTTTGCCTCCTCGTCGGA
GCACTCCTCGGAGAACGGGAGTTTGCGCTTCTCCACACCGCCCGGGGAGCTGGACGGAGG
GATCTCGGGGCGCAGCGGCACGGGAAGTGGAGGGAGCACGCCCCATATTAGTGGTCCGGG
CCCGGGCAGGCCCAGCTCAAAAGAGGGCAGACGCAGCGACACTTGTTCTTCACACACCCC
CATTCGGCGTAGTACCCAGAGAGCTCAAGATGTGTGGCAGTTTTCGGATGGAAGCTCGAG
AGCCCTTAAGTTCTGAGAAAATTTGAAGCCCCCAGGGGTGGGGTGGACGCGTGCCGCCCA
GTCGACGTCAGCGTGGTCTGTCATCCTGCTAGTTTGTGATGTTTTCTGACAGTAGCCTCC
AAGAAGCCGTTGTGCGAAGACAGAGTCCTGCAGAGTCCTTCCAGCCTAGGCCTGCAGCGC
CATTTTATTTATATTTTTTAATAAAAAGTAAAAACAAAAAAACAGACCCACATTGGAACA
GTGAATCAGTCCCATAGAGAGGGCCCGTGGACCATCGCTGTCATGAGTGATGCCCTGGCC
CTTCTGAAACCAGCCAACCTAATTACCTGTATTGTGGAAATGCGCATGAGTCCCCAACCC
CTTGTTTCTATACATTCTATGTTGTCTTTTAAAAAGTGTGCTTAACATTGACACAATAAA
TGTTGGAGCTTTAGGTGGTGTTTGCTTGTTCTTTAATTTTTAATGCTTATAAGACAATGA
GGCTGCTTATGATTTTGTACTTCTGTACCTGTTTCCTACAGACACCCATCGGGTGGGTAG
GAGGAACAGATTTGAGAAATGGGCAGGAGATGTAGGAGGGGAACTAGGTTACCGCTTATC
AGATGGCATAAATTTTCAAGGAGAATCAAAATGCAAAA",1398.5333199374625,,,,Classes=2;Subtypes=2,,0.5,0.7,0.5,0.5,993.9733239562237,,,HybridOverlap_SubclassAnalysis_raw,,,,,,,,,"['Curved DNA', 'R-loop']","{'Curved DNA': 1, 'R-loop': 2}","{'Curved DNA:Global curvature (phased A-tracts)': 1, 'R-loop:R-loop': 2}",Global curvature (phased A-tracts)(1); R-loop(2),"[{'Sequence Name': 'BCL11A', 'Class': 'Curved DNA', 'Subtype': 'Global curvature (phased A-tracts)', 'Start': 3303, 'End': 3328, 'Length': 26, 'Sequence': 'TTTTCAAGGAGAATCAAAATGCAAAA', 'Score': 6.0, 'Conservation_Score': 1.663308105737136, 'Conservation_P_Value': 0.0297029702970297, 'Conservation_Significance': 'medium', 'Arms/Repeat Unit/Copies': 'Tracts=3', 'Spacer': 'Spacing=6-15', 'ML_Probability': 0.5, 'ML_Confidence': 0.7, 'ML_Stability': 0.5, 'ML_Pattern_Score': 0.5, 'Enhanced_Score': 19.2}, {'Sequence Name': 'BCL11A', 'Class': 'R-loop', 'Subtype': 'R-loop', 'Start': 1973, 'End': 3719, 'Length': 1747, 'Sequence': 'GGGGCGCGGTCGTGGGCGTGGGCGACGAGAGCCGCGCCCTGCCCGACGTCATGCAGGGCA\nTGGTGCTCAGCTCCATGCAGCACTTCAGCGAGGCCTTCCACCAGGTCCTGGGCGAGAAGC\nATAAGCGCGGCCACCTGGCCGAGGCCGAGGGCCACAGGGACACTTGCGACGAAGACTCGG\nTGGCCGGCGAGTCGGACCGCATAGACGATGGCACTGTTAATGGCCGCGGCTGCTCCCCGG\nGCGAGTCGGCCTCGGGGGGCCTGTCCAAAAAGCTGCTGCTGGGCAGCCCCAGCTCGCTGA\nGCCCCTTCTCTAAGCGCATCAAGCTCGAGAAGGAGTTCGACCTGCCCCCGGCCGCGATGC\nCCAACACGGAGAACGTGTACTCGCAGTGGCTCGCCGGCTACGCGGCCTCCAGGCAGCTCA\nAAGATCCCTTCCTTAGCTTCGGAGACTCCAGACAATCGCCTTTTGCCTCCTCGTCGGAGC\nACTCCTCGGAGAACGGGAGTTTGCGCTTCTCCACACCGCCCGGGGAGCTGGACGGAGGGA\nTCTCGGGGCGCAGCGGCACGGGAAGTGGAGGGAGCACGCCCCATATTAGTGGTCCGGGCC\nCGGGCAGGCCCAGCTCAAAAGAGGGCAGACGCAGCGACACTTGTTCTTCACACACCCCCA\nTTCGGCGTAGTACCCAGAGAGCTCAAGATGTGTGGCAGTTTTCGGATGGAAGCTCGAGAG\nCCCTTAAGTTCTGAGAAAATTTGAAGCCCCCAGGGGTGGGGTGGACGCGTGCCGCCCAGT\nCGACGTCAGCGTGGTCTGTCATCCTGCTAGTTTGTGATGTTTTCTGACAGTAGCCTCCAA\nGAAGCCGTTGTGCGAAGACAGAGTCCTGCAGAGTCCTTCCAGCCTAGGCCTGCAGCGCCA\nTTTTATTTATATTTTTTAATAAAAAGTAAAAACAAAAAAACAGACCCACATTGGAACAGT\nGAATCAGTCCCATAGAGAGGGCCCGTGGACCATCGCTGTCATGAGTGATGCCCTGGCCCT\nTCTGAAACCAGCCAACCTAATTACCTGTATTGTGGAAATGCGCATGAGTCCCCAACCCCT\nTGTTTCTATACATTCTATGTTGTCTTTTAAAAAGTGTGCTTAACATTGACACAATAAATG\nTTGGAGCTTTAGGTGGTGTTTGCTTGTTCTTTAATTTTTAATGCTTATAAGACAATGAGG\nCTGCTTATGATTTTGTACTTCTGTACCTGTTTCCTACAGACACCCATCGGGTGGGTAGGA\nGGAACAGATTTGAGAAATGGGCAGGAGATGTAGGAGGGGAACTAGGTTACCGCTTATCAG\nATGGCATAAATTTTCAAGGAGAATCAAAATGCAAAACTTGGGAATAAATCATAGCAATAT\nCATAATTAATGTAGTAGTAATATTGCTGTTTATTAATGCTGAAGTGTGGTTTTCCTAACT\nGTCTGACTTATAATTTGCATACCATTAAATAATGCATAATATGGCACGCCGAATCCTGTT\nTTTCAAATATATGCTTTTGGTGGCTACCATGCAGGATTTGAATTTGTCTTTTAATTTAGC\nTTAGGAAAGAACATCACTGGGCGAGCGGTAAATCCTAAAGAAGGTGATAAATGTCAGTAG\nTTTCTTATTAAATATTCTAATTTTAGGTTCCCAAACCTTCAGGAAATATATCTTAATGCA\nGACAAACAAACATAAAACTTCTTTAGTACTTACATCAGGAAATTTGGGGCAGATTTTAGA\nGGGGGGA', 'ScoreMethod': 'RLFS_UnifiedFramework_raw', 'Score': 1182.3067362066984, 'RIZ_Length': 22, 'REZ_Length': 1725, 'REZ_GC_Content': 50.14492753623189, 'Conservation_Score': 5.029049027418655, 'Conservation_P_Value': 0.009900990099009901, 'Conservation_Significance': 'high', 'Arms/Repeat Unit/Copies': 'RIZ=22;REZ=1725', 'Spacer': '', 'ML_Probability': 0.41554420936773884, 'ML_Confidence': 0.6493265256206433, 'ML_Stability': 0.13091216216216217, 'ML_Pattern_Score': 0.5, 'Enhanced_Score': 840.0810416257209}, {'Sequence Name': 'BCL11A', 'Class': 'R-loop', 'Subtype': 'R-loop', 'Start': 2725, 'End': 4558, 'Length': 184, 'Sequence': 'GGGGTGGGGAGACACACACATGTGGCTTACACATACAGACCCAGGATGGCCTTTGGTAAA\nGGCATGCAGAGTTGCCTCTTCCTACCAACAGATGTGTGCACTGAGAAAGGGAGGTTGCAG\nCCTCCTTGCCATCACCTTTCCCCTGTGGCTTTTCCATGACAAATAACCCTGATTGCACGA\nGTGG', 'ScoreMethod': 'RLFS_UnifiedFramework_raw', 'Score': 107.97812687200876, 'RIZ_Length': 9, 'REZ_Length': 175, 'REZ_GC_Content': 50.857142857142854, 'Conservation_Score': 8.845461260057963, 'Conservation_P_Value': 0.009900990099009901, 'Conservation_Significance': 'high', 'Arms/Repeat Unit/Copies': 'RIZ=9;REZ=175', 'Spacer': '', 'ML_Probability': 0.1389365455648051, 'ML_Confidence': 0.48336192733888306, 'ML_Stability': 0.13101604278074866, 'ML_Pattern_Score': 0.5, 'Enhanced_Score': 79.75278517735028}]",0.674,0.6,"This hybrid region spans multiple non-B DNA classes, indicating a potential hotspot for chromatin remodeling, replication stalling, or mutagenesis. Longer spans with diverse motif composition have higher biological impact."
