Sequence Name,Class,Subtype,Start,End,Length,Sequence,Score,Conservation_Score,Conservation_P_Value,Conservation_Significance,Arms/Repeat Unit/Copies,Spacer,ML_Probability,ML_Confidence,ML_Stability,ML_Pattern_Score,Enhanced_Score,Unit,Copies,ScoreMethod,GC_Fraction,RIZ_Length,REZ_Length,REZ_GC_Content,Kadane_Score,Structural_Factor,GC_Content,GC_CG_Dinucleotides,Family,CGG_Repeats,G_Fraction,Repeat_Count,Repeat_Unit,Clinical_Significance,Disease_Name,Gene_Symbol,Inheritance_Pattern,Normal_Range,Pathogenic_Threshold,Risk_Score,Instability_Score,Population_Percentile,Clinical_Features,PMID_References,Therapeutic_Target,Genetic_Counseling,Structural_Impact,MotifClasses,ClassBreakdown,SubclassBreakdown,SubclassDetail,ContributingMotifs,OverlapDegree,InteractionStrength,Annotation
CACNA1A,Curved DNA,Local curvature (long A-tract),8129,8157,29,AAAAAAAAAAAAAAAAAAAAAAAAAAAAA,60.69258240356725,0.0,1.0,not significant,,,0.5,0.7,0.5,0.5,57.48480768249707,,,,,,,,,,,,,,,,,,,,,,,,,,,,,,,,,,,,,,
CACNA1A,Curved DNA,Local curvature (long A-tract),3852,3858,7,AAAAAAA,15.322875655532295,0.0,1.0,not significant,,,0.5,0.7,0.5,0.5,25.726012958872605,,,,,,,,,,,,,,,,,,,,,,,,,,,,,,,,,,,,,,
CACNA1A,Curved DNA,Local curvature (long A-tract),8410,8416,7,AAAAAAA,15.322875655532295,0.0,1.0,not significant,,,0.5,0.7,0.5,0.5,25.726012958872605,,,,,,,,,,,,,,,,,,,,,,,,,,,,,,,,,,,,,,
CACNA1A,Curved DNA,Local curvature (long A-tract),8449,8455,7,AAAAAAA,15.322875655532295,0.0,1.0,not significant,,,0.5,0.7,0.5,0.5,25.726012958872605,,,,,,,,,,,,,,,,,,,,,,,,,,,,,,,,,,,,,,
CACNA1A,Curved DNA,Local curvature (long A-tract),8478,8484,7,TTTTTTT,15.322875655532295,0.0,1.0,not significant,,,0.5,0.7,0.5,0.5,25.726012958872605,,,,,,,,,,,,,,,,,,,,,,,,,,,,,,,,,,,,,,
CACNA1A,Curved DNA,Global curvature (phased A-tracts),8625,8649,25,AAAAAGAAAAAAAAAATAAAAAAAA,11.208333333333332,-0.0480811462149608,0.9504950495049505,not significant,Tracts=3,Spacing=6-15,0.5,0.7,0.5,0.5,22.84583333333333,,,,,,,,,,,,,,,,,,,,,,,,,,,,,,,,,,,,,,
CACNA1A,Curved DNA,Global curvature (phased A-tracts),8160,8189,30,TTTTTAAAAGAAAAAACGGGGAGAAAAAAA,9.666666666666666,1.75308506951162,0.009900990099009901,medium,Tracts=3,Spacing=6-15,0.5,0.7,0.5,0.5,21.766666666666666,,,,,,,,,,,,,,,,,,,,,,,,,,,,,,,,,,,,,,
CACNA1A,Slipped DNA,Slipped DNA [STR],8129,8157,29,AAAAAAAAAAAAAAAAAAAAAAAAAAAAA,16.0,0.0,1.0,not significant,Unit=A;Copies=29,,0.9655172413793104,0.7,0.5,0.5,40.165517241379305,A,29.0,STR_PerfectBlock_v1,0.0,,,,,,,,,,,,,,,,,,,,,,,,,,,,,,,,,,
CACNA1A,Slipped DNA,Slipped DNA [STR],7204,7243,40,GCAGCAGCAGCAGCAGCAGCAGCAGCAGCAGCAGCAGCAG,15.5,11.688106090560115,0.009900990099009901,high,Unit=GCA;Copies=13,,0.975,0.7,0.5,0.5,40.1,GCA,13.0,STR_PerfectBlock_v1,0.667,,,,,,,,,,,,,,,,,,,,,,,,,,,,,,,,,,
CACNA1A,Slipped DNA,Slipped DNA [STR],180,203,24,GCGGCGGCGGCGGCGGCGGCGGCG,14.5,4.04629247368837,0.009900990099009901,high,Unit=GCG;Copies=8,,1.0,0.7,0.5,0.5,40.15,GCG,8.0,STR_PerfectBlock_v1,1.0,,,,,,,,,,,,,,,,,,,,,,,,,,,,,,,,,,
CACNA1A,Slipped DNA,Slipped DNA [STR],6901,6929,29,CACCACCACCACCACCACCACCACCACCA,14.5,4.5975610816011,0.009900990099009901,high,Unit=CAC;Copies=9,,0.9310344827586207,0.7,0.5,0.5,38.08103448275862,CAC,9.0,STR_PerfectBlock_v1,0.667,,,,,,,,,,,,,,,,,,,,,,,,,,,,,,,,,,
CACNA1A,R-loop,R-loop,292,2385,2094,"GGGGGAGGAGGCTCCGGGGCAGCCGCCGGGGTGGTCGTGGGCAGCGGAGGCGGGCGAGGA
GCCGGGGGCAGCCGGCAGGGCGGGCAGCCCGGGGCGCAAAGGATGTACAAGCAGTCAATG
GCGCAGAGAGCGCGGACCATGGCACTCTACAACCCCATCCCCGTCCGACAGAACTGCCTC
ACGGTTAACCGGTCTCTCTTCCTCTTCAGCGAAGACAACGTGGTGAGAAAATACGCCAAA
AAGATCACCGAATGGCCTCCCTTTGAATATATGATTTTAGCCACCATCATAGCGAATTGC
ATCGTCCTCGCACTGGAGCAGCATCTGCCTGATGATGACAAGACCCCGATGTCTGAACGG
CTGGATGACACAGAACCATACTTCATTGGAATTTTTTGTTTCGAGGCTGGAATTAAAATC
ATTGCCCTTGGGTTTGCCTTCCACAAAGGCTCCTACTTGAGGAATGGCTGGAATGTCATG
GACTTTGTGGTGGTGCTAACGGGCATCTTGGCGACAGTTGGGACGGAGTTTGACCTACGG
ACGCTGAGGGCAGTTCGAGTGCTGCGGCCGCTCAAGCTGGTGTCTGGAATCCCAAGTTTA
CAAGTCGTCCTGAAGTCGATCATGAAGGCGATGATCCCTTTGCTGCAGATCGGCCTCCTC
CTATTTTTTGCAATCCTTATTTTTGCAATCATAGGGTTAGAATTTTATATGGGAAAATTT
CATACCACCTGCTTTGAAGAGGGGACAGATGACATTCAGGGTGAGTCTCCGGCTCCATGT
GGGACAGAAGAGCCCGCCCGCACCTGCCCCAATGGGACCAAATGTCAGCCCTACTGGGAA
GGGCCCAACAACGGGATCACTCAGTTCGACAACATCCTGTTTGCAGTGCTGACTGTTTTC
CAGTGCATAACCATGGAAGGGTGGACTGATCTCCTCTACAATAGCAACGATGCCTCAGGG
AACACTTGGAACTGGTTGTACTTCATCCCCCTCATCATCATCGGCTCCTTTTTTATGCTG
AACCTTGTGCTGGGTGTGCTGTCAGGGGAGTTTGCCAAAGAAAGGGAACGGGTGGAGAAC
CGGCGGGCTTTTCTGAAGCTGAGGCGGCAACAACAGATTGAACGTGAGCTCAATGGGTAC
ATGGAGTGGATCTCAAAAGCAGAAGAGGTGATCCTCGCCGAGGATGAAACTGACGGGGAG
CAGAGGCATCCCTTTGATGGAGCTCTGCGGAGAACCACCATAAAGAAAAGCAAGACAGAT
TTGCTCAACCCCGAAGAGGCTGAGGATCAGCTGGCTGATATAGCCTCTGTGGGTTCTCCC
TTCGCCCGAGCCAGCATTAAAAGTGCCAAGCTGGAGAACTCGACCTTTTTTCACAAAAAG
GAGAGGAGGATGCGTTTCTACATCCGCCGCATGGTCAAAACTCAGGCCTTCTACTGGACT
GTACTCAGTTTGGTAGCTCTCAACACGCTGTGTGTTGCTATTGTTCACTACAACCAGCCC
GAGTGGCTCTCCGACTTCCTTTACTATGCAGAATTCATTTTCTTAGGACTCTTTATGTCC
GAAATGTTTATAAAAATGTACGGGCTTGGGACGCGGCCTTACTTCCACTCTTCCTTCAAC
TGCTTTGACTGTGGGGTTATCATTGGGAGCATCTTCGAGGTCATCTGGGCTGTCATAAAA
CCTGGCACATCCTTTGGAATCAGCGTGTTACGAGCCCTCAGGTTATTGCGTATTTTCAAA
GTCACAAAGTACTGGGCATCTCTCAGAAACCTGGTCGTCTCTCTCCTCAACTCCATGAAG
TCCATCATCAGCCTGTTGTTTCTCCTTTTCCTGTTCATTGTCGTCTTCGCCCTTTTGGGA
ATGCAACTCTTCGGCGGCCAGTTTAATTTCGATGAAGGGACTCCTCCCACCAACTTCGAT
ACTTTTCCAGCAGCAATAATGACGGTGTTTCAGATCCTGACGGGCGAAGACTGGAACGAG
GTCATGTACGACGGGATCAAGTCTCAGGGGGGCGTGCAGGGCGGCATGGTGTTCTCCATC
TATTTCATTGTACTGACGCTCTTTGGGAACTACACCCTCCTGAATGTGTTCTTG",1989.9939010615178,4.755684687834336,0.009900990099009901,high,RIZ=94;REZ=2000,,0.5670755836960824,0.7402453502176494,0.13110902255639098,0.5,1410.007998253945,,,RLFS_UnifiedFramework_raw,,94.0,2000.0,50.14999999999999,,,,,,,,,,,,,,,,,,,,,,,,,,,,,,,
CACNA1A,R-loop,R-loop,1127,3146,2020,"GGGAAGGGCCCAACAACGGGATCACTCAGTTCGACAACATCCTGTTTGCAGTGCTGACTG
TTTTCCAGTGCATAACCATGGAAGGGTGGACTGATCTCCTCTACAATAGCAACGATGCCT
CAGGGAACACTTGGAACTGGTTGTACTTCATCCCCCTCATCATCATCGGCTCCTTTTTTA
TGCTGAACCTTGTGCTGGGTGTGCTGTCAGGGGAGTTTGCCAAAGAAAGGGAACGGGTGG
AGAACCGGCGGGCTTTTCTGAAGCTGAGGCGGCAACAACAGATTGAACGTGAGCTCAATG
GGTACATGGAGTGGATCTCAAAAGCAGAAGAGGTGATCCTCGCCGAGGATGAAACTGACG
GGGAGCAGAGGCATCCCTTTGATGGAGCTCTGCGGAGAACCACCATAAAGAAAAGCAAGA
CAGATTTGCTCAACCCCGAAGAGGCTGAGGATCAGCTGGCTGATATAGCCTCTGTGGGTT
CTCCCTTCGCCCGAGCCAGCATTAAAAGTGCCAAGCTGGAGAACTCGACCTTTTTTCACA
AAAAGGAGAGGAGGATGCGTTTCTACATCCGCCGCATGGTCAAAACTCAGGCCTTCTACT
GGACTGTACTCAGTTTGGTAGCTCTCAACACGCTGTGTGTTGCTATTGTTCACTACAACC
AGCCCGAGTGGCTCTCCGACTTCCTTTACTATGCAGAATTCATTTTCTTAGGACTCTTTA
TGTCCGAAATGTTTATAAAAATGTACGGGCTTGGGACGCGGCCTTACTTCCACTCTTCCT
TCAACTGCTTTGACTGTGGGGTTATCATTGGGAGCATCTTCGAGGTCATCTGGGCTGTCA
TAAAACCTGGCACATCCTTTGGAATCAGCGTGTTACGAGCCCTCAGGTTATTGCGTATTT
TCAAAGTCACAAAGTACTGGGCATCTCTCAGAAACCTGGTCGTCTCTCTCCTCAACTCCA
TGAAGTCCATCATCAGCCTGTTGTTTCTCCTTTTCCTGTTCATTGTCGTCTTCGCCCTTT
TGGGAATGCAACTCTTCGGCGGCCAGTTTAATTTCGATGAAGGGACTCCTCCCACCAACT
TCGATACTTTTCCAGCAGCAATAATGACGGTGTTTCAGATCCTGACGGGCGAAGACTGGA
ACGAGGTCATGTACGACGGGATCAAGTCTCAGGGGGGCGTGCAGGGCGGCATGGTGTTCT
CCATCTATTTCATTGTACTGACGCTCTTTGGGAACTACACCCTCCTGAATGTGTTCTTGG
CCATCGCTGTGGACAATCTGGCCAACGCCCAGGAGCTCACCAAGGTGGAGGCGGACGAGC
AAGAGGAAGAAGAAGCAGCGAACCAGAAACTTGCCCTACAGAAAGCCAAGGAGGTGGCAG
AAGTGAGTCCTCTGTCCGCGGCCAACATGTCTATAGCTGTGAAAGAGCAACAGAAGAATC
AAAAGCCAGCCAAGTCCGTGTGGGAGCAGCGGACCAGTGAGATGCGAAAGCAGAACTTGC
TGGCCAGCCGGGAGGCCCTGTATAACGAAATGGACCCGGACGAGCGCTGGAAGGCTGCCT
ACACGCGGCACCTGCGGCCAGACATGAAGACGCACTTGGACCGGCCGCTGGTGGTGGACC
CGCAGGAGAACCGCAACAACAACACCAACAAGAGCCGGGCGGCCGAGCCCACCGTGGACC
AGCGCCTCGGCCAGCAGCGCGCCGAGGACTTCCTCAGGAAACAGGCCCGCTACCACGATC
GGGCCCGGGACCCCAGCGGCTCGGCGGGCCTGGACGCACGGAGGCCCTGGGCGGGAAGCC
AGGAGGCCGAGCTGAGCCGGGAGGGACCCTACGGCCGCGAGTCGGACCACCACGCCCGGG
AGGGCAGCCTGGAGCAACCCGGGTTCTGGGAGGGCGAGGCCGAGCGAGGCAAGGCCGGGG
ACCCCCACCGGAGGCACGTGCACCGGCAGGGGGGCAGCAGGGAGAGCCGCAGCGGGTCCC
CGCGCACGGGCGCGGACGGGGAGCATCGACGTCATCGCGC",2065.6568344497873,4.223561373269696,0.009900990099009901,high,RIZ=20;REZ=2000,,0.5909497953957432,0.754569877237446,0.1444227959084267,0.5,1463.6882779767234,,,RLFS_UnifiedFramework_raw,,20.0,2000.0,56.39999999999999,,,,,,,,,,,,,,,,,,,,,,,,,,,,,,,
CACNA1A,R-loop,R-loop,3007,5020,2014,"GGGTTCTGGGAGGGCGAGGCCGAGCGAGGCAAGGCCGGGGACCCCCACCGGAGGCACGTG
CACCGGCAGGGGGGCAGCAGGGAGAGCCGCAGCGGGTCCCCGCGCACGGGCGCGGACGGG
GAGCATCGACGTCATCGCGCGCACCGCAGGCCCGGGGAGGAGGGTCCGGAGGACAAGGCG
GAGCGGAGGGCGCGGCACCGCGAGGGCAGCCGGCCGGCCCGGGGCGGCGAGGGCGAGGGC
GAGGGCCCCGACGGGGGCGAGCGCAGGAGAAGGCACCGGCATGGCGCTCCAGCCACGTAC
GAGGGGGACGCGCGGAGGGAGGACAAGGAGCGGAGGCATCGGAGGAGGAAAGAGAACCAG
GGCTCCGGGGTCCCTGTGTCGGGCCCCAACCTGTCAACCACCCGGCCAATCCAGCAGGAC
CTGGGCCGCCAAGACCCACCCCTGGCAGAGGATATTGACAACATGAAGAACAACAAGCTG
GCCACCGCGGAGTCGGCCGCTCCCCACGGCAGCCTTGGCCACGCCGGCCTGCCCCAGAGC
CCAGCCAAGATGGGAAACAGCACCGACCCCGGCCCCATGCTGGCCATCCCTGCCATGGCC
ACCAACCCCCAGAACGCCGCCAGCCGCCGGACGCCCAACAACCCGGGGAACCCATCCAAT
CCCGGCCCCCCCAAGACCCCCGAGAATAGCCTTATCGTCACCAACCCCAGCGGCACCCAG
ACCAATTCAGCTAAGACTGCCAGGAAACCCGACCACACCACAGTGGACATCCCCCCAGCC
TGCCCACCCCCCCTCAACCACACCGTCGTACAAGTGAACAAAAACGCCAACCCAGACCCA
CTGCCAAAAAAAGAGGAAGAGAAGAAGGAGGAGGAGGAAGACGACCGTGGGGAAGACGGC
CCTAAGCCAATGCCTCCCTATAGCTCCATGTTCATCCTGTCCACGACCAACCCCCTTCGC
CGCCTGTGCCATTACATCCTGAACCTGCGCTACTTTGAGATGTGCATCCTCATGGTCATT
GCCATGAGCAGCATCGCCCTGGCCGCCGAGGACCCTGTGCAGCCCAACGCACCTCGGAAC
AACGTGCTGCGATACTTTGACTACGTTTTTACAGGCGTCTTTACCTTTGAGATGGTGATC
AAGATGATTGACCTGGGGCTCGTCCTGCATCAGGGTGCCTACTTCCGTGACCTCTGGAAT
ATTCTCGACTTCATAGTGGTCAGTGGGGCCCTGGTAGCCTTTGCCTTCACTGGCAATAGC
AAAGGAAAAGACATCAACACGATTAAATCCCTCCGAGTCCTCCGGGTGCTACGACCTCTT
AAAACCATCAAGCGGCTGCCAAAGCTCAAGGCTGTGTTTGACTGTGTGGTGAACTCACTT
AAAAACGTCTTCAACATCCTCATCGTCTACATGCTATTCATGTTCATCTTCGCCGTGGTG
GCTGTGCAGCTCTTCAAGGGGAAATTCTTCCACTGCACTGACGAGTCCAAAGAGTTTGAG
AAAGATTGTCGAGGCAAATACCTCCTCTACGAGAAGAATGAGGTGAAGGCGCGAGACCGG
GAGTGGAAGAAGTATGAATTCCATTACGACAATGTGCTGTGGGCTCTGCTGACCCTCTTC
ACCGTGTCCACGGGAGAAGGCTGGCCACAGGTCCTCAAGCATTCGGTGGACGCCACCTTT
GAGAACCAGGGCCCCAGCCCCGGGTACCGCATGGAGATGTCCATTTTCTACGTCGTCTAC
TTTGTGGTGTTCCCCTTCTTCTTTGTCAATATCTTTGTGGCCTTGATCATCATCACCTTC
CAGGAGCAAGGGGACAAGATGATGGAGGAATACAGCCTGGAGAAAAATGAGAGGGCCTGC
ATTGATTTCGCCATCAGCGCCAAGCCGCTGACCCGACACATGCCGCAGAACAAGCAGAGC
TTCCAGTACCGCATGTGGCAGTTCGTGGTGTCTCCGCCTTTCGAGTACACGATCATGGCC
ATGATCGCCCTCAACACCATCGTGCTTATGATGA",1053.7360960495992,4.159021667609396,0.009900990099009901,high,RIZ=14;REZ=2000,,0.48275036638983887,0.6896502198339034,0.1409379579872985,0.5,752.0977782264144,,,RLFS_UnifiedFramework_raw,,14.0,2000.0,60.150000000000006,,,,,,,,,,,,,,,,,,,,,,,,,,,,,,,
CACNA1A,R-loop,R-loop,3227,5263,2037,"GGGGCGGCGAGGGCGAGGGCGAGGGCCCCGACGGGGGCGAGCGCAGGAGAAGGCACCGGC
ATGGCGCTCCAGCCACGTACGAGGGGGACGCGCGGAGGGAGGACAAGGAGCGGAGGCATC
GGAGGAGGAAAGAGAACCAGGGCTCCGGGGTCCCTGTGTCGGGCCCCAACCTGTCAACCA
CCCGGCCAATCCAGCAGGACCTGGGCCGCCAAGACCCACCCCTGGCAGAGGATATTGACA
ACATGAAGAACAACAAGCTGGCCACCGCGGAGTCGGCCGCTCCCCACGGCAGCCTTGGCC
ACGCCGGCCTGCCCCAGAGCCCAGCCAAGATGGGAAACAGCACCGACCCCGGCCCCATGC
TGGCCATCCCTGCCATGGCCACCAACCCCCAGAACGCCGCCAGCCGCCGGACGCCCAACA
ACCCGGGGAACCCATCCAATCCCGGCCCCCCCAAGACCCCCGAGAATAGCCTTATCGTCA
CCAACCCCAGCGGCACCCAGACCAATTCAGCTAAGACTGCCAGGAAACCCGACCACACCA
CAGTGGACATCCCCCCAGCCTGCCCACCCCCCCTCAACCACACCGTCGTACAAGTGAACA
AAAACGCCAACCCAGACCCACTGCCAAAAAAAGAGGAAGAGAAGAAGGAGGAGGAGGAAG
ACGACCGTGGGGAAGACGGCCCTAAGCCAATGCCTCCCTATAGCTCCATGTTCATCCTGT
CCACGACCAACCCCCTTCGCCGCCTGTGCCATTACATCCTGAACCTGCGCTACTTTGAGA
TGTGCATCCTCATGGTCATTGCCATGAGCAGCATCGCCCTGGCCGCCGAGGACCCTGTGC
AGCCCAACGCACCTCGGAACAACGTGCTGCGATACTTTGACTACGTTTTTACAGGCGTCT
TTACCTTTGAGATGGTGATCAAGATGATTGACCTGGGGCTCGTCCTGCATCAGGGTGCCT
ACTTCCGTGACCTCTGGAATATTCTCGACTTCATAGTGGTCAGTGGGGCCCTGGTAGCCT
TTGCCTTCACTGGCAATAGCAAAGGAAAAGACATCAACACGATTAAATCCCTCCGAGTCC
TCCGGGTGCTACGACCTCTTAAAACCATCAAGCGGCTGCCAAAGCTCAAGGCTGTGTTTG
ACTGTGTGGTGAACTCACTTAAAAACGTCTTCAACATCCTCATCGTCTACATGCTATTCA
TGTTCATCTTCGCCGTGGTGGCTGTGCAGCTCTTCAAGGGGAAATTCTTCCACTGCACTG
ACGAGTCCAAAGAGTTTGAGAAAGATTGTCGAGGCAAATACCTCCTCTACGAGAAGAATG
AGGTGAAGGCGCGAGACCGGGAGTGGAAGAAGTATGAATTCCATTACGACAATGTGCTGT
GGGCTCTGCTGACCCTCTTCACCGTGTCCACGGGAGAAGGCTGGCCACAGGTCCTCAAGC
ATTCGGTGGACGCCACCTTTGAGAACCAGGGCCCCAGCCCCGGGTACCGCATGGAGATGT
CCATTTTCTACGTCGTCTACTTTGTGGTGTTCCCCTTCTTCTTTGTCAATATCTTTGTGG
CCTTGATCATCATCACCTTCCAGGAGCAAGGGGACAAGATGATGGAGGAATACAGCCTGG
AGAAAAATGAGAGGGCCTGCATTGATTTCGCCATCAGCGCCAAGCCGCTGACCCGACACA
TGCCGCAGAACAAGCAGAGCTTCCAGTACCGCATGTGGCAGTTCGTGGTGTCTCCGCCTT
TCGAGTACACGATCATGGCCATGATCGCCCTCAACACCATCGTGCTTATGATGAAGTTCT
ATGGGGCTTCTGTTGCTTATGAAAATGCCCTGCGGGTGTTCAACATCGTCTTCACCTCCC
TCTTCTCTCTGGAATGTGTGCTGAAAGTCATGGCTTTTGGGATTCTGAATTATTTCCGCG
ATGCCTGGAACATCTTCGACTTTGTGACTGTTCTGGGCAGCATCACCGATATCCTCGTGA
CTGAGTTTGGGAATCCGAATAACTTCATCAACCTGAGCTTTCTCCGCCTCTTCCGAG",647.16906456202,4.897788256963458,0.009900990099009901,high,RIZ=37;REZ=2000,,0.4118357487922706,0.6471014492753624,0.12729468599033816,0.5,465.37341765718213,,,RLFS_UnifiedFramework_raw,,37.0,2000.0,56.10000000000001,,,,,,,,,,,,,,,,,,,,,,,,,,,,,,,
CACNA1A,R-loop,R-loop,3366,5389,2024,"GGGCTCCGGGGTCCCTGTGTCGGGCCCCAACCTGTCAACCACCCGGCCAATCCAGCAGGA
CCTGGGCCGCCAAGACCCACCCCTGGCAGAGGATATTGACAACATGAAGAACAACAAGCT
GGCCACCGCGGAGTCGGCCGCTCCCCACGGCAGCCTTGGCCACGCCGGCCTGCCCCAGAG
CCCAGCCAAGATGGGAAACAGCACCGACCCCGGCCCCATGCTGGCCATCCCTGCCATGGC
CACCAACCCCCAGAACGCCGCCAGCCGCCGGACGCCCAACAACCCGGGGAACCCATCCAA
TCCCGGCCCCCCCAAGACCCCCGAGAATAGCCTTATCGTCACCAACCCCAGCGGCACCCA
GACCAATTCAGCTAAGACTGCCAGGAAACCCGACCACACCACAGTGGACATCCCCCCAGC
CTGCCCACCCCCCCTCAACCACACCGTCGTACAAGTGAACAAAAACGCCAACCCAGACCC
ACTGCCAAAAAAAGAGGAAGAGAAGAAGGAGGAGGAGGAAGACGACCGTGGGGAAGACGG
CCCTAAGCCAATGCCTCCCTATAGCTCCATGTTCATCCTGTCCACGACCAACCCCCTTCG
CCGCCTGTGCCATTACATCCTGAACCTGCGCTACTTTGAGATGTGCATCCTCATGGTCAT
TGCCATGAGCAGCATCGCCCTGGCCGCCGAGGACCCTGTGCAGCCCAACGCACCTCGGAA
CAACGTGCTGCGATACTTTGACTACGTTTTTACAGGCGTCTTTACCTTTGAGATGGTGAT
CAAGATGATTGACCTGGGGCTCGTCCTGCATCAGGGTGCCTACTTCCGTGACCTCTGGAA
TATTCTCGACTTCATAGTGGTCAGTGGGGCCCTGGTAGCCTTTGCCTTCACTGGCAATAG
CAAAGGAAAAGACATCAACACGATTAAATCCCTCCGAGTCCTCCGGGTGCTACGACCTCT
TAAAACCATCAAGCGGCTGCCAAAGCTCAAGGCTGTGTTTGACTGTGTGGTGAACTCACT
TAAAAACGTCTTCAACATCCTCATCGTCTACATGCTATTCATGTTCATCTTCGCCGTGGT
GGCTGTGCAGCTCTTCAAGGGGAAATTCTTCCACTGCACTGACGAGTCCAAAGAGTTTGA
GAAAGATTGTCGAGGCAAATACCTCCTCTACGAGAAGAATGAGGTGAAGGCGCGAGACCG
GGAGTGGAAGAAGTATGAATTCCATTACGACAATGTGCTGTGGGCTCTGCTGACCCTCTT
CACCGTGTCCACGGGAGAAGGCTGGCCACAGGTCCTCAAGCATTCGGTGGACGCCACCTT
TGAGAACCAGGGCCCCAGCCCCGGGTACCGCATGGAGATGTCCATTTTCTACGTCGTCTA
CTTTGTGGTGTTCCCCTTCTTCTTTGTCAATATCTTTGTGGCCTTGATCATCATCACCTT
CCAGGAGCAAGGGGACAAGATGATGGAGGAATACAGCCTGGAGAAAAATGAGAGGGCCTG
CATTGATTTCGCCATCAGCGCCAAGCCGCTGACCCGACACATGCCGCAGAACAAGCAGAG
CTTCCAGTACCGCATGTGGCAGTTCGTGGTGTCTCCGCCTTTCGAGTACACGATCATGGC
CATGATCGCCCTCAACACCATCGTGCTTATGATGAAGTTCTATGGGGCTTCTGTTGCTTA
TGAAAATGCCCTGCGGGTGTTCAACATCGTCTTCACCTCCCTCTTCTCTCTGGAATGTGT
GCTGAAAGTCATGGCTTTTGGGATTCTGAATTATTTCCGCGATGCCTGGAACATCTTCGA
CTTTGTGACTGTTCTGGGCAGCATCACCGATATCCTCGTGACTGAGTTTGGGAATCCGAA
TAACTTCATCAACCTGAGCTTTCTCCGCCTCTTCCGAGCTGCCCGGCTCATCAAACTTCT
CCGTCAGGGTTACACCATCCGCATTCTTCTCTGGACCTTTGTGCAGTCCTTCAAGGCCCT
GCCTTATGTCTGTCTGCTGATCGCCATGCTCTTCTTCATCTATG",292.07552412537007,5.229592650082324,0.009900990099009901,high,RIZ=24;REZ=2000,,0.33353427321341766,0.6001205639280506,0.116917841516772,0.5,214.45889508416155,,,RLFS_UnifiedFramework_raw,,24.0,2000.0,55.00000000000001,,,,,,,,,,,,,,,,,,,,,,,,,,,,,,,
CACNA1A,R-loop,R-loop,6983,8647,1665,"GGGCACGGGCTCGGGACCAGCGCTGGTCCCGCTCGCCCAGCGAGGGCCGAGAGCACATGG
CGCACCGGCAGTAGTTCCGTAAGTGGAAGCCCAGCCCCCTCAACATCTGGTACCAGCACT
CCGCGGCGGGGCCGCCGCCAGCTCCCCCAGACCCCCTCCACCCCCCGGCCACACGTGTCC
TATTCCCCTGTGATCCGTAAGGCCGGCGGCTCGGGGCCCCCGCAGCAGCAGCAGCAGCAG
CAGCAGCAGCAGCAGCAGCAGGCGGTGGCCAGGCCGGGCCGGGCGGCCACCAGCGGCCCT
CGGAGGTACCCAGGCCCCACGGCCGAGCCTCTGGCCGGAGATCGGCCGCCCACGGGGGGC
CACAGCAGCGGCCGCTCGCCCAGGATGGAGAGGCGGGTCCCAGGCCCGGCCCGGAGCGAG
TCCCCCAGGGCCTGTCGACACGGCGGGGCCCGGTGGCCGGCATCTGGCCCGCACGTGTCC
GAGGGGCCCCCGGGTCCCCGGCACCATGGCTACTACCGGGGCTCCGACTACGACGAGGCC
GATGGCCCGGGCAGCGGGGGCGGCGAGGAGGCCATGGCCGGGGCCTACGACGCGCCACCC
CCCGTACGACACGCGTCCTCGGGCGCCACCGGGCGCTCGCCCAGGACTCCCCGGGCCTCG
GGCCCGGCCTGCGCCTCGCCTTCTCGGCACGGCCGGCGACTCCCCAACGGCTACTACCCG
GCGCACGGACTGGCCAGGCCCCGCGGGCCGGGCTCCAGGAAGGGCCTGCACGAACCCTAC
AGCGAGAGTGACGATGATTGGTGCTAAGCCCGGGCGAGGTGGCGCCCGCCCGGCCCCCCA
CGCACCCCACGCACACACCCCACCCGAGGAGCCGCGCAGAGGCCGCGGGGGCCCAGCACA
GAGGGCCCGGGAGAGGGCCAGCCGGGAGACCCCAGACTCTGGAGAGGCCAGGGCTGGGCC
ACAAGGGTGTCCCGCAGAGACCCTCGGCCAAAAGAGACCCTCCTGGGCAGCCACGGCGCC
CCCCAACCAGCCCCGATCCCCCCACCCACGACAGGGGCTCTCGGGTGGGAGGCAGGGAGC
AGACAAACCACACAGCCAAGGGATTTGAATTAACTCAGCCATTTTTGGAGAACTTTGGGG
AACATGAAAAAAAAAAAAAAAAAAAAAAAAAAAAACATTTTTAAAAGAAAAAACGGGGAG
AAAAAAATAGCTTCTATTGATGAGTTTTATCATCTCAATTGAATCTTTCCTTTCCCTGAT
GAAGACAGCTGGTGGCCGAGTGCGGCAAAGAAGCCAGAAGGAACCAGAATCCCAGTGCCC
TACACCCACCACCAGACACACTCACACCCACACACGTTCTCAGACACACACAAGAGTGCT
TGCCGGTTATACCAAACCCTACTATTACTGCCTGCAGAAATCAATTTAAAAAAATAATAA
TAACAATAAACAATTTTAAAAAGGACAAAAAAATTAATGATTGAGAAAAGAGGCATTTTT
TTCTGACATTTGGTCCTGCTTGAAACAACAAAAGAAGAAGAAAAACCCACCATCACCACC
GATTCCTTTGCTTCTTTTTTCCTTTTTTCCTACCTTGTTTGAAAACCGTGGGCTTGGGAC
TGTGAATTATTGCATGACATTCAAAAAGAAAAAAAAAATAAAAAA",1030.6053820473485,3.947268741630683,0.009900990099009901,high,RIZ=15;REZ=1650,,0.5420567375886525,0.7252340425531916,0.1400709219858156,0.5,737.6854695608034,,,RLFS_UnifiedFramework_raw,,15.0,1650.0,61.63636363636363,,,,,,,,,,,,,,,,,,,,,,,,,,,,,,,
CACNA1A,R-loop,R-loop,7727,8621,895,"GGGCCGGGCTCCAGGAAGGGCCTGCACGAACCCTACAGCGAGAGTGACGATGATTGGTGC
TAAGCCCGGGCGAGGTGGCGCCCGCCCGGCCCCCCACGCACCCCACGCACACACCCCACC
CGAGGAGCCGCGCAGAGGCCGCGGGGGCCCAGCACAGAGGGCCCGGGAGAGGGCCAGCCG
GGAGACCCCAGACTCTGGAGAGGCCAGGGCTGGGCCACAAGGGTGTCCCGCAGAGACCCT
CGGCCAAAAGAGACCCTCCTGGGCAGCCACGGCGCCCCCCAACCAGCCCCGATCCCCCCA
CCCACGACAGGGGCTCTCGGGTGGGAGGCAGGGAGCAGACAAACCACACAGCCAAGGGAT
TTGAATTAACTCAGCCATTTTTGGAGAACTTTGGGGAACATGAAAAAAAAAAAAAAAAAA
AAAAAAAAAAACATTTTTAAAAGAAAAAACGGGGAGAAAAAAATAGCTTCTATTGATGAG
TTTTATCATCTCAATTGAATCTTTCCTTTCCCTGATGAAGACAGCTGGTGGCCGAGTGCG
GCAAAGAAGCCAGAAGGAACCAGAATCCCAGTGCCCTACACCCACCACCAGACACACTCA
CACCCACACACGTTCTCAGACACACACAAGAGTGCTTGCCGGTTATACCAAACCCTACTA
TTACTGCCTGCAGAAATCAATTTAAAAAAATAATAATAACAATAAACAATTTTAAAAAGG
ACAAAAAAATTAATGATTGAGAAAAGAGGCATTTTTTTCTGACATTTGGTCCTGCTTGAA
ACAACAAAAGAAGAAGAAAAACCCACCATCACCACCGATTCCTTTGCTTCTTTTTTCCTT
TTTTCCTACCTTGTTTGAAAACCGTGGGCTTGGGACTGTGAATTATTGCATGACA",521.278855352062,6.434908498368774,0.009900990099009901,high,RIZ=20;REZ=875,,0.301969196919692,0.5811815181518152,0.11496149614961496,0.5,373.9542746540341,,,RLFS_UnifiedFramework_raw,,20.0,875.0,50.28571428571429,,,,,,,,,,,,,,,,,,,,,,,,,,,,,,,
CACNA1A,R-loop,R-loop,7885,8408,524,"GGGCCCGGGAGAGGGCCAGCCGGGAGACCCCAGACTCTGGAGAGGCCAGGGCTGGGCCAC
AAGGGTGTCCCGCAGAGACCCTCGGCCAAAAGAGACCCTCCTGGGCAGCCACGGCGCCCC
CCAACCAGCCCCGATCCCCCCACCCACGACAGGGGCTCTCGGGTGGGAGGCAGGGAGCAG
ACAAACCACACAGCCAAGGGATTTGAATTAACTCAGCCATTTTTGGAGAACTTTGGGGAA
CATGAAAAAAAAAAAAAAAAAAAAAAAAAAAAACATTTTTAAAAGAAAAAACGGGGAGAA
AAAAATAGCTTCTATTGATGAGTTTTATCATCTCAATTGAATCTTTCCTTTCCCTGATGA
AGACAGCTGGTGGCCGAGTGCGGCAAAGAAGCCAGAAGGAACCAGAATCCCAGTGCCCTA
CACCCACCACCAGACACACTCACACCCACACACGTTCTCAGACACACACAAGAGTGCTTG
CCGGTTATACCAAACCCTACTATTACTGCCTGCAGAAATCAATT",351.5456880479729,6.48857650855403,0.009900990099009901,high,RIZ=24;REZ=500,,0.24248120300751883,0.5454887218045112,0.1156015037593985,0.5,253.35641772380657,,,RLFS_UnifiedFramework_raw,,24.0,500.0,50.0,,,,,,,,,,,,,,,,,,,,,,,,,,,,,,,
CACNA1A,R-loop,R-loop,7933,8149,217,"GGGCTGGGCCACAAGGGTGTCCCGCAGAGACCCTCGGCCAAAAGAGACCCTCCTGGGCAG
CCACGGCGCCCCCCAACCAGCCCCGATCCCCCCACCCACGACAGGGGCTCTCGGGTGGGA
GGCAGGGAGCAGACAAACCACACAGCCAAGGGATTTGAATTAACTCAGCCATTTTTGGAG
AACTTTGGGGAACATGAAAAAAAAAAAAAAAAAAAAA",230.79090352810462,7.210891475260923,0.009900990099009901,high,RIZ=17;REZ=200,,0.20545454545454545,0.5232727272727273,0.1318181818181818,0.5,167.7172688333096,,,RLFS_UnifiedFramework_raw,,17.0,200.0,55.00000000000001,,,,,,,,,,,,,,,,,,,,,,,,,,,,,,,
CACNA1A,R-loop,R-loop,8036,8409,199,"GGGGCTCTCGGGTGGGAGGCAGGGTCCCTGATGAAGACAGCTGGTGGCCGAGTGCGGCAA
AGAAGCCAGAAGGAACCAGAATCCCAGTGCCCTACACCCACCACCAGACACACTCACACC
CACACACGTTCTCAGACACACACAAGAGTGCTTGCCGGTTATACCAAACCCTACTATTAC
TGCCTGCAGAAATCAATTT",105.98775503369977,10.398671612422605,0.009900990099009901,high,RIZ=24;REZ=175,,0.13504950495049506,0.48102970297029707,0.1188118811881188,0.5,78.24291367210469,,,RLFS_UnifiedFramework_raw,,24.0,175.0,52.0,,,,,,,,,,,,,,,,,,,,,,,,,,,,,,,
CACNA1A,R-loop,R-loop,292,2322,2031,"GGGGGAGGAGGCTCCGGGGCAGCCGCCGGGGTGGTCGTGGGCAGCGGAGGCGGGCGAGGA
GCCGGGGGCAGCCGGCAGGGCGGGCAGCCCGGGGCGCAAAGGATGTACAAGCAGTCAATG
GCGCAGAGAGCGCGGACCATGGCACTCTACAACCCCATCCCCGTCCGACAGAACTGCCTC
ACGGTTAACCGGTCTCTCTTCCTCTTCAGCGAAGACAACGTGGTGAGAAAATACGCCAAA
AAGATCACCGAATGGCCTCCCTTTGAATATATGATTTTAGCCACCATCATAGCGAATTGC
ATCGTCCTCGCACTGGAGCAGCATCTGCCTGATGATGACAAGACCCCGATGTCTGAACGG
CTGGATGACACAGAACCATACTTCATTGGAATTTTTTGTTTCGAGGCTGGAATTAAAATC
ATTGCCCTTGGGTTTGCCTTCCACAAAGGCTCCTACTTGAGGAATGGCTGGAATGTCATG
GACTTTGTGGTGGTGCTAACGGGCATCTTGGCGACAGTTGGGACGGAGTTTGACCTACGG
ACGCTGAGGGCAGTTCGAGTGCTGCGGCCGCTCAAGCTGGTGTCTGGAATCCCAAGTTTA
CAAGTCGTCCTGAAGTCGATCATGAAGGCGATGATCCCTTTGCTGCAGATCGGCCTCCTC
CTATTTTTTGCAATCCTTATTTTTGCAATCATAGGGTTAGAATTTTATATGGGAAAATTT
CATACCACCTGCTTTGAAGAGGGGACAGATGACATTCAGGGTGAGTCTCCGGCTCCATGT
GGGACAGAAGAGCCCGCCCGCACCTGCCCCAATGGGACCAAATGTCAGCCCTACTGGGAA
GGGCCCAACAACGGGATCACTCAGTTCGACAACATCCTGTTTGCAGTGCTGACTGTTTTC
CAGTGCATAACCATGGAAGGGTGGACTGATCTCCTCTACAATAGCAACGATGCCTCAGGG
AACACTTGGAACTGGTTGTACTTCATCCCCCTCATCATCATCGGCTCCTTTTTTATGCTG
AACCTTGTGCTGGGTGTGCTGTCAGGGGAGTTTGCCAAAGAAAGGGAACGGGTGGAGAAC
CGGCGGGCTTTTCTGAAGCTGAGGCGGCAACAACAGATTGAACGTGAGCTCAATGGGTAC
ATGGAGTGGATCTCAAAAGCAGAAGAGGTGATCCTCGCCGAGGATGAAACTGACGGGGAG
CAGAGGCATCCCTTTGATGGAGCTCTGCGGAGAACCACCATAAAGAAAAGCAAGACAGAT
TTGCTCAACCCCGAAGAGGCTGAGGATCAGCTGGCTGATATAGCCTCTGTGGGTTCTCCC
TTCGCCCGAGCCAGCATTAAAAGTGCCAAGCTGGAGAACTCGACCTTTTTTCACAAAAAG
GAGAGGAGGATGCGTTTCTACATCCGCCGCATGGTCAAAACTCAGGCCTTCTACTGGACT
GTACTCAGTTTGGTAGCTCTCAACACGCTGTGTGTTGCTATTGTTCACTACAACCAGCCC
GAGTGGCTCTCCGACTTCCTTTACTATGCAGAATTCATTTTCTTAGGACTCTTTATGTCC
GAAATGTTTATAAAAATGTACGGGCTTGGGACGCGGCCTTACTTCCACTCTTCCTTCAAC
TGCTTTGACTGTGGGGTTATCATTGGGAGCATCTTCGAGGTCATCTGGGCTGTCATAAAA
CCTGGCACATCCTTTGGAATCAGCGTGTTACGAGCCCTCAGGTTATTGCGTATTTTCAAA
GTCACAAAGTACTGGGCATCTCTCAGAAACCTGGTCGTCTCTCTCCTCAACTCCATGAAG
TCCATCATCAGCCTGTTGTTTCTCCTTTTCCTGTTCATTGTCGTCTTCGCCCTTTTGGGA
ATGCAACTCTTCGGCGGCCAGTTTAATTTCGATGAAGGGACTCCTCCCACCAACTTCGAT
ACTTTTCCAGCAGCAATAATGACGGTGTTTCAGATCCTGACGGGCGAAGACTGGAACGAG
GTCATGTACGACGGGATCAAGTCTCAGGGGGGCGTGCAGGGCGGCATGGTG",1960.3318098512655,4.777379757302385,0.009900990099009901,high,RIZ=31;REZ=2000,,0.5613530655391121,0.7368118393234673,0.13275193798449614,0.5,1389.072858862059,,,RLFS_UnifiedFramework_raw,,31.0,2000.0,51.449999999999996,,,,,,,,,,,,,,,,,,,,,,,,,,,,,,,
CACNA1A,Z-DNA,Z-DNA,1,229,229,CTCCGGGGTCAGCCAGGAAGATGTCCCGAGCTGCTATCCCCGGCTCGGCCCGGGCAGCCGCCTTCTGAGCCCCCGACCCGAGGCGCCGAGCCGCCGCCGCCCGATGGGCTGGGCCGTGGAGCGTCTCCGCAGTCGTAGCTCCAGCCGCCGCGCTCCCAGCCCCGGCAGCCTCAGCATCAGCGGCGGCGGCGGCGGCGGCGGCGTCTTCCGCATCGTTCGCCGCAGCGTA,125.75,0.0,1.0,,,,0.4835152838427948,0.6384606986899564,0.5,0.4078947368421053,102.53045851528384,,,Kadane_TransitionArray_v1,,,,,125.75,1.0,0.764,75.0,,,,,,,,,,,,,,,,,,,,,,,,,,,
CACNA1A,Z-DNA,Z-DNA,229,7279,7051,AACCCGGAGCCCTTTGCTCTTTGCAGAATGGCCCGCTTCGGAGACGAGATGCCGGCCCGCTACGGGGGAGGAGGCTCCGGGGCAGCCGCCGGGGTGGTCGTGGGCAGCGGAGGCGGGCGAGGAGCCGGGGGCAGCCGGCAGGGCGGGCAGCCCGGGGCGCAAAGGATGTACAAGCAGTCAATGGCGCAGAGAGCGCGGACCATGGCACTCTACAACCCCATCCCCGTCCGACAGAACTGCCTCACGGTTAACCGGTCTCTCTTCCTCTTCAGCGAAGACAACGTGGTGAGAAAATACGCCAAAAAGATCACCGAATGGCCTCCCTTTGAATATATGATTTTAGCCACCATCATAGCGAATTGCATCGTCCTCGCACTGGAGCAGCATCTGCCTGATGATGACAAGACCCCGATGTCTGAACGGCTGGATGACACAGAACCATACTTCATTGGAATTTTTTGTTTCGAGGCTGGAATTAAAATCATTGCCCTTGGGTTTGCCTTCCACAAAGGCTCCTACTTGAGGAATGGCTGGAATGTCATGGACTTTGTGGTGGTGCTAACGGGCATCTTGGCGACAGTTGGGACGGAGTTTGACCTACGGACGCTGAGGGCAGTTCGAGTGCTGCGGCCGCTCAAGCTGGTGTCTGGAATCCCAAGTTTACAAGTCGTCCTGAAGTCGATCATGAAGGCGATGATCCCTTTGCTGCAGATCGGCCTCCTCCTATTTTTTGCAATCCTTATTTTTGCAATCATAGGGTTAGAATTTTATATGGGAAAATTTCATACCACCTGCTTTGAAGAGGGGACAGATGACATTCAGGGTGAGTCTCCGGCTCCATGTGGGACAGAAGAGCCCGCCCGCACCTGCCCCAATGGGACCAAATGTCAGCCCTACTGGGAAGGGCCCAACAACGGGATCACTCAGTTCGACAACATCCTGTTTGCAGTGCTGACTGTTTTCCAGTGCATAACCATGGAAGGGTGGACTGATCTCCTCTACAATAGCAACGATGCCTCAGGGAACACTTGGAACTGGTTGTACTTCATCCCCCTCATCATCATCGGCTCCTTTTTTATGCTGAACCTTGTGCTGGGTGTGCTGTCAGGGGAGTTTGCCAAAGAAAGGGAACGGGTGGAGAACCGGCGGGCTTTTCTGAAGCTGAGGCGGCAACAACAGATTGAACGTGAGCTCAATGGGTACATGGAGTGGATCTCAAAAGCAGAAGAGGTGATCCTCGCCGAGGATGAAACTGACGGGGAGCAGAGGCATCCCTTTGATGGAGCTCTGCGGAGAACCACCATAAAGAAAAGCAAGACAGATTTGCTCAACCCCGAAGAGGCTGAGGATCAGCTGGCTGATATAGCCTCTGTGGGTTCTCCCTTCGCCCGAGCCAGCATTAAAAGTGCCAAGCTGGAGAACTCGACCTTTTTTCACAAAAAGGAGAGGAGGATGCGTTTCTACATCCGCCGCATGGTCAAAACTCAGGCCTTCTACTGGACTGTACTCAGTTTGGTAGCTCTCAACACGCTGTGTGTTGCTATTGTTCACTACAACCAGCCCGAGTGGCTCTCCGACTTCCTTTACTATGCAGAATTCATTTTCTTAGGACTCTTTATGTCCGAAATGTTTATAAAAATGTACGGGCTTGGGACGCGGCCTTACTTCCACTCTTCCTTCAACTGCTTTGACTGTGGGGTTATCATTGGGAGCATCTTCGAGGTCATCTGGGCTGTCATAAAACCTGGCACATCCTTTGGAATCAGCGTGTTACGAGCCCTCAGGTTATTGCGTATTTTCAAAGTCACAAAGTACTGGGCATCTCTCAGAAACCTGGTCGTCTCTCTCCTCAACTCCATGAAGTCCATCATCAGCCTGTTGTTTCTCCTTTTCCTGTTCATTGTCGTCTTCGCCCTTTTGGGAATGCAACTCTTCGGCGGCCAGTTTAATTTCGATGAAGGGACTCCTCCCACCAACTTCGATACTTTTCCAGCAGCAATAATGACGGTGTTTCAGATCCTGACGGGCGAAGACTGGAACGAGGTCATGTACGACGGGATCAAGTCTCAGGGGGGCGTGCAGGGCGGCATGGTGTTCTCCATCTATTTCATTGTACTGACGCTCTTTGGGAACTACACCCTCCTGAATGTGTTCTTGGCCATCGCTGTGGACAATCTGGCCAACGCCCAGGAGCTCACCAAGGTGGAGGCGGACGAGCAAGAGGAAGAAGAAGCAGCGAACCAGAAACTTGCCCTACAGAAAGCCAAGGAGGTGGCAGAAGTGAGTCCTCTGTCCGCGGCCAACATGTCTATAGCTGTGAAAGAGCAACAGAAGAATCAAAAGCCAGCCAAGTCCGTGTGGGAGCAGCGGACCAGTGAGATGCGAAAGCAGAACTTGCTGGCCAGCCGGGAGGCCCTGTATAACGAAATGGACCCGGACGAGCGCTGGAAGGCTGCCTACACGCGGCACCTGCGGCCAGACATGAAGACGCACTTGGACCGGCCGCTGGTGGTGGACCCGCAGGAGAACCGCAACAACAACACCAACAAGAGCCGGGCGGCCGAGCCCACCGTGGACCAGCGCCTCGGCCAGCAGCGCGCCGAGGACTTCCTCAGGAAACAGGCCCGCTACCACGATCGGGCCCGGGACCCCAGCGGCTCGGCGGGCCTGGACGCACGGAGGCCCTGGGCGGGAAGCCAGGAGGCCGAGCTGAGCCGGGAGGGACCCTACGGCCGCGAGTCGGACCACCACGCCCGGGAGGGCAGCCTGGAGCAACCCGGGTTCTGGGAGGGCGAGGCCGAGCGAGGCAAGGCCGGGGACCCCCACCGGAGGCACGTGCACCGGCAGGGGGGCAGCAGGGAGAGCCGCAGCGGGTCCCCGCGCACGGGCGCGGACGGGGAGCATCGACGTCATCGCGCGCACCGCAGGCCCGGGGAGGAGGGTCCGGAGGACAAGGCGGAGCGGAGGGCGCGGCACCGCGAGGGCAGCCGGCCGGCCCGGGGCGGCGAGGGCGAGGGCGAGGGCCCCGACGGGGGCGAGCGCAGGAGAAGGCACCGGCATGGCGCTCCAGCCACGTACGAGGGGGACGCGCGGAGGGAGGACAAGGAGCGGAGGCATCGGAGGAGGAAAGAGAACCAGGGCTCCGGGGTCCCTGTGTCGGGCCCCAACCTGTCAACCACCCGGCCAATCCAGCAGGACCTGGGCCGCCAAGACCCACCCCTGGCAGAGGATATTGACAACATGAAGAACAACAAGCTGGCCACCGCGGAGTCGGCCGCTCCCCACGGCAGCCTTGGCCACGCCGGCCTGCCCCAGAGCCCAGCCAAGATGGGAAACAGCACCGACCCCGGCCCCATGCTGGCCATCCCTGCCATGGCCACCAACCCCCAGAACGCCGCCAGCCGCCGGACGCCCAACAACCCGGGGAACCCATCCAATCCCGGCCCCCCCAAGACCCCCGAGAATAGCCTTATCGTCACCAACCCCAGCGGCACCCAGACCAATTCAGCTAAGACTGCCAGGAAACCCGACCACACCACAGTGGACATCCCCCCAGCCTGCCCACCCCCCCTCAACCACACCGTCGTACAAGTGAACAAAAACGCCAACCCAGACCCACTGCCAAAAAAAGAGGAAGAGAAGAAGGAGGAGGAGGAAGACGACCGTGGGGAAGACGGCCCTAAGCCAATGCCTCCCTATAGCTCCATGTTCATCCTGTCCACGACCAACCCCCTTCGCCGCCTGTGCCATTACATCCTGAACCTGCGCTACTTTGAGATGTGCATCCTCATGGTCATTGCCATGAGCAGCATCGCCCTGGCCGCCGAGGACCCTGTGCAGCCCAACGCACCTCGGAACAACGTGCTGCGATACTTTGACTACGTTTTTACAGGCGTCTTTACCTTTGAGATGGTGATCAAGATGATTGACCTGGGGCTCGTCCTGCATCAGGGTGCCTACTTCCGTGACCTCTGGAATATTCTCGACTTCATAGTGGTCAGTGGGGCCCTGGTAGCCTTTGCCTTCACTGGCAATAGCAAAGGAAAAGACATCAACACGATTAAATCCCTCCGAGTCCTCCGGGTGCTACGACCTCTTAAAACCATCAAGCGGCTGCCAAAGCTCAAGGCTGTGTTTGACTGTGTGGTGAACTCACTTAAAAACGTCTTCAACATCCTCATCGTCTACATGCTATTCATGTTCATCTTCGCCGTGGTGGCTGTGCAGCTCTTCAAGGGGAAATTCTTCCACTGCACTGACGAGTCCAAAGAGTTTGAGAAAGATTGTCGAGGCAAATACCTCCTCTACGAGAAGAATGAGGTGAAGGCGCGAGACCGGGAGTGGAAGAAGTATGAATTCCATTACGACAATGTGCTGTGGGCTCTGCTGACCCTCTTCACCGTGTCCACGGGAGAAGGCTGGCCACAGGTCCTCAAGCATTCGGTGGACGCCACCTTTGAGAACCAGGGCCCCAGCCCCGGGTACCGCATGGAGATGTCCATTTTCTACGTCGTCTACTTTGTGGTGTTCCCCTTCTTCTTTGTCAATATCTTTGTGGCCTTGATCATCATCACCTTCCAGGAGCAAGGGGACAAGATGATGGAGGAATACAGCCTGGAGAAAAATGAGAGGGCCTGCATTGATTTCGCCATCAGCGCCAAGCCGCTGACCCGACACATGCCGCAGAACAAGCAGAGCTTCCAGTACCGCATGTGGCAGTTCGTGGTGTCTCCGCCTTTCGAGTACACGATCATGGCCATGATCGCCCTCAACACCATCGTGCTTATGATGAAGTTCTATGGGGCTTCTGTTGCTTATGAAAATGCCCTGCGGGTGTTCAACATCGTCTTCACCTCCCTCTTCTCTCTGGAATGTGTGCTGAAAGTCATGGCTTTTGGGATTCTGAATTATTTCCGCGATGCCTGGAACATCTTCGACTTTGTGACTGTTCTGGGCAGCATCACCGATATCCTCGTGACTGAGTTTGGGAATCCGAATAACTTCATCAACCTGAGCTTTCTCCGCCTCTTCCGAGCTGCCCGGCTCATCAAACTTCTCCGTCAGGGTTACACCATCCGCATTCTTCTCTGGACCTTTGTGCAGTCCTTCAAGGCCCTGCCTTATGTCTGTCTGCTGATCGCCATGCTCTTCTTCATCTATGCCATCATTGGGATGCAGGTGTTTGGTAACATTGGCATCGACGTGGAGGACGAGGACAGTGATGAAGATGAGTTCCAAATCACTGAGCACAATAACTTCCGGACCTTCTTCCAGGCCCTCATGCTTCTCTTCCGGAGTGCCACCGGGGAAGCTTGGCACAACATCATGCTTTCCTGCCTCAGCGGGAAACCGTGTGATAAGAACTCTGGCATCCTGACTCGAGAGTGTGGCAATGAATTTGCTTATTTTTACTTTGTTTCCTTCATCTTCCTCTGCTCGTTTCTGATGCTGAATCTCTTTGTCGCCGTCATCATGGACAACTTTGAGTACCTCACCCGAGACTCCTCCATCCTGGGCCCCCACCACCTGGATGAGTACGTGCGTGTCTGGGCCGAGTATGACCCCGCAGCTTGGGGCCGCATGCCTTACCTGGACATGTATCAGATGCTGAGACACATGTCTCCGCCCCTGGGTCTGGGGAAGAAGTGTCCGGCCAGAGTGGCTTACAAGCGGCTTCTGCGGATGGACCTGCCCGTCGCAGATGACAACACCGTCCACTTCAATTCCACCCTCATGGCTCTGATCCGCACAGCCCTGGACATCAAGATTGCCAAGGGAGGAGCCGACAAACAGCAGATGGACGCTGAGCTGCGGAAGGAGATGATGGCGATTTGGCCCAATCTGTCCCAGAAGACGCTAGACCTGCTGGTCACACCTCACAAGTCCACGGACCTCACCGTGGGGAAGATCTACGCAGCCATGATGATCATGGAGTACTACCGGCAGAGCAAGGCCAAGAAGCTGCAGGCCATGCGCGAGGAGCAGGACCGGACACCCCTCATGTTCCAGCGCATGGAGCCCCCGTCCCCAACGCAGGAAGGGGGACCTGGCCAGAACGCCCTCCCCTCCACCCAGCTGGACCCAGGAGGAGCCCTGATGGCTCACGAAAGCGGCCTCAAGGAGAGCCCGTCCTGGGTGACCCAGCGTGCCCAGGAGATGTTCCAGAAGACGGGCACATGGAGTCCGGAACAAGGCCCCCCTACCGACATGCCCAACAGCCAGCCTAACTCTCAGTCCGTGGAGATGCGAGAGATGGGCAGAGATGGCTACTCCGACAGCGAGCACTACCTCCCCATGGAAGGCCAGGGCCGGGCTGCCTCCATGCCCCGCCTCCCTGCAGAGAACCAGAGGAGAAGGGGCCGGCCACGTGGGAATAACCTCAGTACCATCTCAGACACCAGCCCCATGAAGCGTTCAGCCTCCGTGCTGGGCCCCAAGGCCCGACGCCTGGACGATTACTCGCTGGAGCGGGTCCCGCCCGAGGAGAACCAGCGGCACCACCAGCGGCGCCGCGACCGCAGCCACCGCGCCTCTGAGCGCTCCCTGGGCCGCTACACCGATGTGGACACAGGCTTGGGGACAGACCTGAGCATGACCACCCAATCCGGGGACCTGCCGTCGAAGGAGCGGGACCAGGAGCGGGGCCGGCCCAAGGATCGGAAGCATCGACAGCACCACCACCACCACCACCACCACCACCATCCCCCGCCCCCCGACAAGGACCGCTATGCCCAGGAACGGCCGGACCACGGCCGGGCACGGGCTCGGGACCAGCGCTGGTCCCGCTCGCCCAGCGAGGGCCGAGAGCACATGGCGCACCGGCAGTAGTTCCGTAAGTGGAAGCCCAGCCCCCTCAACATCTGGTACCAGCACTCCGCGGCGGGGCCGCCGCCAGCTCCCCCAGACCCCCTCCACCCCCCGGCCACACGTGTCCTATTCCCCTGTGATCCGTAAGGCCGGCGGCTCGGGGCCCCCGCAGCAGCAGCAGCAGCAGCAGCAGCAGCAGCAGCAGCAGGCGGTGGCCAGGCCGGGCCGGGCGGCCACCAGCGGC,110.75,0.0,1.0,,,,0.33063114632902535,0.5314418024303177,0.5,0.2843971631205674,87.44393438987075,,,Kadane_TransitionArray_v1,,,,,110.75,1.0,0.584,987.0,,,,,,,,,,,,,,,,,,,,,,,,,,,
CACNA1A,Z-DNA,Z-DNA,7279,7622,344,CCCTCGGAGGTACCCAGGCCCCACGGCCGAGCCTCTGGCCGGAGATCGGCCGCCCACGGGGGGCCACAGCAGCGGCCGCTCGCCCAGGATGGAGAGGCGGGTCCCAGGCCCGGCCCGGAGCGAGTCCCCCAGGGCCTGTCGACACGGCGGGGCCCGGTGGCCGGCATCTGGCCCGCACGTGTCCGAGGGGCCCCCGGGTCCCCGGCACCATGGCTACTACCGGGGCTCCGACTACGACGAGGCCGATGGCCCGGGCAGCGGGGGCGGCGAGGAGGCCATGGCCGGGGCCTACGACGCGCCACCCCCCGTACGACACGCGTCCTCGGGCGCCACCGGGCGCTCGC,50.0,0.0,1.0,,,,0.47471523493118173,0.6323006644518272,0.5,0.3440233236151603,49.24145704793545,,,Kadane_TransitionArray_v1,,,,,50.0,1.0,0.788,90.0,,,,,,,,,,,,,,,,,,,,,,,,,,,
CACNA1A,Z-DNA,eGZ (Extruded-G) DNA,181,201,21,CGGCGGCGGCGGCGGCGGCGG,16.333333333333332,0.0,1.0,,Unit=CGG;Copies=7,,0.755,0.8285,0.5,0.6499999999999999,34.08333333333333,,,eGZ_CGG_Expansion_v1,,,,,,1.0,,,Double-stranded,7.0,0.667,,,,,,,,,,,,,,,,,,,,,,,,
CACNA1A,Disease-Associated Motif,FRA12A_repeat,181,201,21,CGGCGGCGGCGGCGGCGGCGG,100.0,53.333333333333336,,,,,0.5,0.7,0.5,0.5,85.0,,,Disease_Associated_Clinical_Classification,,,,,,,,,,,,7.0,CGG,Pathogenic,FRA12A,FRA12A,AD,0-0,1.0,100.0,52.1,14.788732394366193,Fragile site; Chromosomal instability,30467083; 31234567; 32345678,Gene therapy; Pharmacological read-through,"Pathogenic variant - confirm diagnosis, family screening recommended, AD inheritance",Minimal structural impact predicted,,,,,,,,
CACNA1A,Hybrid,Hybrid_Slipped DNA(1)_Z-DNA(1),180,203,24,GCGGCGGCGGCGGCGGCGGCGGCG,20.578165938864625,,,,Classes=2;Subtypes=2,,0.5,0.7,0.5,0.5,29.404716157205236,,,HybridOverlap_SubclassAnalysis_raw,,,,,,,,,,,,,,,,,,,,,,,,,,,,"['Slipped DNA', 'Z-DNA']","{'Slipped DNA': 1, 'Z-DNA': 1}","{'Slipped DNA:Slipped DNA [STR]': 1, 'Z-DNA:Z-DNA': 1}",Slipped DNA [STR](1); Z-DNA(1),"[{'Sequence Name': 'CACNA1A', 'Class': 'Slipped DNA', 'Subtype': 'Slipped DNA [STR]', 'Start': 180, 'End': 203, 'Length': 24, 'Unit': 'GCG', 'Copies': 8, 'Sequence': 'GCGGCGGCGGCGGCGGCGGCGGCG', 'ScoreMethod': 'STR_PerfectBlock_v1', 'Score': 14.5, 'GC_Fraction': 1.0, 'Conservation_Score': 4.04629247368837, 'Conservation_P_Value': 0.009900990099009901, 'Conservation_Significance': 'high', 'Arms/Repeat Unit/Copies': 'Unit=GCG;Copies=8', 'Spacer': '', 'ML_Probability': 1.0, 'ML_Confidence': 0.7, 'ML_Stability': 0.5, 'ML_Pattern_Score': 0.5, 'Enhanced_Score': 40.15}, {'Sequence Name': 'CACNA1A', 'Class': 'Z-DNA', 'Subtype': 'Z-DNA', 'Start': 1, 'End': 229, 'Length': 229, 'Sequence': 'CTCCGGGGTCAGCCAGGAAGATGTCCCGAGCTGCTATCCCCGGCTCGGCCCGGGCAGCCGCCTTCTGAGCCCCCGACCCGAGGCGCCGAGCCGCCGCCGCCCGATGGGCTGGGCCGTGGAGCGTCTCCGCAGTCGTAGCTCCAGCCGCCGCGCTCCCAGCCCCGGCAGCCTCAGCATCAGCGGCGGCGGCGGCGGCGGCGGCGTCTTCCGCATCGTTCGCCGCAGCGTA', 'ScoreMethod': 'Kadane_TransitionArray_v1', 'Score': 125.75, 'Kadane_Score': 125.75, 'Structural_Factor': 1.0, 'GC_Content': 0.764, 'GC_CG_Dinucleotides': 75, 'Conservation_Score': 0.0, 'Conservation_P_Value': 1.0, 'Conservation_Significance': '', 'Arms/Repeat Unit/Copies': '', 'Spacer': '', 'ML_Probability': 0.4835152838427948, 'ML_Confidence': 0.6384606986899564, 'ML_Stability': 0.5, 'ML_Pattern_Score': 0.4078947368421053, 'Enhanced_Score': 102.53045851528384}]",0.105,0.4,"This hybrid region spans multiple non-B DNA classes, indicating a potential hotspot for chromatin remodeling, replication stalling, or mutagenesis. Longer spans with diverse motif composition have higher biological impact."
CACNA1A,Hybrid,Hybrid_R-loop(1)_Z-DNA(1),292,5389,5098,"GGGGGAGGAGGCTCCGGGGCAGCCGCCGGGGTGGTCGTGGGCAGCGGAGGCGGGCGAGGA
GCCGGGGGCAGCCGGCAGGGCGGGCAGCCCGGGGCGCAAAGGATGTACAAGCAGTCAATG
GCGCAGAGAGCGCGGACCATGGCACTCTACAACCCCATCCCCGTCCGACAGAACTGCCTC
ACGGTTAACCGGTCTCTCTTCCTCTTCAGCGAAGACAACGTGGTGAGAAAATACGCCAAA
AAGATCACCGAATGGCCTCCCTTTGAATATATGATTTTAGCCACCATCATAGCGAATTGC
ATCGTCCTCGCACTGGAGCAGCATCTGCCTGATGATGACAAGACCCCGATGTCTGAACGG
CTGGATGACACAGAACCATACTTCATTGGAATTTTTTGTTTCGAGGCTGGAATTAAAATC
ATTGCCCTTGGGTTTGCCTTCCACAAAGGCTCCTACTTGAGGAATGGCTGGAATGTCATG
GACTTTGTGGTGGTGCTAACGGGCATCTTGGCGACAGTTGGGACGGAGTTTGACCTACGG
ACGCTGAGGGCAGTTCGAGTGCTGCGGCCGCTCAAGCTGGTGTCTGGAATCCCAAGTTTA
CAAGTCGTCCTGAAGTCGATCATGAAGGCGATGATCCCTTTGCTGCAGATCGGCCTCCTC
CTATTTTTTGCAATCCTTATTTTTGCAATCATAGGGTTAGAATTTTATATGGGAAAATTT
CATACCACCTGCTTTGAAGAGGGGACAGATGACATTCAGGGTGAGTCTCCGGCTCCATGT
GGGACAGAAGAGCCCGCCCGCACCTGCCCCAATGGGACCAAATGTCAGCCCTACTGGGAA
GGGCCCAACAACGGGATCACTCAGTTCGACAACATCCTGTTTGCAGTGCTGACTGTTTTC
CAGTGCATAACCATGGAAGGGTGGACTGATCTCCTCTACAATAGCAACGATGCCTCAGGG
AACACTTGGAACTGGTTGTACTTCATCCCCCTCATCATCATCGGCTCCTTTTTTATGCTG
AACCTTGTGCTGGGTGTGCTGTCAGGGGAGTTTGCCAAAGAAAGGGAACGGGTGGAGAAC
CGGCGGGCTTTTCTGAAGCTGAGGCGGCAACAACAGATTGAACGTGAGCTCAATGGGTAC
ATGGAGTGGATCTCAAAAGCAGAAGAGGTGATCCTCGCCGAGGATGAAACTGACGGGGAG
CAGAGGCATCCCTTTGATGGAGCTCTGCGGAGAACCACCATAAAGAAAAGCAAGACAGAT
TTGCTCAACCCCGAAGAGGCTGAGGATCAGCTGGCTGATATAGCCTCTGTGGGTTCTCCC
TTCGCCCGAGCCAGCATTAAAAGTGCCAAGCTGGAGAACTCGACCTTTTTTCACAAAAAG
GAGAGGAGGATGCGTTTCTACATCCGCCGCATGGTCAAAACTCAGGCCTTCTACTGGACT
GTACTCAGTTTGGTAGCTCTCAACACGCTGTGTGTTGCTATTGTTCACTACAACCAGCCC
GAGTGGCTCTCCGACTTCCTTTACTATGCAGAATTCATTTTCTTAGGACTCTTTATGTCC
GAAATGTTTATAAAAATGTACGGGCTTGGGACGCGGCCTTACTTCCACTCTTCCTTCAAC
TGCTTTGACTGTGGGGTTATCATTGGGAGCATCTTCGAGGTCATCTGGGCTGTCATAAAA
CCTGGCACATCCTTTGGAATCAGCGTGTTACGAGCCCTCAGGTTATTGCGTATTTTCAAA
GTCACAAAGTACTGGGCATCTCTCAGAAACCTGGTCGTCTCTCTCCTCAACTCCATGAAG
TCCATCATCAGCCTGTTGTTTCTCCTTTTCCTGTTCATTGTCGTCTTCGCCCTTTTGGGA
ATGCAACTCTTCGGCGGCCAGTTTAATTTCGATGAAGGGACTCCTCCCACCAACTTCGAT
ACTTTTCCAGCAGCAATAATGACGGTGTTTCAGATCCTGACGGGCGAAGACTGGAACGAG
GTCATGTACGACGGGATCAAGTCTCAGGGGGGCGTGCAGGGCGGCATGGTGTTCTCCATC
TATTTCATTGTACTGACGCTCTTTGGGAACTACACCCTCCTGAATGTGTTCTTGGCCATC
GCTGTGGACAATCTGGCCAACGCCCAGGAGCTCACCAAGGTGGAGGCGGACGAGCAAGAG
GAAGAAGAAGCAGCGAACCAGAAACTTGCCCTACAGAAAGCCAAGGAGGTGGCAGAAGTG
AGTCCTCTGTCCGCGGCCAACATGTCTATAGCTGTGAAAGAGCAACAGAAGAATCAAAAG
CCAGCCAAGTCCGTGTGGGAGCAGCGGACCAGTGAGATGCGAAAGCAGAACTTGCTGGCC
AGCCGGGAGGCCCTGTATAACGAAATGGACCCGGACGAGCGCTGGAAGGCTGCCTACACG
CGGCACCTGCGGCCAGACATGAAGACGCACTTGGACCGGCCGCTGGTGGTGGACCCGCAG
GAGAACCGCAACAACAACACCAACAAGAGCCGGGCGGCCGAGCCCACCGTGGACCAGCGC
CTCGGCCAGCAGCGCGCCGAGGACTTCCTCAGGAAACAGGCCCGCTACCACGATCGGGCC
CGGGACCCCAGCGGCTCGGCGGGCCTGGACGCACGGAGGCCCTGGGCGGGAAGCCAGGAG
GCCGAGCTGAGCCGGGAGGGACCCTACGGCCGCGAGTCGGACCACCACGCCCGGGAGGGC
AGCCTGGAGCAACCCGGGTTCTGGGAGGGCGAGGCCGAGCGAGGCAAGGCCGGGGACCCC
CACCGGAGGCACGTGCACCGGCAGGGGGGCAGCAGGGAGAGCCGCAGCGGGTCCCCGCGC
ACGGGCGCGGACGGGGAGCATCGACGTCATCGCGCGCACCGCAGGCCCGGGGAGGAGGGT
CCGGAGGACAAGGCGGAGCGGAGGGCGCGGCACCGCGAGGGCAGCCGGCCGGCCCGGGGC
GGCGAGGGCGAGGGCGAGGGCCCCGACGGGGGCGAGCGCAGGAGAAGGCACCGGCATGGC
GCTCCAGCCACGTACGAGGGGGACGCGCGGAGGGAGGACAAGGAGCGGAGGCATCGGAGG
AGGAAAGAGAACCAGGGCTCCGGGGTCCCTGTGTCGGGCCCCAACCTGTCAACCACCCGG
CCAATCCAGCAGGACCTGGGCCGCCAAGACCCACCCCTGGCAGAGGATATTGACAACATG
AAGAACAACAAGCTGGCCACCGCGGAGTCGGCCGCTCCCCACGGCAGCCTTGGCCACGCC
GGCCTGCCCCAGAGCCCAGCCAAGATGGGAAACAGCACCGACCCCGGCCCCATGCTGGCC
ATCCCTGCCATGGCCACCAACCCCCAGAACGCCGCCAGCCGCCGGACGCCCAACAACCCG
GGGAACCCATCCAATCCCGGCCCCCCCAAGACCCCCGAGAATAGCCTTATCGTCACCAAC
CCCAGCGGCACCCAGACCAATTCAGCTAAGACTGCCAGGAAACCCGACCACACCACAGTG
GACATCCCCCCAGCCTGCCCACCCCCCCTCAACCACACCGTCGTACAAGTGAACAAAAAC
GCCAACCCAGACCCACTGCCAAAAAAAGAGGAAGAGAAGAAGGAGGAGGAGGAAGACGAC
CGTGGGGAAGACGGCCCTAAGCCAATGCCTCCCTATAGCTCCATGTTCATCCTGTCCACG
ACCAACCCCCTTCGCCGCCTGTGCCATTACATCCTGAACCTGCGCTACTTTGAGATGTGC
ATCCTCATGGTCATTGCCATGAGCAGCATCGCCCTGGCCGCCGAGGACCCTGTGCAGCCC
AACGCACCTCGGAACAACGTGCTGCGATACTTTGACTACGTTTTTACAGGCGTCTTTACC
TTTGAGATGGTGATCAAGATGATTGACCTGGGGCTCGTCCTGCATCAGGGTGCCTACTTC
CGTGACCTCTGGAATATTCTCGACTTCATAGTGGTCAGTGGGGCCCTGGTAGCCTTTGCC
TTCACTGGCAATAGCAAAGGAAAAGACATCAACACGATTAAATCCCTCCGAGTCCTCCGG
GTGCTACGACCTCTTAAAACCATCAAGCGGCTGCCAAAGCTCAAGGCTGTGTTTGACTGT
GTGGTGAACTCACTTAAAAACGTCTTCAACATCCTCATCGTCTACATGCTATTCATGTTC
ATCTTCGCCGTGGTGGCTGTGCAGCTCTTCAAGGGGAAATTCTTCCACTGCACTGACGAG
TCCAAAGAGTTTGAGAAAGATTGTCGAGGCAAATACCTCCTCTACGAGAAGAATGAGGTG
AAGGCGCGAGACCGGGAGTGGAAGAAGTATGAATTCCATTACGACAATGTGCTGTGGGCT
CTGCTGACCCTCTTCACCGTGTCCACGGGAGAAGGCTGGCCACAGGTCCTCAAGCATTCG
GTGGACGCCACCTTTGAGAACCAGGGCCCCAGCCCCGGGTACCGCATGGAGATGTCCATT
TTCTACGTCGTCTACTTTGTGGTGTTCCCCTTCTTCTTTGTCAATATCTTTGTGGCCTTG
ATCATCATCACCTTCCAGGAGCAAGGGGACAAGATGATGGAGGAATACAGCCTGGAGAAA
AATGAGAGGGCCTGCATTGATTTCGCCATCAGCGCCAAGCCGCTGACCCGACACATGCCG
CAGAACAAGCAGAGCTTCCAGTACCGCATGTGGCAGTTCGTGGTGTCTCCGCCTTTCGAG
TACACGATCATGGCCATGATCGCCCTCAACACCATCGTGCTTATGATGAAGTTCTATGGG
GCTTCTGTTGCTTATGAAAATGCCCTGCGGGTGTTCAACATCGTCTTCACCTCCCTCTTC
TCTCTGGAATGTGTGCTGAAAGTCATGGCTTTTGGGATTCTGAATTATTTCCGCGATGCC
TGGAACATCTTCGACTTTGTGACTGTTCTGGGCAGCATCACCGATATCCTCGTGACTGAG
TTTGGGAATCCGAATAACTTCATCAACCTGAGCTTTCTCCGCCTCTTCCGAGCTGCCCGG
CTCATCAAACTTCTCCGTCAGGGTTACACCATCCGCATTCTTCTCTGGACCTTTGTGCAG
TCCTTCAAGGCCCTGCCTTATGTCTGTCTGCTGATCGCCATGCTCTTCTTCATCTATG",407.7501532814624,,,,Classes=2;Subtypes=2,,0.5,0.7,0.5,0.5,300.42510729702366,,,HybridOverlap_SubclassAnalysis_raw,,,,,,,,,,,,,,,,,,,,,,,,,,,,"['R-loop', 'Z-DNA']","{'Z-DNA': 1, 'R-loop': 1}","{'Z-DNA:Z-DNA': 1, 'R-loop:R-loop': 1}",R-loop(1); Z-DNA(1),"[{'Sequence Name': 'CACNA1A', 'Class': 'Z-DNA', 'Subtype': 'Z-DNA', 'Start': 229, 'End': 7279, 'Length': 7051, 'Sequence': 'AACCCGGAGCCCTTTGCTCTTTGCAGAATGGCCCGCTTCGGAGACGAGATGCCGGCCCGCTACGGGGGAGGAGGCTCCGGGGCAGCCGCCGGGGTGGTCGTGGGCAGCGGAGGCGGGCGAGGAGCCGGGGGCAGCCGGCAGGGCGGGCAGCCCGGGGCGCAAAGGATGTACAAGCAGTCAATGGCGCAGAGAGCGCGGACCATGGCACTCTACAACCCCATCCCCGTCCGACAGAACTGCCTCACGGTTAACCGGTCTCTCTTCCTCTTCAGCGAAGACAACGTGGTGAGAAAATACGCCAAAAAGATCACCGAATGGCCTCCCTTTGAATATATGATTTTAGCCACCATCATAGCGAATTGCATCGTCCTCGCACTGGAGCAGCATCTGCCTGATGATGACAAGACCCCGATGTCTGAACGGCTGGATGACACAGAACCATACTTCATTGGAATTTTTTGTTTCGAGGCTGGAATTAAAATCATTGCCCTTGGGTTTGCCTTCCACAAAGGCTCCTACTTGAGGAATGGCTGGAATGTCATGGACTTTGTGGTGGTGCTAACGGGCATCTTGGCGACAGTTGGGACGGAGTTTGACCTACGGACGCTGAGGGCAGTTCGAGTGCTGCGGCCGCTCAAGCTGGTGTCTGGAATCCCAAGTTTACAAGTCGTCCTGAAGTCGATCATGAAGGCGATGATCCCTTTGCTGCAGATCGGCCTCCTCCTATTTTTTGCAATCCTTATTTTTGCAATCATAGGGTTAGAATTTTATATGGGAAAATTTCATACCACCTGCTTTGAAGAGGGGACAGATGACATTCAGGGTGAGTCTCCGGCTCCATGTGGGACAGAAGAGCCCGCCCGCACCTGCCCCAATGGGACCAAATGTCAGCCCTACTGGGAAGGGCCCAACAACGGGATCACTCAGTTCGACAACATCCTGTTTGCAGTGCTGACTGTTTTCCAGTGCATAACCATGGAAGGGTGGACTGATCTCCTCTACAATAGCAACGATGCCTCAGGGAACACTTGGAACTGGTTGTACTTCATCCCCCTCATCATCATCGGCTCCTTTTTTATGCTGAACCTTGTGCTGGGTGTGCTGTCAGGGGAGTTTGCCAAAGAAAGGGAACGGGTGGAGAACCGGCGGGCTTTTCTGAAGCTGAGGCGGCAACAACAGATTGAACGTGAGCTCAATGGGTACATGGAGTGGATCTCAAAAGCAGAAGAGGTGATCCTCGCCGAGGATGAAACTGACGGGGAGCAGAGGCATCCCTTTGATGGAGCTCTGCGGAGAACCACCATAAAGAAAAGCAAGACAGATTTGCTCAACCCCGAAGAGGCTGAGGATCAGCTGGCTGATATAGCCTCTGTGGGTTCTCCCTTCGCCCGAGCCAGCATTAAAAGTGCCAAGCTGGAGAACTCGACCTTTTTTCACAAAAAGGAGAGGAGGATGCGTTTCTACATCCGCCGCATGGTCAAAACTCAGGCCTTCTACTGGACTGTACTCAGTTTGGTAGCTCTCAACACGCTGTGTGTTGCTATTGTTCACTACAACCAGCCCGAGTGGCTCTCCGACTTCCTTTACTATGCAGAATTCATTTTCTTAGGACTCTTTATGTCCGAAATGTTTATAAAAATGTACGGGCTTGGGACGCGGCCTTACTTCCACTCTTCCTTCAACTGCTTTGACTGTGGGGTTATCATTGGGAGCATCTTCGAGGTCATCTGGGCTGTCATAAAACCTGGCACATCCTTTGGAATCAGCGTGTTACGAGCCCTCAGGTTATTGCGTATTTTCAAAGTCACAAAGTACTGGGCATCTCTCAGAAACCTGGTCGTCTCTCTCCTCAACTCCATGAAGTCCATCATCAGCCTGTTGTTTCTCCTTTTCCTGTTCATTGTCGTCTTCGCCCTTTTGGGAATGCAACTCTTCGGCGGCCAGTTTAATTTCGATGAAGGGACTCCTCCCACCAACTTCGATACTTTTCCAGCAGCAATAATGACGGTGTTTCAGATCCTGACGGGCGAAGACTGGAACGAGGTCATGTACGACGGGATCAAGTCTCAGGGGGGCGTGCAGGGCGGCATGGTGTTCTCCATCTATTTCATTGTACTGACGCTCTTTGGGAACTACACCCTCCTGAATGTGTTCTTGGCCATCGCTGTGGACAATCTGGCCAACGCCCAGGAGCTCACCAAGGTGGAGGCGGACGAGCAAGAGGAAGAAGAAGCAGCGAACCAGAAACTTGCCCTACAGAAAGCCAAGGAGGTGGCAGAAGTGAGTCCTCTGTCCGCGGCCAACATGTCTATAGCTGTGAAAGAGCAACAGAAGAATCAAAAGCCAGCCAAGTCCGTGTGGGAGCAGCGGACCAGTGAGATGCGAAAGCAGAACTTGCTGGCCAGCCGGGAGGCCCTGTATAACGAAATGGACCCGGACGAGCGCTGGAAGGCTGCCTACACGCGGCACCTGCGGCCAGACATGAAGACGCACTTGGACCGGCCGCTGGTGGTGGACCCGCAGGAGAACCGCAACAACAACACCAACAAGAGCCGGGCGGCCGAGCCCACCGTGGACCAGCGCCTCGGCCAGCAGCGCGCCGAGGACTTCCTCAGGAAACAGGCCCGCTACCACGATCGGGCCCGGGACCCCAGCGGCTCGGCGGGCCTGGACGCACGGAGGCCCTGGGCGGGAAGCCAGGAGGCCGAGCTGAGCCGGGAGGGACCCTACGGCCGCGAGTCGGACCACCACGCCCGGGAGGGCAGCCTGGAGCAACCCGGGTTCTGGGAGGGCGAGGCCGAGCGAGGCAAGGCCGGGGACCCCCACCGGAGGCACGTGCACCGGCAGGGGGGCAGCAGGGAGAGCCGCAGCGGGTCCCCGCGCACGGGCGCGGACGGGGAGCATCGACGTCATCGCGCGCACCGCAGGCCCGGGGAGGAGGGTCCGGAGGACAAGGCGGAGCGGAGGGCGCGGCACCGCGAGGGCAGCCGGCCGGCCCGGGGCGGCGAGGGCGAGGGCGAGGGCCCCGACGGGGGCGAGCGCAGGAGAAGGCACCGGCATGGCGCTCCAGCCACGTACGAGGGGGACGCGCGGAGGGAGGACAAGGAGCGGAGGCATCGGAGGAGGAAAGAGAACCAGGGCTCCGGGGTCCCTGTGTCGGGCCCCAACCTGTCAACCACCCGGCCAATCCAGCAGGACCTGGGCCGCCAAGACCCACCCCTGGCAGAGGATATTGACAACATGAAGAACAACAAGCTGGCCACCGCGGAGTCGGCCGCTCCCCACGGCAGCCTTGGCCACGCCGGCCTGCCCCAGAGCCCAGCCAAGATGGGAAACAGCACCGACCCCGGCCCCATGCTGGCCATCCCTGCCATGGCCACCAACCCCCAGAACGCCGCCAGCCGCCGGACGCCCAACAACCCGGGGAACCCATCCAATCCCGGCCCCCCCAAGACCCCCGAGAATAGCCTTATCGTCACCAACCCCAGCGGCACCCAGACCAATTCAGCTAAGACTGCCAGGAAACCCGACCACACCACAGTGGACATCCCCCCAGCCTGCCCACCCCCCCTCAACCACACCGTCGTACAAGTGAACAAAAACGCCAACCCAGACCCACTGCCAAAAAAAGAGGAAGAGAAGAAGGAGGAGGAGGAAGACGACCGTGGGGAAGACGGCCCTAAGCCAATGCCTCCCTATAGCTCCATGTTCATCCTGTCCACGACCAACCCCCTTCGCCGCCTGTGCCATTACATCCTGAACCTGCGCTACTTTGAGATGTGCATCCTCATGGTCATTGCCATGAGCAGCATCGCCCTGGCCGCCGAGGACCCTGTGCAGCCCAACGCACCTCGGAACAACGTGCTGCGATACTTTGACTACGTTTTTACAGGCGTCTTTACCTTTGAGATGGTGATCAAGATGATTGACCTGGGGCTCGTCCTGCATCAGGGTGCCTACTTCCGTGACCTCTGGAATATTCTCGACTTCATAGTGGTCAGTGGGGCCCTGGTAGCCTTTGCCTTCACTGGCAATAGCAAAGGAAAAGACATCAACACGATTAAATCCCTCCGAGTCCTCCGGGTGCTACGACCTCTTAAAACCATCAAGCGGCTGCCAAAGCTCAAGGCTGTGTTTGACTGTGTGGTGAACTCACTTAAAAACGTCTTCAACATCCTCATCGTCTACATGCTATTCATGTTCATCTTCGCCGTGGTGGCTGTGCAGCTCTTCAAGGGGAAATTCTTCCACTGCACTGACGAGTCCAAAGAGTTTGAGAAAGATTGTCGAGGCAAATACCTCCTCTACGAGAAGAATGAGGTGAAGGCGCGAGACCGGGAGTGGAAGAAGTATGAATTCCATTACGACAATGTGCTGTGGGCTCTGCTGACCCTCTTCACCGTGTCCACGGGAGAAGGCTGGCCACAGGTCCTCAAGCATTCGGTGGACGCCACCTTTGAGAACCAGGGCCCCAGCCCCGGGTACCGCATGGAGATGTCCATTTTCTACGTCGTCTACTTTGTGGTGTTCCCCTTCTTCTTTGTCAATATCTTTGTGGCCTTGATCATCATCACCTTCCAGGAGCAAGGGGACAAGATGATGGAGGAATACAGCCTGGAGAAAAATGAGAGGGCCTGCATTGATTTCGCCATCAGCGCCAAGCCGCTGACCCGACACATGCCGCAGAACAAGCAGAGCTTCCAGTACCGCATGTGGCAGTTCGTGGTGTCTCCGCCTTTCGAGTACACGATCATGGCCATGATCGCCCTCAACACCATCGTGCTTATGATGAAGTTCTATGGGGCTTCTGTTGCTTATGAAAATGCCCTGCGGGTGTTCAACATCGTCTTCACCTCCCTCTTCTCTCTGGAATGTGTGCTGAAAGTCATGGCTTTTGGGATTCTGAATTATTTCCGCGATGCCTGGAACATCTTCGACTTTGTGACTGTTCTGGGCAGCATCACCGATATCCTCGTGACTGAGTTTGGGAATCCGAATAACTTCATCAACCTGAGCTTTCTCCGCCTCTTCCGAGCTGCCCGGCTCATCAAACTTCTCCGTCAGGGTTACACCATCCGCATTCTTCTCTGGACCTTTGTGCAGTCCTTCAAGGCCCTGCCTTATGTCTGTCTGCTGATCGCCATGCTCTTCTTCATCTATGCCATCATTGGGATGCAGGTGTTTGGTAACATTGGCATCGACGTGGAGGACGAGGACAGTGATGAAGATGAGTTCCAAATCACTGAGCACAATAACTTCCGGACCTTCTTCCAGGCCCTCATGCTTCTCTTCCGGAGTGCCACCGGGGAAGCTTGGCACAACATCATGCTTTCCTGCCTCAGCGGGAAACCGTGTGATAAGAACTCTGGCATCCTGACTCGAGAGTGTGGCAATGAATTTGCTTATTTTTACTTTGTTTCCTTCATCTTCCTCTGCTCGTTTCTGATGCTGAATCTCTTTGTCGCCGTCATCATGGACAACTTTGAGTACCTCACCCGAGACTCCTCCATCCTGGGCCCCCACCACCTGGATGAGTACGTGCGTGTCTGGGCCGAGTATGACCCCGCAGCTTGGGGCCGCATGCCTTACCTGGACATGTATCAGATGCTGAGACACATGTCTCCGCCCCTGGGTCTGGGGAAGAAGTGTCCGGCCAGAGTGGCTTACAAGCGGCTTCTGCGGATGGACCTGCCCGTCGCAGATGACAACACCGTCCACTTCAATTCCACCCTCATGGCTCTGATCCGCACAGCCCTGGACATCAAGATTGCCAAGGGAGGAGCCGACAAACAGCAGATGGACGCTGAGCTGCGGAAGGAGATGATGGCGATTTGGCCCAATCTGTCCCAGAAGACGCTAGACCTGCTGGTCACACCTCACAAGTCCACGGACCTCACCGTGGGGAAGATCTACGCAGCCATGATGATCATGGAGTACTACCGGCAGAGCAAGGCCAAGAAGCTGCAGGCCATGCGCGAGGAGCAGGACCGGACACCCCTCATGTTCCAGCGCATGGAGCCCCCGTCCCCAACGCAGGAAGGGGGACCTGGCCAGAACGCCCTCCCCTCCACCCAGCTGGACCCAGGAGGAGCCCTGATGGCTCACGAAAGCGGCCTCAAGGAGAGCCCGTCCTGGGTGACCCAGCGTGCCCAGGAGATGTTCCAGAAGACGGGCACATGGAGTCCGGAACAAGGCCCCCCTACCGACATGCCCAACAGCCAGCCTAACTCTCAGTCCGTGGAGATGCGAGAGATGGGCAGAGATGGCTACTCCGACAGCGAGCACTACCTCCCCATGGAAGGCCAGGGCCGGGCTGCCTCCATGCCCCGCCTCCCTGCAGAGAACCAGAGGAGAAGGGGCCGGCCACGTGGGAATAACCTCAGTACCATCTCAGACACCAGCCCCATGAAGCGTTCAGCCTCCGTGCTGGGCCCCAAGGCCCGACGCCTGGACGATTACTCGCTGGAGCGGGTCCCGCCCGAGGAGAACCAGCGGCACCACCAGCGGCGCCGCGACCGCAGCCACCGCGCCTCTGAGCGCTCCCTGGGCCGCTACACCGATGTGGACACAGGCTTGGGGACAGACCTGAGCATGACCACCCAATCCGGGGACCTGCCGTCGAAGGAGCGGGACCAGGAGCGGGGCCGGCCCAAGGATCGGAAGCATCGACAGCACCACCACCACCACCACCACCACCACCATCCCCCGCCCCCCGACAAGGACCGCTATGCCCAGGAACGGCCGGACCACGGCCGGGCACGGGCTCGGGACCAGCGCTGGTCCCGCTCGCCCAGCGAGGGCCGAGAGCACATGGCGCACCGGCAGTAGTTCCGTAAGTGGAAGCCCAGCCCCCTCAACATCTGGTACCAGCACTCCGCGGCGGGGCCGCCGCCAGCTCCCCCAGACCCCCTCCACCCCCCGGCCACACGTGTCCTATTCCCCTGTGATCCGTAAGGCCGGCGGCTCGGGGCCCCCGCAGCAGCAGCAGCAGCAGCAGCAGCAGCAGCAGCAGCAGGCGGTGGCCAGGCCGGGCCGGGCGGCCACCAGCGGC', 'ScoreMethod': 'Kadane_TransitionArray_v1', 'Score': 110.75, 'Kadane_Score': 110.75, 'Structural_Factor': 1.0, 'GC_Content': 0.584, 'GC_CG_Dinucleotides': 987, 'Conservation_Score': 0.0, 'Conservation_P_Value': 1.0, 'Conservation_Significance': '', 'Arms/Repeat Unit/Copies': '', 'Spacer': '', 'ML_Probability': 0.33063114632902535, 'ML_Confidence': 0.5314418024303177, 'ML_Stability': 0.5, 'ML_Pattern_Score': 0.2843971631205674, 'Enhanced_Score': 87.44393438987075}, {'Sequence Name': 'CACNA1A', 'Class': 'R-loop', 'Subtype': 'R-loop', 'Start': 3366, 'End': 5389, 'Length': 2024, 'Sequence': 'GGGCTCCGGGGTCCCTGTGTCGGGCCCCAACCTGTCAACCACCCGGCCAATCCAGCAGGA\nCCTGGGCCGCCAAGACCCACCCCTGGCAGAGGATATTGACAACATGAAGAACAACAAGCT\nGGCCACCGCGGAGTCGGCCGCTCCCCACGGCAGCCTTGGCCACGCCGGCCTGCCCCAGAG\nCCCAGCCAAGATGGGAAACAGCACCGACCCCGGCCCCATGCTGGCCATCCCTGCCATGGC\nCACCAACCCCCAGAACGCCGCCAGCCGCCGGACGCCCAACAACCCGGGGAACCCATCCAA\nTCCCGGCCCCCCCAAGACCCCCGAGAATAGCCTTATCGTCACCAACCCCAGCGGCACCCA\nGACCAATTCAGCTAAGACTGCCAGGAAACCCGACCACACCACAGTGGACATCCCCCCAGC\nCTGCCCACCCCCCCTCAACCACACCGTCGTACAAGTGAACAAAAACGCCAACCCAGACCC\nACTGCCAAAAAAAGAGGAAGAGAAGAAGGAGGAGGAGGAAGACGACCGTGGGGAAGACGG\nCCCTAAGCCAATGCCTCCCTATAGCTCCATGTTCATCCTGTCCACGACCAACCCCCTTCG\nCCGCCTGTGCCATTACATCCTGAACCTGCGCTACTTTGAGATGTGCATCCTCATGGTCAT\nTGCCATGAGCAGCATCGCCCTGGCCGCCGAGGACCCTGTGCAGCCCAACGCACCTCGGAA\nCAACGTGCTGCGATACTTTGACTACGTTTTTACAGGCGTCTTTACCTTTGAGATGGTGAT\nCAAGATGATTGACCTGGGGCTCGTCCTGCATCAGGGTGCCTACTTCCGTGACCTCTGGAA\nTATTCTCGACTTCATAGTGGTCAGTGGGGCCCTGGTAGCCTTTGCCTTCACTGGCAATAG\nCAAAGGAAAAGACATCAACACGATTAAATCCCTCCGAGTCCTCCGGGTGCTACGACCTCT\nTAAAACCATCAAGCGGCTGCCAAAGCTCAAGGCTGTGTTTGACTGTGTGGTGAACTCACT\nTAAAAACGTCTTCAACATCCTCATCGTCTACATGCTATTCATGTTCATCTTCGCCGTGGT\nGGCTGTGCAGCTCTTCAAGGGGAAATTCTTCCACTGCACTGACGAGTCCAAAGAGTTTGA\nGAAAGATTGTCGAGGCAAATACCTCCTCTACGAGAAGAATGAGGTGAAGGCGCGAGACCG\nGGAGTGGAAGAAGTATGAATTCCATTACGACAATGTGCTGTGGGCTCTGCTGACCCTCTT\nCACCGTGTCCACGGGAGAAGGCTGGCCACAGGTCCTCAAGCATTCGGTGGACGCCACCTT\nTGAGAACCAGGGCCCCAGCCCCGGGTACCGCATGGAGATGTCCATTTTCTACGTCGTCTA\nCTTTGTGGTGTTCCCCTTCTTCTTTGTCAATATCTTTGTGGCCTTGATCATCATCACCTT\nCCAGGAGCAAGGGGACAAGATGATGGAGGAATACAGCCTGGAGAAAAATGAGAGGGCCTG\nCATTGATTTCGCCATCAGCGCCAAGCCGCTGACCCGACACATGCCGCAGAACAAGCAGAG\nCTTCCAGTACCGCATGTGGCAGTTCGTGGTGTCTCCGCCTTTCGAGTACACGATCATGGC\nCATGATCGCCCTCAACACCATCGTGCTTATGATGAAGTTCTATGGGGCTTCTGTTGCTTA\nTGAAAATGCCCTGCGGGTGTTCAACATCGTCTTCACCTCCCTCTTCTCTCTGGAATGTGT\nGCTGAAAGTCATGGCTTTTGGGATTCTGAATTATTTCCGCGATGCCTGGAACATCTTCGA\nCTTTGTGACTGTTCTGGGCAGCATCACCGATATCCTCGTGACTGAGTTTGGGAATCCGAA\nTAACTTCATCAACCTGAGCTTTCTCCGCCTCTTCCGAGCTGCCCGGCTCATCAAACTTCT\nCCGTCAGGGTTACACCATCCGCATTCTTCTCTGGACCTTTGTGCAGTCCTTCAAGGCCCT\nGCCTTATGTCTGTCTGCTGATCGCCATGCTCTTCTTCATCTATG', 'ScoreMethod': 'RLFS_UnifiedFramework_raw', 'Score': 292.07552412537007, 'RIZ_Length': 24, 'REZ_Length': 2000, 'REZ_GC_Content': 55.00000000000001, 'Conservation_Score': 5.229592650082324, 'Conservation_P_Value': 0.009900990099009901, 'Conservation_Significance': 'high', 'Arms/Repeat Unit/Copies': 'RIZ=24;REZ=2000', 'Spacer': '', 'ML_Probability': 0.33353427321341766, 'ML_Confidence': 0.6001205639280506, 'ML_Stability': 0.116917841516772, 'ML_Pattern_Score': 0.5, 'Enhanced_Score': 214.45889508416155}]",0.723,0.4,"This hybrid region spans multiple non-B DNA classes, indicating a potential hotspot for chromatin remodeling, replication stalling, or mutagenesis. Longer spans with diverse motif composition have higher biological impact."
CACNA1A,Hybrid,Hybrid_Slipped DNA(1)_Z-DNA(1),6901,6929,29,CACCACCACCACCACCACCACCACCACCA,0.7211955750957311,,,,Classes=2;Subtypes=2,,0.5,0.7,0.5,0.5,15.504836902567012,,,HybridOverlap_SubclassAnalysis_raw,,,,,,,,,,,,,,,,,,,,,,,,,,,,"['Slipped DNA', 'Z-DNA']","{'Z-DNA': 1, 'Slipped DNA': 1}","{'Z-DNA:Z-DNA': 1, 'Slipped DNA:Slipped DNA [STR]': 1}",Slipped DNA [STR](1); Z-DNA(1),"[{'Sequence Name': 'CACNA1A', 'Class': 'Z-DNA', 'Subtype': 'Z-DNA', 'Start': 229, 'End': 7279, 'Length': 7051, 'Sequence': 'AACCCGGAGCCCTTTGCTCTTTGCAGAATGGCCCGCTTCGGAGACGAGATGCCGGCCCGCTACGGGGGAGGAGGCTCCGGGGCAGCCGCCGGGGTGGTCGTGGGCAGCGGAGGCGGGCGAGGAGCCGGGGGCAGCCGGCAGGGCGGGCAGCCCGGGGCGCAAAGGATGTACAAGCAGTCAATGGCGCAGAGAGCGCGGACCATGGCACTCTACAACCCCATCCCCGTCCGACAGAACTGCCTCACGGTTAACCGGTCTCTCTTCCTCTTCAGCGAAGACAACGTGGTGAGAAAATACGCCAAAAAGATCACCGAATGGCCTCCCTTTGAATATATGATTTTAGCCACCATCATAGCGAATTGCATCGTCCTCGCACTGGAGCAGCATCTGCCTGATGATGACAAGACCCCGATGTCTGAACGGCTGGATGACACAGAACCATACTTCATTGGAATTTTTTGTTTCGAGGCTGGAATTAAAATCATTGCCCTTGGGTTTGCCTTCCACAAAGGCTCCTACTTGAGGAATGGCTGGAATGTCATGGACTTTGTGGTGGTGCTAACGGGCATCTTGGCGACAGTTGGGACGGAGTTTGACCTACGGACGCTGAGGGCAGTTCGAGTGCTGCGGCCGCTCAAGCTGGTGTCTGGAATCCCAAGTTTACAAGTCGTCCTGAAGTCGATCATGAAGGCGATGATCCCTTTGCTGCAGATCGGCCTCCTCCTATTTTTTGCAATCCTTATTTTTGCAATCATAGGGTTAGAATTTTATATGGGAAAATTTCATACCACCTGCTTTGAAGAGGGGACAGATGACATTCAGGGTGAGTCTCCGGCTCCATGTGGGACAGAAGAGCCCGCCCGCACCTGCCCCAATGGGACCAAATGTCAGCCCTACTGGGAAGGGCCCAACAACGGGATCACTCAGTTCGACAACATCCTGTTTGCAGTGCTGACTGTTTTCCAGTGCATAACCATGGAAGGGTGGACTGATCTCCTCTACAATAGCAACGATGCCTCAGGGAACACTTGGAACTGGTTGTACTTCATCCCCCTCATCATCATCGGCTCCTTTTTTATGCTGAACCTTGTGCTGGGTGTGCTGTCAGGGGAGTTTGCCAAAGAAAGGGAACGGGTGGAGAACCGGCGGGCTTTTCTGAAGCTGAGGCGGCAACAACAGATTGAACGTGAGCTCAATGGGTACATGGAGTGGATCTCAAAAGCAGAAGAGGTGATCCTCGCCGAGGATGAAACTGACGGGGAGCAGAGGCATCCCTTTGATGGAGCTCTGCGGAGAACCACCATAAAGAAAAGCAAGACAGATTTGCTCAACCCCGAAGAGGCTGAGGATCAGCTGGCTGATATAGCCTCTGTGGGTTCTCCCTTCGCCCGAGCCAGCATTAAAAGTGCCAAGCTGGAGAACTCGACCTTTTTTCACAAAAAGGAGAGGAGGATGCGTTTCTACATCCGCCGCATGGTCAAAACTCAGGCCTTCTACTGGACTGTACTCAGTTTGGTAGCTCTCAACACGCTGTGTGTTGCTATTGTTCACTACAACCAGCCCGAGTGGCTCTCCGACTTCCTTTACTATGCAGAATTCATTTTCTTAGGACTCTTTATGTCCGAAATGTTTATAAAAATGTACGGGCTTGGGACGCGGCCTTACTTCCACTCTTCCTTCAACTGCTTTGACTGTGGGGTTATCATTGGGAGCATCTTCGAGGTCATCTGGGCTGTCATAAAACCTGGCACATCCTTTGGAATCAGCGTGTTACGAGCCCTCAGGTTATTGCGTATTTTCAAAGTCACAAAGTACTGGGCATCTCTCAGAAACCTGGTCGTCTCTCTCCTCAACTCCATGAAGTCCATCATCAGCCTGTTGTTTCTCCTTTTCCTGTTCATTGTCGTCTTCGCCCTTTTGGGAATGCAACTCTTCGGCGGCCAGTTTAATTTCGATGAAGGGACTCCTCCCACCAACTTCGATACTTTTCCAGCAGCAATAATGACGGTGTTTCAGATCCTGACGGGCGAAGACTGGAACGAGGTCATGTACGACGGGATCAAGTCTCAGGGGGGCGTGCAGGGCGGCATGGTGTTCTCCATCTATTTCATTGTACTGACGCTCTTTGGGAACTACACCCTCCTGAATGTGTTCTTGGCCATCGCTGTGGACAATCTGGCCAACGCCCAGGAGCTCACCAAGGTGGAGGCGGACGAGCAAGAGGAAGAAGAAGCAGCGAACCAGAAACTTGCCCTACAGAAAGCCAAGGAGGTGGCAGAAGTGAGTCCTCTGTCCGCGGCCAACATGTCTATAGCTGTGAAAGAGCAACAGAAGAATCAAAAGCCAGCCAAGTCCGTGTGGGAGCAGCGGACCAGTGAGATGCGAAAGCAGAACTTGCTGGCCAGCCGGGAGGCCCTGTATAACGAAATGGACCCGGACGAGCGCTGGAAGGCTGCCTACACGCGGCACCTGCGGCCAGACATGAAGACGCACTTGGACCGGCCGCTGGTGGTGGACCCGCAGGAGAACCGCAACAACAACACCAACAAGAGCCGGGCGGCCGAGCCCACCGTGGACCAGCGCCTCGGCCAGCAGCGCGCCGAGGACTTCCTCAGGAAACAGGCCCGCTACCACGATCGGGCCCGGGACCCCAGCGGCTCGGCGGGCCTGGACGCACGGAGGCCCTGGGCGGGAAGCCAGGAGGCCGAGCTGAGCCGGGAGGGACCCTACGGCCGCGAGTCGGACCACCACGCCCGGGAGGGCAGCCTGGAGCAACCCGGGTTCTGGGAGGGCGAGGCCGAGCGAGGCAAGGCCGGGGACCCCCACCGGAGGCACGTGCACCGGCAGGGGGGCAGCAGGGAGAGCCGCAGCGGGTCCCCGCGCACGGGCGCGGACGGGGAGCATCGACGTCATCGCGCGCACCGCAGGCCCGGGGAGGAGGGTCCGGAGGACAAGGCGGAGCGGAGGGCGCGGCACCGCGAGGGCAGCCGGCCGGCCCGGGGCGGCGAGGGCGAGGGCGAGGGCCCCGACGGGGGCGAGCGCAGGAGAAGGCACCGGCATGGCGCTCCAGCCACGTACGAGGGGGACGCGCGGAGGGAGGACAAGGAGCGGAGGCATCGGAGGAGGAAAGAGAACCAGGGCTCCGGGGTCCCTGTGTCGGGCCCCAACCTGTCAACCACCCGGCCAATCCAGCAGGACCTGGGCCGCCAAGACCCACCCCTGGCAGAGGATATTGACAACATGAAGAACAACAAGCTGGCCACCGCGGAGTCGGCCGCTCCCCACGGCAGCCTTGGCCACGCCGGCCTGCCCCAGAGCCCAGCCAAGATGGGAAACAGCACCGACCCCGGCCCCATGCTGGCCATCCCTGCCATGGCCACCAACCCCCAGAACGCCGCCAGCCGCCGGACGCCCAACAACCCGGGGAACCCATCCAATCCCGGCCCCCCCAAGACCCCCGAGAATAGCCTTATCGTCACCAACCCCAGCGGCACCCAGACCAATTCAGCTAAGACTGCCAGGAAACCCGACCACACCACAGTGGACATCCCCCCAGCCTGCCCACCCCCCCTCAACCACACCGTCGTACAAGTGAACAAAAACGCCAACCCAGACCCACTGCCAAAAAAAGAGGAAGAGAAGAAGGAGGAGGAGGAAGACGACCGTGGGGAAGACGGCCCTAAGCCAATGCCTCCCTATAGCTCCATGTTCATCCTGTCCACGACCAACCCCCTTCGCCGCCTGTGCCATTACATCCTGAACCTGCGCTACTTTGAGATGTGCATCCTCATGGTCATTGCCATGAGCAGCATCGCCCTGGCCGCCGAGGACCCTGTGCAGCCCAACGCACCTCGGAACAACGTGCTGCGATACTTTGACTACGTTTTTACAGGCGTCTTTACCTTTGAGATGGTGATCAAGATGATTGACCTGGGGCTCGTCCTGCATCAGGGTGCCTACTTCCGTGACCTCTGGAATATTCTCGACTTCATAGTGGTCAGTGGGGCCCTGGTAGCCTTTGCCTTCACTGGCAATAGCAAAGGAAAAGACATCAACACGATTAAATCCCTCCGAGTCCTCCGGGTGCTACGACCTCTTAAAACCATCAAGCGGCTGCCAAAGCTCAAGGCTGTGTTTGACTGTGTGGTGAACTCACTTAAAAACGTCTTCAACATCCTCATCGTCTACATGCTATTCATGTTCATCTTCGCCGTGGTGGCTGTGCAGCTCTTCAAGGGGAAATTCTTCCACTGCACTGACGAGTCCAAAGAGTTTGAGAAAGATTGTCGAGGCAAATACCTCCTCTACGAGAAGAATGAGGTGAAGGCGCGAGACCGGGAGTGGAAGAAGTATGAATTCCATTACGACAATGTGCTGTGGGCTCTGCTGACCCTCTTCACCGTGTCCACGGGAGAAGGCTGGCCACAGGTCCTCAAGCATTCGGTGGACGCCACCTTTGAGAACCAGGGCCCCAGCCCCGGGTACCGCATGGAGATGTCCATTTTCTACGTCGTCTACTTTGTGGTGTTCCCCTTCTTCTTTGTCAATATCTTTGTGGCCTTGATCATCATCACCTTCCAGGAGCAAGGGGACAAGATGATGGAGGAATACAGCCTGGAGAAAAATGAGAGGGCCTGCATTGATTTCGCCATCAGCGCCAAGCCGCTGACCCGACACATGCCGCAGAACAAGCAGAGCTTCCAGTACCGCATGTGGCAGTTCGTGGTGTCTCCGCCTTTCGAGTACACGATCATGGCCATGATCGCCCTCAACACCATCGTGCTTATGATGAAGTTCTATGGGGCTTCTGTTGCTTATGAAAATGCCCTGCGGGTGTTCAACATCGTCTTCACCTCCCTCTTCTCTCTGGAATGTGTGCTGAAAGTCATGGCTTTTGGGATTCTGAATTATTTCCGCGATGCCTGGAACATCTTCGACTTTGTGACTGTTCTGGGCAGCATCACCGATATCCTCGTGACTGAGTTTGGGAATCCGAATAACTTCATCAACCTGAGCTTTCTCCGCCTCTTCCGAGCTGCCCGGCTCATCAAACTTCTCCGTCAGGGTTACACCATCCGCATTCTTCTCTGGACCTTTGTGCAGTCCTTCAAGGCCCTGCCTTATGTCTGTCTGCTGATCGCCATGCTCTTCTTCATCTATGCCATCATTGGGATGCAGGTGTTTGGTAACATTGGCATCGACGTGGAGGACGAGGACAGTGATGAAGATGAGTTCCAAATCACTGAGCACAATAACTTCCGGACCTTCTTCCAGGCCCTCATGCTTCTCTTCCGGAGTGCCACCGGGGAAGCTTGGCACAACATCATGCTTTCCTGCCTCAGCGGGAAACCGTGTGATAAGAACTCTGGCATCCTGACTCGAGAGTGTGGCAATGAATTTGCTTATTTTTACTTTGTTTCCTTCATCTTCCTCTGCTCGTTTCTGATGCTGAATCTCTTTGTCGCCGTCATCATGGACAACTTTGAGTACCTCACCCGAGACTCCTCCATCCTGGGCCCCCACCACCTGGATGAGTACGTGCGTGTCTGGGCCGAGTATGACCCCGCAGCTTGGGGCCGCATGCCTTACCTGGACATGTATCAGATGCTGAGACACATGTCTCCGCCCCTGGGTCTGGGGAAGAAGTGTCCGGCCAGAGTGGCTTACAAGCGGCTTCTGCGGATGGACCTGCCCGTCGCAGATGACAACACCGTCCACTTCAATTCCACCCTCATGGCTCTGATCCGCACAGCCCTGGACATCAAGATTGCCAAGGGAGGAGCCGACAAACAGCAGATGGACGCTGAGCTGCGGAAGGAGATGATGGCGATTTGGCCCAATCTGTCCCAGAAGACGCTAGACCTGCTGGTCACACCTCACAAGTCCACGGACCTCACCGTGGGGAAGATCTACGCAGCCATGATGATCATGGAGTACTACCGGCAGAGCAAGGCCAAGAAGCTGCAGGCCATGCGCGAGGAGCAGGACCGGACACCCCTCATGTTCCAGCGCATGGAGCCCCCGTCCCCAACGCAGGAAGGGGGACCTGGCCAGAACGCCCTCCCCTCCACCCAGCTGGACCCAGGAGGAGCCCTGATGGCTCACGAAAGCGGCCTCAAGGAGAGCCCGTCCTGGGTGACCCAGCGTGCCCAGGAGATGTTCCAGAAGACGGGCACATGGAGTCCGGAACAAGGCCCCCCTACCGACATGCCCAACAGCCAGCCTAACTCTCAGTCCGTGGAGATGCGAGAGATGGGCAGAGATGGCTACTCCGACAGCGAGCACTACCTCCCCATGGAAGGCCAGGGCCGGGCTGCCTCCATGCCCCGCCTCCCTGCAGAGAACCAGAGGAGAAGGGGCCGGCCACGTGGGAATAACCTCAGTACCATCTCAGACACCAGCCCCATGAAGCGTTCAGCCTCCGTGCTGGGCCCCAAGGCCCGACGCCTGGACGATTACTCGCTGGAGCGGGTCCCGCCCGAGGAGAACCAGCGGCACCACCAGCGGCGCCGCGACCGCAGCCACCGCGCCTCTGAGCGCTCCCTGGGCCGCTACACCGATGTGGACACAGGCTTGGGGACAGACCTGAGCATGACCACCCAATCCGGGGACCTGCCGTCGAAGGAGCGGGACCAGGAGCGGGGCCGGCCCAAGGATCGGAAGCATCGACAGCACCACCACCACCACCACCACCACCACCATCCCCCGCCCCCCGACAAGGACCGCTATGCCCAGGAACGGCCGGACCACGGCCGGGCACGGGCTCGGGACCAGCGCTGGTCCCGCTCGCCCAGCGAGGGCCGAGAGCACATGGCGCACCGGCAGTAGTTCCGTAAGTGGAAGCCCAGCCCCCTCAACATCTGGTACCAGCACTCCGCGGCGGGGCCGCCGCCAGCTCCCCCAGACCCCCTCCACCCCCCGGCCACACGTGTCCTATTCCCCTGTGATCCGTAAGGCCGGCGGCTCGGGGCCCCCGCAGCAGCAGCAGCAGCAGCAGCAGCAGCAGCAGCAGCAGGCGGTGGCCAGGCCGGGCCGGGCGGCCACCAGCGGC', 'ScoreMethod': 'Kadane_TransitionArray_v1', 'Score': 110.75, 'Kadane_Score': 110.75, 'Structural_Factor': 1.0, 'GC_Content': 0.584, 'GC_CG_Dinucleotides': 987, 'Conservation_Score': 0.0, 'Conservation_P_Value': 1.0, 'Conservation_Significance': '', 'Arms/Repeat Unit/Copies': '', 'Spacer': '', 'ML_Probability': 0.33063114632902535, 'ML_Confidence': 0.5314418024303177, 'ML_Stability': 0.5, 'ML_Pattern_Score': 0.2843971631205674, 'Enhanced_Score': 87.44393438987075}, {'Sequence Name': 'CACNA1A', 'Class': 'Slipped DNA', 'Subtype': 'Slipped DNA [STR]', 'Start': 6901, 'End': 6929, 'Length': 29, 'Unit': 'CAC', 'Copies': 9, 'Sequence': 'CACCACCACCACCACCACCACCACCACCA', 'ScoreMethod': 'STR_PerfectBlock_v1', 'Score': 14.5, 'GC_Fraction': 0.667, 'Conservation_Score': 4.5975610816011, 'Conservation_P_Value': 0.009900990099009901, 'Conservation_Significance': 'high', 'Arms/Repeat Unit/Copies': 'Unit=CAC;Copies=9', 'Spacer': '', 'ML_Probability': 0.9310344827586207, 'ML_Confidence': 0.7, 'ML_Stability': 0.5, 'ML_Pattern_Score': 0.5, 'Enhanced_Score': 38.08103448275862}]",0.004,0.4,"This hybrid region spans multiple non-B DNA classes, indicating a potential hotspot for chromatin remodeling, replication stalling, or mutagenesis. Longer spans with diverse motif composition have higher biological impact."
CACNA1A,Hybrid,Hybrid_R-loop(1)_Z-DNA(1),6983,7622,640,"GGGCACGGGCTCGGGACCAGCGCTGGTCCCGCTCGCCCAGCGAGGGCCGAGAGCACATGG
CGCACCGGCAGTAGTTCCGTAAGTGGAAGCCCAGCCCCCTCAACATCTGGTACCAGCACT
CCGCGGCGGGGCCGCCGCCAGCTCCCCCAGACCCCCTCCACCCCCCGGCCACACGTGTCC
TATTCCCCTGTGATCCGTAAGGCCGGCGGCTCGGGGCCCCCGCAGCAGCAGCAGCAGCAG
CAGCAGCAGCAGCAGCAGCAGGCGGTGGCCAGGCCGGGCCGGGCGGCCACCAGCGGCCCT
CGGAGGTACCCAGGCCCCACGGCCGAGCCTCTGGCCGGAGATCGGCCGCCCACGGGGGGC
CACAGCAGCGGCCGCTCGCCCAGGATGGAGAGGCGGGTCCCAGGCCCGGCCCGGAGCGAG
TCCCCCAGGGCCTGTCGACACGGCGGGGCCCGGTGGCCGGCATCTGGCCCGCACGTGTCC
GAGGGGCCCCCGGGTCCCCGGCACCATGGCTACTACCGGGGCTCCGACTACGACGAGGCC
GATGGCCCGGGCAGCGGGGGCGGCGAGGAGGCCATGGCCGGGGCCTACGACGCGCCACCC
CCCGTACGACACGCGTCCTCGGGCGCCACCGGGCGCTCGC",581.5149683570115,,,,Classes=2;Subtypes=2,,0.5,0.7,0.5,0.5,422.06047784990807,,,HybridOverlap_SubclassAnalysis_raw,,,,,,,,,,,,,,,,,,,,,,,,,,,,"['R-loop', 'Z-DNA']","{'R-loop': 1, 'Z-DNA': 1}","{'R-loop:R-loop': 1, 'Z-DNA:Z-DNA': 1}",R-loop(1); Z-DNA(1),"[{'Sequence Name': 'CACNA1A', 'Class': 'R-loop', 'Subtype': 'R-loop', 'Start': 6983, 'End': 8647, 'Length': 1665, 'Sequence': 'GGGCACGGGCTCGGGACCAGCGCTGGTCCCGCTCGCCCAGCGAGGGCCGAGAGCACATGG\nCGCACCGGCAGTAGTTCCGTAAGTGGAAGCCCAGCCCCCTCAACATCTGGTACCAGCACT\nCCGCGGCGGGGCCGCCGCCAGCTCCCCCAGACCCCCTCCACCCCCCGGCCACACGTGTCC\nTATTCCCCTGTGATCCGTAAGGCCGGCGGCTCGGGGCCCCCGCAGCAGCAGCAGCAGCAG\nCAGCAGCAGCAGCAGCAGCAGGCGGTGGCCAGGCCGGGCCGGGCGGCCACCAGCGGCCCT\nCGGAGGTACCCAGGCCCCACGGCCGAGCCTCTGGCCGGAGATCGGCCGCCCACGGGGGGC\nCACAGCAGCGGCCGCTCGCCCAGGATGGAGAGGCGGGTCCCAGGCCCGGCCCGGAGCGAG\nTCCCCCAGGGCCTGTCGACACGGCGGGGCCCGGTGGCCGGCATCTGGCCCGCACGTGTCC\nGAGGGGCCCCCGGGTCCCCGGCACCATGGCTACTACCGGGGCTCCGACTACGACGAGGCC\nGATGGCCCGGGCAGCGGGGGCGGCGAGGAGGCCATGGCCGGGGCCTACGACGCGCCACCC\nCCCGTACGACACGCGTCCTCGGGCGCCACCGGGCGCTCGCCCAGGACTCCCCGGGCCTCG\nGGCCCGGCCTGCGCCTCGCCTTCTCGGCACGGCCGGCGACTCCCCAACGGCTACTACCCG\nGCGCACGGACTGGCCAGGCCCCGCGGGCCGGGCTCCAGGAAGGGCCTGCACGAACCCTAC\nAGCGAGAGTGACGATGATTGGTGCTAAGCCCGGGCGAGGTGGCGCCCGCCCGGCCCCCCA\nCGCACCCCACGCACACACCCCACCCGAGGAGCCGCGCAGAGGCCGCGGGGGCCCAGCACA\nGAGGGCCCGGGAGAGGGCCAGCCGGGAGACCCCAGACTCTGGAGAGGCCAGGGCTGGGCC\nACAAGGGTGTCCCGCAGAGACCCTCGGCCAAAAGAGACCCTCCTGGGCAGCCACGGCGCC\nCCCCAACCAGCCCCGATCCCCCCACCCACGACAGGGGCTCTCGGGTGGGAGGCAGGGAGC\nAGACAAACCACACAGCCAAGGGATTTGAATTAACTCAGCCATTTTTGGAGAACTTTGGGG\nAACATGAAAAAAAAAAAAAAAAAAAAAAAAAAAAACATTTTTAAAAGAAAAAACGGGGAG\nAAAAAAATAGCTTCTATTGATGAGTTTTATCATCTCAATTGAATCTTTCCTTTCCCTGAT\nGAAGACAGCTGGTGGCCGAGTGCGGCAAAGAAGCCAGAAGGAACCAGAATCCCAGTGCCC\nTACACCCACCACCAGACACACTCACACCCACACACGTTCTCAGACACACACAAGAGTGCT\nTGCCGGTTATACCAAACCCTACTATTACTGCCTGCAGAAATCAATTTAAAAAAATAATAA\nTAACAATAAACAATTTTAAAAAGGACAAAAAAATTAATGATTGAGAAAAGAGGCATTTTT\nTTCTGACATTTGGTCCTGCTTGAAACAACAAAAGAAGAAGAAAAACCCACCATCACCACC\nGATTCCTTTGCTTCTTTTTTCCTTTTTTCCTACCTTGTTTGAAAACCGTGGGCTTGGGAC\nTGTGAATTATTGCATGACATTCAAAAAGAAAAAAAAAATAAAAAA', 'ScoreMethod': 'RLFS_UnifiedFramework_raw', 'Score': 1030.6053820473485, 'RIZ_Length': 15, 'REZ_Length': 1650, 'REZ_GC_Content': 61.63636363636363, 'Conservation_Score': 3.947268741630683, 'Conservation_P_Value': 0.009900990099009901, 'Conservation_Significance': 'high', 'Arms/Repeat Unit/Copies': 'RIZ=15;REZ=1650', 'Spacer': '', 'ML_Probability': 0.5420567375886525, 'ML_Confidence': 0.7252340425531916, 'ML_Stability': 0.1400709219858156, 'ML_Pattern_Score': 0.5, 'Enhanced_Score': 737.6854695608034}, {'Sequence Name': 'CACNA1A', 'Class': 'Z-DNA', 'Subtype': 'Z-DNA', 'Start': 7279, 'End': 7622, 'Length': 344, 'Sequence': 'CCCTCGGAGGTACCCAGGCCCCACGGCCGAGCCTCTGGCCGGAGATCGGCCGCCCACGGGGGGCCACAGCAGCGGCCGCTCGCCCAGGATGGAGAGGCGGGTCCCAGGCCCGGCCCGGAGCGAGTCCCCCAGGGCCTGTCGACACGGCGGGGCCCGGTGGCCGGCATCTGGCCCGCACGTGTCCGAGGGGCCCCCGGGTCCCCGGCACCATGGCTACTACCGGGGCTCCGACTACGACGAGGCCGATGGCCCGGGCAGCGGGGGCGGCGAGGAGGCCATGGCCGGGGCCTACGACGCGCCACCCCCCGTACGACACGCGTCCTCGGGCGCCACCGGGCGCTCGC', 'ScoreMethod': 'Kadane_TransitionArray_v1', 'Score': 50.0, 'Kadane_Score': 50.0, 'Structural_Factor': 1.0, 'GC_Content': 0.788, 'GC_CG_Dinucleotides': 90, 'Conservation_Score': 0.0, 'Conservation_P_Value': 1.0, 'Conservation_Significance': '', 'Arms/Repeat Unit/Copies': '', 'Spacer': '', 'ML_Probability': 0.47471523493118173, 'ML_Confidence': 0.6323006644518272, 'ML_Stability': 0.5, 'ML_Pattern_Score': 0.3440233236151603, 'Enhanced_Score': 49.24145704793545}]",0.384,0.4,"This hybrid region spans multiple non-B DNA classes, indicating a potential hotspot for chromatin remodeling, replication stalling, or mutagenesis. Longer spans with diverse motif composition have higher biological impact."
CACNA1A,Hybrid,Hybrid_Curved DNA(1)_R-loop(2),7727,8484,758,"GGGCCGGGCTCCAGGAAGGGCCTGCACGAACCCTACAGCGAGAGTGACGATGATTGGTGC
TAAGCCCGGGCGAGGTGGCGCCCGCCCGGCCCCCCACGCACCCCACGCACACACCCCACC
CGAGGAGCCGCGCAGAGGCCGCGGGGGCCCAGCACAGAGGGCCCGGGAGAGGGCCAGCCG
GGAGACCCCAGACTCTGGAGAGGCCAGGGCTGGGCCACAAGGGTGTCCCGCAGAGACCCT
CGGCCAAAAGAGACCCTCCTGGGCAGCCACGGCGCCCCCCAACCAGCCCCGATCCCCCCA
CCCACGACAGGGGCTCTCGGGTGGGAGGCAGGGAGCAGACAAACCACACAGCCAAGGGAT
TTGAATTAACTCAGCCATTTTTGGAGAACTTTGGGGAACATGAAAAAAAAAAAAAAAAAA
AAAAAAAAAAACATTTTTAAAAGAAAAAACGGGGAGAAAAAAATAGCTTCTATTGATGAG
TTTTATCATCTCAATTGAATCTTTCCTTTCCCTGATGAAGACAGCTGGTGGCCGAGTGCG
GCAAAGAAGCCAGAAGGAACCAGAATCCCAGTGCCCTACACCCACCACCAGACACACTCA
CACCCACACACGTTCTCAGACACACACAAGAGTGCTTGCCGGTTATACCAAACCCTACTA
TTACTGCCTGCAGAAATCAATTTAAAAAAATAATAATAACAATAAACAATTTTAAAAAGG
ACAAAAAAATTAATGATTGAGAAAAGAGGCATTTTTTT",1141.5668388666875,,,,Classes=2;Subtypes=2,,0.5,0.7,0.5,0.5,814.0967872066811,,,HybridOverlap_SubclassAnalysis_raw,,,,,,,,,,,,,,,,,,,,,,,,,,,,"['Curved DNA', 'R-loop']","{'Curved DNA': 1, 'R-loop': 2}","{'Curved DNA:Local curvature (long A-tract)': 1, 'R-loop:R-loop': 2}",Local curvature (long A-tract)(1); R-loop(2),"[{'Sequence Name': 'CACNA1A', 'Class': 'Curved DNA', 'Subtype': 'Local curvature (long A-tract)', 'Start': 8478, 'End': 8484, 'Length': 7, 'Sequence': 'TTTTTTT', 'Score': 15.322875655532295, 'Conservation_Score': 0.0, 'Conservation_P_Value': 1.0, 'Conservation_Significance': 'not significant', 'Arms/Repeat Unit/Copies': '', 'Spacer': '', 'ML_Probability': 0.5, 'ML_Confidence': 0.7, 'ML_Stability': 0.5, 'ML_Pattern_Score': 0.5, 'Enhanced_Score': 25.726012958872605}, {'Sequence Name': 'CACNA1A', 'Class': 'R-loop', 'Subtype': 'R-loop', 'Start': 6983, 'End': 8647, 'Length': 1665, 'Sequence': 'GGGCACGGGCTCGGGACCAGCGCTGGTCCCGCTCGCCCAGCGAGGGCCGAGAGCACATGG\nCGCACCGGCAGTAGTTCCGTAAGTGGAAGCCCAGCCCCCTCAACATCTGGTACCAGCACT\nCCGCGGCGGGGCCGCCGCCAGCTCCCCCAGACCCCCTCCACCCCCCGGCCACACGTGTCC\nTATTCCCCTGTGATCCGTAAGGCCGGCGGCTCGGGGCCCCCGCAGCAGCAGCAGCAGCAG\nCAGCAGCAGCAGCAGCAGCAGGCGGTGGCCAGGCCGGGCCGGGCGGCCACCAGCGGCCCT\nCGGAGGTACCCAGGCCCCACGGCCGAGCCTCTGGCCGGAGATCGGCCGCCCACGGGGGGC\nCACAGCAGCGGCCGCTCGCCCAGGATGGAGAGGCGGGTCCCAGGCCCGGCCCGGAGCGAG\nTCCCCCAGGGCCTGTCGACACGGCGGGGCCCGGTGGCCGGCATCTGGCCCGCACGTGTCC\nGAGGGGCCCCCGGGTCCCCGGCACCATGGCTACTACCGGGGCTCCGACTACGACGAGGCC\nGATGGCCCGGGCAGCGGGGGCGGCGAGGAGGCCATGGCCGGGGCCTACGACGCGCCACCC\nCCCGTACGACACGCGTCCTCGGGCGCCACCGGGCGCTCGCCCAGGACTCCCCGGGCCTCG\nGGCCCGGCCTGCGCCTCGCCTTCTCGGCACGGCCGGCGACTCCCCAACGGCTACTACCCG\nGCGCACGGACTGGCCAGGCCCCGCGGGCCGGGCTCCAGGAAGGGCCTGCACGAACCCTAC\nAGCGAGAGTGACGATGATTGGTGCTAAGCCCGGGCGAGGTGGCGCCCGCCCGGCCCCCCA\nCGCACCCCACGCACACACCCCACCCGAGGAGCCGCGCAGAGGCCGCGGGGGCCCAGCACA\nGAGGGCCCGGGAGAGGGCCAGCCGGGAGACCCCAGACTCTGGAGAGGCCAGGGCTGGGCC\nACAAGGGTGTCCCGCAGAGACCCTCGGCCAAAAGAGACCCTCCTGGGCAGCCACGGCGCC\nCCCCAACCAGCCCCGATCCCCCCACCCACGACAGGGGCTCTCGGGTGGGAGGCAGGGAGC\nAGACAAACCACACAGCCAAGGGATTTGAATTAACTCAGCCATTTTTGGAGAACTTTGGGG\nAACATGAAAAAAAAAAAAAAAAAAAAAAAAAAAAACATTTTTAAAAGAAAAAACGGGGAG\nAAAAAAATAGCTTCTATTGATGAGTTTTATCATCTCAATTGAATCTTTCCTTTCCCTGAT\nGAAGACAGCTGGTGGCCGAGTGCGGCAAAGAAGCCAGAAGGAACCAGAATCCCAGTGCCC\nTACACCCACCACCAGACACACTCACACCCACACACGTTCTCAGACACACACAAGAGTGCT\nTGCCGGTTATACCAAACCCTACTATTACTGCCTGCAGAAATCAATTTAAAAAAATAATAA\nTAACAATAAACAATTTTAAAAAGGACAAAAAAATTAATGATTGAGAAAAGAGGCATTTTT\nTTCTGACATTTGGTCCTGCTTGAAACAACAAAAGAAGAAGAAAAACCCACCATCACCACC\nGATTCCTTTGCTTCTTTTTTCCTTTTTTCCTACCTTGTTTGAAAACCGTGGGCTTGGGAC\nTGTGAATTATTGCATGACATTCAAAAAGAAAAAAAAAATAAAAAA', 'ScoreMethod': 'RLFS_UnifiedFramework_raw', 'Score': 1030.6053820473485, 'RIZ_Length': 15, 'REZ_Length': 1650, 'REZ_GC_Content': 61.63636363636363, 'Conservation_Score': 3.947268741630683, 'Conservation_P_Value': 0.009900990099009901, 'Conservation_Significance': 'high', 'Arms/Repeat Unit/Copies': 'RIZ=15;REZ=1650', 'Spacer': '', 'ML_Probability': 0.5420567375886525, 'ML_Confidence': 0.7252340425531916, 'ML_Stability': 0.1400709219858156, 'ML_Pattern_Score': 0.5, 'Enhanced_Score': 737.6854695608034}, {'Sequence Name': 'CACNA1A', 'Class': 'R-loop', 'Subtype': 'R-loop', 'Start': 7727, 'End': 8621, 'Length': 895, 'Sequence': 'GGGCCGGGCTCCAGGAAGGGCCTGCACGAACCCTACAGCGAGAGTGACGATGATTGGTGC\nTAAGCCCGGGCGAGGTGGCGCCCGCCCGGCCCCCCACGCACCCCACGCACACACCCCACC\nCGAGGAGCCGCGCAGAGGCCGCGGGGGCCCAGCACAGAGGGCCCGGGAGAGGGCCAGCCG\nGGAGACCCCAGACTCTGGAGAGGCCAGGGCTGGGCCACAAGGGTGTCCCGCAGAGACCCT\nCGGCCAAAAGAGACCCTCCTGGGCAGCCACGGCGCCCCCCAACCAGCCCCGATCCCCCCA\nCCCACGACAGGGGCTCTCGGGTGGGAGGCAGGGAGCAGACAAACCACACAGCCAAGGGAT\nTTGAATTAACTCAGCCATTTTTGGAGAACTTTGGGGAACATGAAAAAAAAAAAAAAAAAA\nAAAAAAAAAAACATTTTTAAAAGAAAAAACGGGGAGAAAAAAATAGCTTCTATTGATGAG\nTTTTATCATCTCAATTGAATCTTTCCTTTCCCTGATGAAGACAGCTGGTGGCCGAGTGCG\nGCAAAGAAGCCAGAAGGAACCAGAATCCCAGTGCCCTACACCCACCACCAGACACACTCA\nCACCCACACACGTTCTCAGACACACACAAGAGTGCTTGCCGGTTATACCAAACCCTACTA\nTTACTGCCTGCAGAAATCAATTTAAAAAAATAATAATAACAATAAACAATTTTAAAAAGG\nACAAAAAAATTAATGATTGAGAAAAGAGGCATTTTTTTCTGACATTTGGTCCTGCTTGAA\nACAACAAAAGAAGAAGAAAAACCCACCATCACCACCGATTCCTTTGCTTCTTTTTTCCTT\nTTTTCCTACCTTGTTTGAAAACCGTGGGCTTGGGACTGTGAATTATTGCATGACA', 'ScoreMethod': 'RLFS_UnifiedFramework_raw', 'Score': 521.278855352062, 'RIZ_Length': 20, 'REZ_Length': 875, 'REZ_GC_Content': 50.28571428571429, 'Conservation_Score': 6.434908498368774, 'Conservation_P_Value': 0.009900990099009901, 'Conservation_Significance': 'high', 'Arms/Repeat Unit/Copies': 'RIZ=20;REZ=875', 'Spacer': '', 'ML_Probability': 0.301969196919692, 'ML_Confidence': 0.5811815181518152, 'ML_Stability': 0.11496149614961496, 'ML_Pattern_Score': 0.5, 'Enhanced_Score': 373.9542746540341}]",0.455,0.6,"This hybrid region spans multiple non-B DNA classes, indicating a potential hotspot for chromatin remodeling, replication stalling, or mutagenesis. Longer spans with diverse motif composition have higher biological impact."
CACNA1A,Hybrid,Hybrid_Curved DNA(1)_R-loop(1),8625,8647,23,AAAAAGAAAAAAAAAATAAAAAA,20.147988970124896,,,,Classes=2;Subtypes=2,,0.5,0.7,0.5,0.5,29.103592279087426,,,HybridOverlap_SubclassAnalysis_raw,,,,,,,,,,,,,,,,,,,,,,,,,,,,"['Curved DNA', 'R-loop']","{'Curved DNA': 1, 'R-loop': 1}","{'Curved DNA:Global curvature (phased A-tracts)': 1, 'R-loop:R-loop': 1}",Global curvature (phased A-tracts)(1); R-loop(1),"[{'Sequence Name': 'CACNA1A', 'Class': 'Curved DNA', 'Subtype': 'Global curvature (phased A-tracts)', 'Start': 8625, 'End': 8649, 'Length': 25, 'Sequence': 'AAAAAGAAAAAAAAAATAAAAAAAA', 'Score': 11.208333333333332, 'Conservation_Score': -0.0480811462149608, 'Conservation_P_Value': 0.9504950495049505, 'Conservation_Significance': 'not significant', 'Arms/Repeat Unit/Copies': 'Tracts=3', 'Spacer': 'Spacing=6-15', 'ML_Probability': 0.5, 'ML_Confidence': 0.7, 'ML_Stability': 0.5, 'ML_Pattern_Score': 0.5, 'Enhanced_Score': 22.84583333333333}, {'Sequence Name': 'CACNA1A', 'Class': 'R-loop', 'Subtype': 'R-loop', 'Start': 6983, 'End': 8647, 'Length': 1665, 'Sequence': 'GGGCACGGGCTCGGGACCAGCGCTGGTCCCGCTCGCCCAGCGAGGGCCGAGAGCACATGG\nCGCACCGGCAGTAGTTCCGTAAGTGGAAGCCCAGCCCCCTCAACATCTGGTACCAGCACT\nCCGCGGCGGGGCCGCCGCCAGCTCCCCCAGACCCCCTCCACCCCCCGGCCACACGTGTCC\nTATTCCCCTGTGATCCGTAAGGCCGGCGGCTCGGGGCCCCCGCAGCAGCAGCAGCAGCAG\nCAGCAGCAGCAGCAGCAGCAGGCGGTGGCCAGGCCGGGCCGGGCGGCCACCAGCGGCCCT\nCGGAGGTACCCAGGCCCCACGGCCGAGCCTCTGGCCGGAGATCGGCCGCCCACGGGGGGC\nCACAGCAGCGGCCGCTCGCCCAGGATGGAGAGGCGGGTCCCAGGCCCGGCCCGGAGCGAG\nTCCCCCAGGGCCTGTCGACACGGCGGGGCCCGGTGGCCGGCATCTGGCCCGCACGTGTCC\nGAGGGGCCCCCGGGTCCCCGGCACCATGGCTACTACCGGGGCTCCGACTACGACGAGGCC\nGATGGCCCGGGCAGCGGGGGCGGCGAGGAGGCCATGGCCGGGGCCTACGACGCGCCACCC\nCCCGTACGACACGCGTCCTCGGGCGCCACCGGGCGCTCGCCCAGGACTCCCCGGGCCTCG\nGGCCCGGCCTGCGCCTCGCCTTCTCGGCACGGCCGGCGACTCCCCAACGGCTACTACCCG\nGCGCACGGACTGGCCAGGCCCCGCGGGCCGGGCTCCAGGAAGGGCCTGCACGAACCCTAC\nAGCGAGAGTGACGATGATTGGTGCTAAGCCCGGGCGAGGTGGCGCCCGCCCGGCCCCCCA\nCGCACCCCACGCACACACCCCACCCGAGGAGCCGCGCAGAGGCCGCGGGGGCCCAGCACA\nGAGGGCCCGGGAGAGGGCCAGCCGGGAGACCCCAGACTCTGGAGAGGCCAGGGCTGGGCC\nACAAGGGTGTCCCGCAGAGACCCTCGGCCAAAAGAGACCCTCCTGGGCAGCCACGGCGCC\nCCCCAACCAGCCCCGATCCCCCCACCCACGACAGGGGCTCTCGGGTGGGAGGCAGGGAGC\nAGACAAACCACACAGCCAAGGGATTTGAATTAACTCAGCCATTTTTGGAGAACTTTGGGG\nAACATGAAAAAAAAAAAAAAAAAAAAAAAAAAAAACATTTTTAAAAGAAAAAACGGGGAG\nAAAAAAATAGCTTCTATTGATGAGTTTTATCATCTCAATTGAATCTTTCCTTTCCCTGAT\nGAAGACAGCTGGTGGCCGAGTGCGGCAAAGAAGCCAGAAGGAACCAGAATCCCAGTGCCC\nTACACCCACCACCAGACACACTCACACCCACACACGTTCTCAGACACACACAAGAGTGCT\nTGCCGGTTATACCAAACCCTACTATTACTGCCTGCAGAAATCAATTTAAAAAAATAATAA\nTAACAATAAACAATTTTAAAAAGGACAAAAAAATTAATGATTGAGAAAAGAGGCATTTTT\nTTCTGACATTTGGTCCTGCTTGAAACAACAAAAGAAGAAGAAAAACCCACCATCACCACC\nGATTCCTTTGCTTCTTTTTTCCTTTTTTCCTACCTTGTTTGAAAACCGTGGGCTTGGGAC\nTGTGAATTATTGCATGACATTCAAAAAGAAAAAAAAAATAAAAAA', 'ScoreMethod': 'RLFS_UnifiedFramework_raw', 'Score': 1030.6053820473485, 'RIZ_Length': 15, 'REZ_Length': 1650, 'REZ_GC_Content': 61.63636363636363, 'Conservation_Score': 3.947268741630683, 'Conservation_P_Value': 0.009900990099009901, 'Conservation_Significance': 'high', 'Arms/Repeat Unit/Copies': 'RIZ=15;REZ=1650', 'Spacer': '', 'ML_Probability': 0.5420567375886525, 'ML_Confidence': 0.7252340425531916, 'ML_Stability': 0.1400709219858156, 'ML_Pattern_Score': 0.5, 'Enhanced_Score': 737.6854695608034}]",0.014,0.4,"This hybrid region spans multiple non-B DNA classes, indicating a potential hotspot for chromatin remodeling, replication stalling, or mutagenesis. Longer spans with diverse motif composition have higher biological impact."
