Sequence Name,Class,Subtype,Start,End,Length,Sequence,Score,Conservation_Score,Conservation_P_Value,Conservation_Significance,Arms/Repeat Unit/Copies,Spacer,ML_Probability,ML_Confidence,ML_Stability,ML_Pattern_Score,Enhanced_Score,Unit,Copies,ScoreMethod,GC_Fraction,Kadane_Score,Structural_Factor,GC_Content,GC_CG_Dinucleotides,MotifClasses,ClassBreakdown,SubclassBreakdown,SubclassDetail,ContributingMotifs,OverlapDegree,InteractionStrength,Annotation
CNKSR2,Curved DNA,Local curvature (long A-tract),5247,5268,22,AAAAAAAAAAAAAAAAAAAAAA,46.34520787991171,0.0,1.0,not significant,,,0.5,0.7,0.5,0.5,47.4416455159382,,,,,,,,,,,,,,,,
CNKSR2,Curved DNA,Local curvature (long A-tract),4631,4637,7,TTTTTTT,15.322875655532295,0.0,1.0,not significant,,,0.5,0.7,0.5,0.5,25.726012958872605,,,,,,,,,,,,,,,,
CNKSR2,Curved DNA,Local curvature (long A-tract),4802,4808,7,TTTTTTT,15.322875655532295,0.0,1.0,not significant,,,0.5,0.7,0.5,0.5,25.726012958872605,,,,,,,,,,,,,,,,
CNKSR2,Curved DNA,Global curvature (phased A-tracts),3782,3802,21,AAAACCACAAAAGGCAGTTTT,9.166666666666666,2.1658081742651403,0.009900990099009901,medium,Tracts=3,Spacing=6-15,0.5,0.7,0.5,0.5,21.416666666666664,,,,,,,,,,,,,,,,
CNKSR2,Curved DNA,Global curvature (phased A-tracts),4524,4548,25,AAAAAACAACACTGAAAAATAAAAA,6.5,0.1188693383469101,0.46534653465346537,not significant,Tracts=3,Spacing=6-15,0.5,0.7,0.5,0.5,19.55,,,,,,,,,,,,,,,,
CNKSR2,Curved DNA,Global curvature (phased A-tracts),3917,3950,34,TTTTTTATATTTATTAAAATGTTCTAAGAATTTT,6.25,0.6386634587531008,0.07920792079207921,not significant,Tracts=3,Spacing=6-15,0.5,0.7,0.5,0.5,19.375,,,,,,,,,,,,,,,,
CNKSR2,Curved DNA,Global curvature (phased A-tracts),2317,2332,16,AAAATCAAAAGCTTTT,6.0,2.3014631824448584,0.009900990099009901,medium,Tracts=3,Spacing=6-15,0.5,0.7,0.5,0.5,19.2,,,,,,,,,,,,,,,,
CNKSR2,Slipped DNA,Slipped DNA [STR],5247,5268,22,AAAAAAAAAAAAAAAAAAAAAA,16.0,0.0,1.0,not significant,Unit=A;Copies=22,,1.0,0.7,0.5,0.5,41.2,A,22.0,STR_PerfectBlock_v1,0.0,,,,,,,,,,,,
CNKSR2,Slipped DNA,Slipped DNA [STR],178,215,38,GCAGCAGCAGCAGCAGCAGCAGCAGCAGCAGCAGCAGC,15.5,10.597980413751413,0.009900990099009901,high,Unit=GCA;Copies=12,,0.9473684210526315,0.7,0.5,0.5,39.27105263157895,GCA,12.0,STR_PerfectBlock_v1,0.667,,,,,,,,,,,,
CNKSR2,Slipped DNA,Slipped DNA [STR],3025,3047,23,GAGGAGGAGGAGGAGGAGGAGGA,13.0,2.7832587996559575,0.009900990099009901,high,Unit=GAG;Copies=7,,0.9130434782608695,0.7,0.5,0.5,36.49130434782609,GAG,7.0,STR_PerfectBlock_v1,0.667,,,,,,,,,,,,
CNKSR2,Slipped DNA,Slipped DNA [STR],216,231,16,CGCCGCCGCCGCCGCC,10.0,1.930667666790519,0.009900990099009901,medium,Unit=CGC;Copies=5,,0.9375,0.7,0.5,0.5,35.125,CGC,5.0,STR_PerfectBlock_v1,1.0,,,,,,,,,,,,
CNKSR2,Z-DNA,Z-DNA,1,230,230,GTCATTTCCGCCGGGCAGCTAGTCGTGCTCGGGGCTTCACTCCCGCGCGTGAGGCGAGCGGGCAAGTTGGCTGAGGGCGTGCGGCAGAGGCTGCTTCCCTCGGCGACGCGACCCCTCAGCAACTCAAGCTATGAACTGAAGCTCCCTAGGGACGGAGACCGGAGCGGAGCGGCGGAGGCAGCAGCAGCAGCAGCAGCAGCAGCAGCAGCAGCAGCCGCCGCCGCCGCCGC,125.0,0.0,1.0,,,,0.44969432314410474,0.6147860262008733,0.5,0.41484716157205237,100.99082969432314,,,Kadane_TransitionArray_v1,,125.0,1.0,0.7,67.0,,,,,,,,
CNKSR2,Hybrid,Hybrid_Slipped DNA(1)_Z-DNA(1),178,215,38,GCAGCAGCAGCAGCAGCAGCAGCAGCAGCAGCAGCAGC,32.498260869565215,,,,Classes=2;Subtypes=2,,0.5,0.7,0.5,0.5,37.74878260869565,,,HybridOverlap_SubclassAnalysis_raw,,,,,,"['Slipped DNA', 'Z-DNA']","{'Slipped DNA': 1, 'Z-DNA': 1}","{'Slipped DNA:Slipped DNA [STR]': 1, 'Z-DNA:Z-DNA': 1}",Slipped DNA [STR](1); Z-DNA(1),"[{'Sequence Name': 'CNKSR2', 'Class': 'Slipped DNA', 'Subtype': 'Slipped DNA [STR]', 'Start': 178, 'End': 215, 'Length': 38, 'Unit': 'GCA', 'Copies': 12, 'Sequence': 'GCAGCAGCAGCAGCAGCAGCAGCAGCAGCAGCAGCAGC', 'ScoreMethod': 'STR_PerfectBlock_v1', 'Score': 15.5, 'GC_Fraction': 0.667, 'Conservation_Score': 10.597980413751413, 'Conservation_P_Value': 0.009900990099009901, 'Conservation_Significance': 'high', 'Arms/Repeat Unit/Copies': 'Unit=GCA;Copies=12', 'Spacer': '', 'ML_Probability': 0.9473684210526315, 'ML_Confidence': 0.7, 'ML_Stability': 0.5, 'ML_Pattern_Score': 0.5, 'Enhanced_Score': 39.27105263157895}, {'Sequence Name': 'CNKSR2', 'Class': 'Z-DNA', 'Subtype': 'Z-DNA', 'Start': 1, 'End': 230, 'Length': 230, 'Sequence': 'GTCATTTCCGCCGGGCAGCTAGTCGTGCTCGGGGCTTCACTCCCGCGCGTGAGGCGAGCGGGCAAGTTGGCTGAGGGCGTGCGGCAGAGGCTGCTTCCCTCGGCGACGCGACCCCTCAGCAACTCAAGCTATGAACTGAAGCTCCCTAGGGACGGAGACCGGAGCGGAGCGGCGGAGGCAGCAGCAGCAGCAGCAGCAGCAGCAGCAGCAGCAGCCGCCGCCGCCGCCGC', 'ScoreMethod': 'Kadane_TransitionArray_v1', 'Score': 125.0, 'Kadane_Score': 125.0, 'Structural_Factor': 1.0, 'GC_Content': 0.7, 'GC_CG_Dinucleotides': 67, 'Conservation_Score': 0.0, 'Conservation_P_Value': 1.0, 'Conservation_Significance': '', 'Arms/Repeat Unit/Copies': '', 'Spacer': '', 'ML_Probability': 0.44969432314410474, 'ML_Confidence': 0.6147860262008733, 'ML_Stability': 0.5, 'ML_Pattern_Score': 0.41484716157205237, 'Enhanced_Score': 100.99082969432314}]",0.165,0.4,"This hybrid region spans multiple non-B DNA classes, indicating a potential hotspot for chromatin remodeling, replication stalling, or mutagenesis. Longer spans with diverse motif composition have higher biological impact."
CNKSR2,Hybrid,Hybrid_Slipped DNA(1)_Z-DNA(1),216,230,15,CGCCGCCGCCGCCGC,12.326086956521738,,,,Classes=2;Subtypes=2,,0.5,0.7,0.5,0.5,23.628260869565217,,,HybridOverlap_SubclassAnalysis_raw,,,,,,"['Slipped DNA', 'Z-DNA']","{'Slipped DNA': 1, 'Z-DNA': 1}","{'Slipped DNA:Slipped DNA [STR]': 1, 'Z-DNA:Z-DNA': 1}",Slipped DNA [STR](1); Z-DNA(1),"[{'Sequence Name': 'CNKSR2', 'Class': 'Slipped DNA', 'Subtype': 'Slipped DNA [STR]', 'Start': 216, 'End': 231, 'Length': 16, 'Unit': 'CGC', 'Copies': 5, 'Sequence': 'CGCCGCCGCCGCCGCC', 'ScoreMethod': 'STR_PerfectBlock_v1', 'Score': 10.0, 'GC_Fraction': 1.0, 'Conservation_Score': 1.930667666790519, 'Conservation_P_Value': 0.009900990099009901, 'Conservation_Significance': 'medium', 'Arms/Repeat Unit/Copies': 'Unit=CGC;Copies=5', 'Spacer': '', 'ML_Probability': 0.9375, 'ML_Confidence': 0.7, 'ML_Stability': 0.5, 'ML_Pattern_Score': 0.5, 'Enhanced_Score': 35.125}, {'Sequence Name': 'CNKSR2', 'Class': 'Z-DNA', 'Subtype': 'Z-DNA', 'Start': 1, 'End': 230, 'Length': 230, 'Sequence': 'GTCATTTCCGCCGGGCAGCTAGTCGTGCTCGGGGCTTCACTCCCGCGCGTGAGGCGAGCGGGCAAGTTGGCTGAGGGCGTGCGGCAGAGGCTGCTTCCCTCGGCGACGCGACCCCTCAGCAACTCAAGCTATGAACTGAAGCTCCCTAGGGACGGAGACCGGAGCGGAGCGGCGGAGGCAGCAGCAGCAGCAGCAGCAGCAGCAGCAGCAGCAGCCGCCGCCGCCGCCGC', 'ScoreMethod': 'Kadane_TransitionArray_v1', 'Score': 125.0, 'Kadane_Score': 125.0, 'Structural_Factor': 1.0, 'GC_Content': 0.7, 'GC_CG_Dinucleotides': 67, 'Conservation_Score': 0.0, 'Conservation_P_Value': 1.0, 'Conservation_Significance': '', 'Arms/Repeat Unit/Copies': '', 'Spacer': '', 'ML_Probability': 0.44969432314410474, 'ML_Confidence': 0.6147860262008733, 'ML_Stability': 0.5, 'ML_Pattern_Score': 0.41484716157205237, 'Enhanced_Score': 100.99082969432314}]",0.065,0.4,"This hybrid region spans multiple non-B DNA classes, indicating a potential hotspot for chromatin remodeling, replication stalling, or mutagenesis. Longer spans with diverse motif composition have higher biological impact."
CNKSR2,Hybrid,Hybrid_Curved DNA(1)_Slipped DNA(1),5247,5268,22,AAAAAAAAAAAAAAAAAAAAAA,87.28329103187639,,,,Classes=2;Subtypes=2,,0.5,0.7,0.5,0.5,76.09830372231346,,,HybridOverlap_SubclassAnalysis_raw,,,,,,"['Curved DNA', 'Slipped DNA']","{'Curved DNA': 1, 'Slipped DNA': 1}","{'Curved DNA:Local curvature (long A-tract)': 1, 'Slipped DNA:Slipped DNA [STR]': 1}",Local curvature (long A-tract)(1); Slipped DNA [STR](1),"[{'Sequence Name': 'CNKSR2', 'Class': 'Curved DNA', 'Subtype': 'Local curvature (long A-tract)', 'Start': 5247, 'End': 5268, 'Length': 22, 'Sequence': 'AAAAAAAAAAAAAAAAAAAAAA', 'Score': 46.34520787991171, 'Conservation_Score': 0.0, 'Conservation_P_Value': 1.0, 'Conservation_Significance': 'not significant', 'Arms/Repeat Unit/Copies': '', 'Spacer': '', 'ML_Probability': 0.5, 'ML_Confidence': 0.7, 'ML_Stability': 0.5, 'ML_Pattern_Score': 0.5, 'Enhanced_Score': 47.4416455159382}, {'Sequence Name': 'CNKSR2', 'Class': 'Slipped DNA', 'Subtype': 'Slipped DNA [STR]', 'Start': 5247, 'End': 5268, 'Length': 22, 'Unit': 'A', 'Copies': 22, 'Sequence': 'AAAAAAAAAAAAAAAAAAAAAA', 'ScoreMethod': 'STR_PerfectBlock_v1', 'Score': 16.0, 'GC_Fraction': 0.0, 'Conservation_Score': 0.0, 'Conservation_P_Value': 1.0, 'Conservation_Significance': 'not significant', 'Arms/Repeat Unit/Copies': 'Unit=A;Copies=22', 'Spacer': '', 'ML_Probability': 1.0, 'ML_Confidence': 0.7, 'ML_Stability': 0.5, 'ML_Pattern_Score': 0.5, 'Enhanced_Score': 41.2}]",1.0,0.4,"This hybrid region spans multiple non-B DNA classes, indicating a potential hotspot for chromatin remodeling, replication stalling, or mutagenesis. Longer spans with diverse motif composition have higher biological impact."
