Sequence Name,Class,Subtype,Start,End,Length,Unit,Copies,Sequence,ScoreMethod,Score,GC_Fraction,Conservation_Score,Conservation_P_Value,Conservation_Significance,Arms/Repeat Unit/Copies,Spacer,ML_Probability,ML_Confidence,ML_Stability,ML_Pattern_Score,Enhanced_Score,RIZ_Length,REZ_Length,REZ_GC_Content,Kadane_Score,Structural_Factor,GC_Content,GC_CG_Dinucleotides,MotifClasses,ClassBreakdown,SubclassBreakdown,SubclassDetail,ContributingMotifs,OverlapDegree,InteractionStrength,Annotation,G4Hunter_Score,Formation_Category,Priority
DMPK,Slipped DNA,Slipped DNA [STR],2235,2296,62,TGC,20.0,"TGCTGCTGCTGCTGCTGCTGCTGCTGCTGCTGCTGCTGCTGCTGCTGCTGCTGCTGCTGC
TG",STR_PerfectBlock_v1,16.5,0.667,25.712928309079654,0.009900990099009901,high,Unit=TGC;Copies=20,,0.9523809523809523,0.7,0.5,0.5,40.12142857142857,,,,,,,,,,,,,,,,,,
DMPK,R-loop,R-loop,45,2067,2023,,,"GGGCTCCAGGGCCTGGACAGGGGCTGCCAGGCCCTGTGACAGGAGGACCCCGAGCCCCCG
GCCCGGGGAGGGGCCATGGTGCTGCCTGTCCAACATGTCAGCCGAGGTGCGGCTGAGGCG
GCTCCAGCAGCTGGTGTTGGACCCGGGCTTCCTGGGGCTGGAGCCCCTGCTCGACCTTCT
CCTGGGCGTCCACCAGGAGCTGGGCGCCTCCGAACTGGCCCAGGACAAGTACGTGGCCGA
CTTCTTGCAGTGGGCGGAGCCCATCGTGGTGAGGCTTAAGGAGGTCCGACTGCAGAGGGA
CGACTTCGAGATTCTGAAGGTGATCGGACGCGGGGCGTTCAGCGAGGTAGCGGTAGTGAA
GATGAAGCAGACGGGCCAGGTGTATGCCATGAAGATCATGAACAAGTGGGACATGCTGAA
GAGGGGCGAGGTGTCGTGCTTCCGTGAGGAGAGGGACGTGTTGGTGAATGGGGACCGGCG
GTGGATCACGCAGCTGCACTTCGCCTTCCAGGATGAGAACTACCTGTACCTGGTCATGGA
GTATTACGTGGGCGGGGACCTGCTGACACTGCTGAGCAAGTTTGGGGAGCGGATTCCGGC
CGAGATGGCGCGCTTCTACCTGGCGGAGATTGTCATGGCCATAGACTCGGTGCACCGGCT
TGGCTACGTGCACAGGGACATCAAACCCGACAACATCCTGCTGGACCGCTGTGGCCACAT
CCGCCTGGCCGACTTCGGCTCTTGCCTCAAGCTGCGGGCAGATGGAACGGTGCGGTCGCT
GGTGGCTGTGGGCACCCCAGACTACCTGTCCCCCGAGATCCTGCAGGCTGTGGGCGGTGG
GCCTGGGACAGGCAGCTACGGGCCCGAGTGTGACTGGTGGGCGCTGGGTGTATTCGCCTA
TGAAATGTTCTATGGGCAGACGCCCTTCTACGCGGATTCCACGGCGGAGACCTATGGCAA
GATCGTCCACTACAAGGAGCACCTCTCTCTGCCGCTGGTGGACGAAGGGGTCCCTGAGGA
GGCTCGAGACTTCATTCAGCGGTTGCTGTGTCCCCCGGAGACACGGCTGGGCCGGGGTGG
AGCAGGCGACTTCCGGACACATCCCTTCTTCTTTGGCCTCGACTGGGATGGTCTCCGGGA
CAGCGTGCCCCCCTTTACACCGGATTTCGAAGGTGCCACCGACACATGCAACTTCGACTT
GGTGGAGGACGGGCTCACTGCCATGGAGACACTGTCGGACATTCGGGAAGGTGCGCCGCT
AGGGGTCCACCTGCCTTTTGTGGGCTACTCCTACTCCTGCATGGCCCTCAGGGACAGTGA
GGTCCCAGGCCCCACACCCATGGAACTGGAGGCCGAGCAGCTGCTTGAGCCACACGTGCA
AGCGCCCAGCCTGGAGCCCTCGGTGTCCCCACAGGATGAAACAGCTGAAGTGGCAGTTCC
AGCGGCTGTCCCTGCGGCAGAGGCTGAGGCCGAGGTGACGCTGCGGGAGCTCCAGGAAGC
CCTGGAGGAGGAGGTGCTCACCCGGCAGAGCCTGAGCCGGGAGATGGAGGCCATCCGCAC
GGACAACCAGAACTTCGCCAGTCAACTACGCGAGGCAGAGGCTCGGAACCGGGACCTAGA
GGCACACGTCCGGCAGTTGCAGGAGCGGATGGAGTTGCTGCAGGCAGAGGGAGCCACAGC
TGTCACGGGGGTCCCCAGTCCCCGGGCCACGGATCCACCTTCCCATCTAGATGGCCCCCC
GGCCGTGGCTGTGGGCCAGTGCCCGCTGGTGGGGCCAGGCCCCATGCACCGCCGCCACCT
GCTGCTCCCTGCCAGGGTCCCTAGGCCTGGCCTATCGGAGGCGCTTTCCCTGCTCCTGTT
CGCCGTTGTTCTGTCTCGTGCCGCCGCCCTGGGCTGCATTGGGTTGGTGGCCCACGCCGG
CCAACTCACCGCAGTCTGGCGCCGCCCAGGAGCCGCCCGCGCTCCCTGAACCCTAGAACT
GTCTTCGACTCCGGGGCCCCGTTGGAAGACTGAGTGCCCGGGG",RLFS_UnifiedFramework_raw,2308.0168668814,,3.589138993309629,0.009900990099009901,high,RIZ=23;REZ=2000,,0.6818744944291256,0.8091246966574754,0.17047665369649806,0.5,1636.0680416498537,23.0,2000.0,65.0,,,,,,,,,,,,,,,
DMPK,R-loop,R-loop,876,2766,1891,,,"GGGCGGTGGGCCTGGGACAGGCAGCTACGGGCCCGAGTGTGACTGGTGGGCGCTGGGTGT
ATTCGCCTATGAAATGTTCTATGGGCAGACGCCCTTCTACGCGGATTCCACGGCGGAGAC
CTATGGCAAGATCGTCCACTACAAGGAGCACCTCTCTCTGCCGCTGGTGGACGAAGGGGT
CCCTGAGGAGGCTCGAGACTTCATTCAGCGGTTGCTGTGTCCCCCGGAGACACGGCTGGG
CCGGGGTGGAGCAGGCGACTTCCGGACACATCCCTTCTTCTTTGGCCTCGACTGGGATGG
TCTCCGGGACAGCGTGCCCCCCTTTACACCGGATTTCGAAGGTGCCACCGACACATGCAA
CTTCGACTTGGTGGAGGACGGGCTCACTGCCATGGAGACACTGTCGGACATTCGGGAAGG
TGCGCCGCTAGGGGTCCACCTGCCTTTTGTGGGCTACTCCTACTCCTGCATGGCCCTCAG
GGACAGTGAGGTCCCAGGCCCCACACCCATGGAACTGGAGGCCGAGCAGCTGCTTGAGCC
ACACGTGCAAGCGCCCAGCCTGGAGCCCTCGGTGTCCCCACAGGATGAAACAGCTGAAGT
GGCAGTTCCAGCGGCTGTCCCTGCGGCAGAGGCTGAGGCCGAGGTGACGCTGCGGGAGCT
CCAGGAAGCCCTGGAGGAGGAGGTGCTCACCCGGCAGAGCCTGAGCCGGGAGATGGAGGC
CATCCGCACGGACAACCAGAACTTCGCCAGTCAACTACGCGAGGCAGAGGCTCGGAACCG
GGACCTAGAGGCACACGTCCGGCAGTTGCAGGAGCGGATGGAGTTGCTGCAGGCAGAGGG
AGCCACAGCTGTCACGGGGGTCCCCAGTCCCCGGGCCACGGATCCACCTTCCCATCTAGA
TGGCCCCCCGGCCGTGGCTGTGGGCCAGTGCCCGCTGGTGGGGCCAGGCCCCATGCACCG
CCGCCACCTGCTGCTCCCTGCCAGGGTCCCTAGGCCTGGCCTATCGGAGGCGCTTTCCCT
GCTCCTGTTCGCCGTTGTTCTGTCTCGTGCCGCCGCCCTGGGCTGCATTGGGTTGGTGGC
CCACGCCGGCCAACTCACCGCAGTCTGGCGCCGCCCAGGAGCCGCCCGCGCTCCCTGAAC
CCTAGAACTGTCTTCGACTCCGGGGCCCCGTTGGAAGACTGAGTGCCCGGGGCACGGCAC
AGAAGCCGCGCCCACCGCCTGCCAGTTCACAACCGCTCCGAGCGTGGGTCTCCGCCCAGC
TCCAGTCCTGTGATCCGGGCCCGCCCCCTAGCGGCCGGGGAGGGAGGGGCCGGGTCCGCG
GCCGGCGAACGGGGCTCGAAGGGTCCTTGTAGCCGGGAATGCTGCTGCTGCTGCTGCTGC
TGCTGCTGCTGCTGCTGCTGCTGCTGCTGCTGCTGCTGCTGGGGGGATCACAGACCATTT
CTTTCTTTCGGCCAGGCTGAGGCCCTGACGTGGATGGGCAAACTGCAGGCCTGGGAAGGC
AGCAAGCCGGGCCGTCCGTGTTCCATCCTCCACGCACCCCCACCTATCGTTGGTTCGCAA
AGTGCAAAGCTTTCTTGTGCATGACGCCCTGCTCTGGGGAGCGTCTGGCGCGATCTCTGC
CTGCTTACTCGGGAAATTTGCTTTTGCCAAACCCGCTTTTTCGGGGATCCCGCGCCCCCC
TCCTCACTTGCGCTGCTCTCGGAGCCCCAGCCGGCTCCGCCCGCTTCGGCGGTTTGGATA
TTTATTGACCTCGTCCTCCGACTCGCTGACAGGCTACAGGACCCCCAACAACCCCAATCC
ACGTTTTGGATGCACTGAGACCCCGACATTCCTCGGTATTTATTGTCTGTCCCCACCTAG
GACCCCCACCCCCGACCCTCGCGAATAAAAG",RLFS_UnifiedFramework_raw,1357.486713583241,,3.9462254601069513,0.009900990099009901,high,RIZ=16;REZ=1875,,0.5642455775234132,0.738547346514048,0.1553069719042664,0.5,967.1680668339711,16.0,1875.0,65.06666666666666,,,,,,,,,,,,,,,
DMPK,R-loop,R-loop,2172,2764,593,,,"GGGGAGGGAGGGGCCGGGTCCGCGGCCGGCGAACGGGGCTCGAAGGGTCCTTGTAGCCGG
GAATGCTGCTGCTGCTGCTGCTGCTGCTGCTGCTGCTGCTGCTGCTGCTGCTGCTGCTGC
TGCTGGGGGGATCACAGACCATTTCTTTCTTTCGGCCAGGCTGAGGCCCTGACGTGGATG
GGCAAACTGCAGGCCTGGGAAGGCAGCAAGCCGGGCCGTCCGTGTTCCATCCTCCACGCA
CCCCCACCTATCGTTGGTTCGCAAAGTGCAAAGCTTTCTTGTGCATGACGCCCTGCTCTG
GGGAGCGTCTGGCGCGATCTCTGCCTGCTTACTCGGGAAATTTGCTTTTGCCAAACCCGC
TTTTTCGGGGATCCCGCGCCCCCCTCCTCACTTGCGCTGCTCTCGGAGCCCCAGCCGGCT
CCGCCCGCTTCGGCGGTTTGGATATTTATTGACCTCGTCCTCCGACTCGCTGACAGGCTA
CAGGACCCCCAACAACCCCAATCCACGTTTTGGATGCACTGAGACCCCGACATTCCTCGG
TATTTATTGTCTGTCCCCACCTAGGACCCCCACCCCCGACCCTCGCGAATAAA",RLFS_UnifiedFramework_raw,329.4486593814469,,6.011587057931468,0.009900990099009901,high,RIZ=18;REZ=575,,0.23229235880398674,0.5393754152823921,0.1403654485049834,0.5,237.58283233113238,18.0,575.0,61.56521739130435,,,,,,,,,,,,,,,
DMPK,R-loop,R-loop,109,2117,2009,,,"GGGGAGGGGCCATGGTGCTGCCTGTCCAACATGTCAGCCGAGGTGCGGCTGAGGCGGCTC
CAGCAGCTGGTGTTGGACCCGGGCTTCCTGGGGCTGGAGCCCCTGCTCGACCTTCTCCTG
GGCGTCCACCAGGAGCTGGGCGCCTCCGAACTGGCCCAGGACAAGTACGTGGCCGACTTC
TTGCAGTGGGCGGAGCCCATCGTGGTGAGGCTTAAGGAGGTCCGACTGCAGAGGGACGAC
TTCGAGATTCTGAAGGTGATCGGACGCGGGGCGTTCAGCGAGGTAGCGGTAGTGAAGATG
AAGCAGACGGGCCAGGTGTATGCCATGAAGATCATGAACAAGTGGGACATGCTGAAGAGG
GGCGAGGTGTCGTGCTTCCGTGAGGAGAGGGACGTGTTGGTGAATGGGGACCGGCGGTGG
ATCACGCAGCTGCACTTCGCCTTCCAGGATGAGAACTACCTGTACCTGGTCATGGAGTAT
TACGTGGGCGGGGACCTGCTGACACTGCTGAGCAAGTTTGGGGAGCGGATTCCGGCCGAG
ATGGCGCGCTTCTACCTGGCGGAGATTGTCATGGCCATAGACTCGGTGCACCGGCTTGGC
TACGTGCACAGGGACATCAAACCCGACAACATCCTGCTGGACCGCTGTGGCCACATCCGC
CTGGCCGACTTCGGCTCTTGCCTCAAGCTGCGGGCAGATGGAACGGTGCGGTCGCTGGTG
GCTGTGGGCACCCCAGACTACCTGTCCCCCGAGATCCTGCAGGCTGTGGGCGGTGGGCCT
GGGACAGGCAGCTACGGGCCCGAGTGTGACTGGTGGGCGCTGGGTGTATTCGCCTATGAA
ATGTTCTATGGGCAGACGCCCTTCTACGCGGATTCCACGGCGGAGACCTATGGCAAGATC
GTCCACTACAAGGAGCACCTCTCTCTGCCGCTGGTGGACGAAGGGGTCCCTGAGGAGGCT
CGAGACTTCATTCAGCGGTTGCTGTGTCCCCCGGAGACACGGCTGGGCCGGGGTGGAGCA
GGCGACTTCCGGACACATCCCTTCTTCTTTGGCCTCGACTGGGATGGTCTCCGGGACAGC
GTGCCCCCCTTTACACCGGATTTCGAAGGTGCCACCGACACATGCAACTTCGACTTGGTG
GAGGACGGGCTCACTGCCATGGAGACACTGTCGGACATTCGGGAAGGTGCGCCGCTAGGG
GTCCACCTGCCTTTTGTGGGCTACTCCTACTCCTGCATGGCCCTCAGGGACAGTGAGGTC
CCAGGCCCCACACCCATGGAACTGGAGGCCGAGCAGCTGCTTGAGCCACACGTGCAAGCG
CCCAGCCTGGAGCCCTCGGTGTCCCCACAGGATGAAACAGCTGAAGTGGCAGTTCCAGCG
GCTGTCCCTGCGGCAGAGGCTGAGGCCGAGGTGACGCTGCGGGAGCTCCAGGAAGCCCTG
GAGGAGGAGGTGCTCACCCGGCAGAGCCTGAGCCGGGAGATGGAGGCCATCCGCACGGAC
AACCAGAACTTCGCCAGTCAACTACGCGAGGCAGAGGCTCGGAACCGGGACCTAGAGGCA
CACGTCCGGCAGTTGCAGGAGCGGATGGAGTTGCTGCAGGCAGAGGGAGCCACAGCTGTC
ACGGGGGTCCCCAGTCCCCGGGCCACGGATCCACCTTCCCATCTAGATGGCCCCCCGGCC
GTGGCTGTGGGCCAGTGCCCGCTGGTGGGGCCAGGCCCCATGCACCGCCGCCACCTGCTG
CTCCCTGCCAGGGTCCCTAGGCCTGGCCTATCGGAGGCGCTTTCCCTGCTCCTGTTCGCC
GTTGTTCTGTCTCGTGCCGCCGCCCTGGGCTGCATTGGGTTGGTGGCCCACGCCGGCCAA
CTCACCGCAGTCTGGCGCCGCCCAGGAGCCGCCCGCGCTCCCTGAACCCTAGAACTGTCT
TCGACTCCGGGGCCCCGTTGGAAGACTGAGTGCCCGGGGCACGGCACAGAAGCCGCGCCC
ACCGCCTGCCAGTTCACAACCGCTCCGAG",RLFS_UnifiedFramework_raw,2155.6556635408924,,3.6243327645116143,0.009900990099009901,high,RIZ=9;REZ=2000,,0.6371796569808392,0.7823077941885035,0.168462291870715,0.5,1528.07435418805,9.0,2000.0,64.75,,,,,,,,,,,,,,,
DMPK,R-loop,R-loop,2172,2784,613,,,"GGGGAGGGAGGGGCCGGGTCCGCGGCCGGCGAACGGGGCTCGAAGGGTCCTTGTAGCCGG
GAATGCTGCTGCTGCTGCTGCTGCTGCTGCTGCTGCTGCTGCTGCTGCTGCTGCTGCTGC
TGCTGGGGGGATCACAGACCATTTCTTTCTTTCGGCCAGGCTGAGGCCCTGACGTGGATG
GGCAAACTGCAGGCCTGGGAAGGCAGCAAGCCGGGCCGTCCGTGTTCCATCCTCCACGCA
CCCCCACCTATCGTTGGTTCGCAAAGTGCAAAGCTTTCTTGTGCATGACGCCCTGCTCTG
GGGAGCGTCTGGCGCGATCTCTGCCTGCTTACTCGGGAAATTTGCTTTTGCCAAACCCGC
TTTTTCGGGGATCCCGCGCCCCCCTCCTCACTTGCGCTGCTCTCGGAGCCCCAGCCGGCT
CCGCCCGCTTCGGCGGTTTGGATATTTATTGACCTCGTCCTCCGACTCGCTGACAGGCTA
CAGGACCCCCAACAACCCCAATCCACGTTTTGGATGCACTGAGACCCCGACATTCCTCGG
TATTTATTGTCTGTCCCCACCTAGGACCCCCACCCCCGACCCTCGCGAATAAAAGGCCCT
CCATCTGCCCAAA",RLFS_UnifiedFramework_raw,311.9916672483443,,5.861446800498359,0.009900990099009901,high,RIZ=13;REZ=600,,0.23043338683788123,0.5382600321027288,0.13804173354735153,0.5,225.30716867897743,13.0,600.0,61.83333333333333,,,,,,,,,,,,,,,
DMPK,Z-DNA,Z-DNA,1,2294,2294,,,AGAGAGGCCCAGGGGACAGCCAGGGACAGGCAGACATGCAGCCAGGGCTCCAGGGCCTGGACAGGGGCTGCCAGGCCCTGTGACAGGAGGACCCCGAGCCCCCGGCCCGGGGAGGGGCCATGGTGCTGCCTGTCCAACATGTCAGCCGAGGTGCGGCTGAGGCGGCTCCAGCAGCTGGTGTTGGACCCGGGCTTCCTGGGGCTGGAGCCCCTGCTCGACCTTCTCCTGGGCGTCCACCAGGAGCTGGGCGCCTCCGAACTGGCCCAGGACAAGTACGTGGCCGACTTCTTGCAGTGGGCGGAGCCCATCGTGGTGAGGCTTAAGGAGGTCCGACTGCAGAGGGACGACTTCGAGATTCTGAAGGTGATCGGACGCGGGGCGTTCAGCGAGGTAGCGGTAGTGAAGATGAAGCAGACGGGCCAGGTGTATGCCATGAAGATCATGAACAAGTGGGACATGCTGAAGAGGGGCGAGGTGTCGTGCTTCCGTGAGGAGAGGGACGTGTTGGTGAATGGGGACCGGCGGTGGATCACGCAGCTGCACTTCGCCTTCCAGGATGAGAACTACCTGTACCTGGTCATGGAGTATTACGTGGGCGGGGACCTGCTGACACTGCTGAGCAAGTTTGGGGAGCGGATTCCGGCCGAGATGGCGCGCTTCTACCTGGCGGAGATTGTCATGGCCATAGACTCGGTGCACCGGCTTGGCTACGTGCACAGGGACATCAAACCCGACAACATCCTGCTGGACCGCTGTGGCCACATCCGCCTGGCCGACTTCGGCTCTTGCCTCAAGCTGCGGGCAGATGGAACGGTGCGGTCGCTGGTGGCTGTGGGCACCCCAGACTACCTGTCCCCCGAGATCCTGCAGGCTGTGGGCGGTGGGCCTGGGACAGGCAGCTACGGGCCCGAGTGTGACTGGTGGGCGCTGGGTGTATTCGCCTATGAAATGTTCTATGGGCAGACGCCCTTCTACGCGGATTCCACGGCGGAGACCTATGGCAAGATCGTCCACTACAAGGAGCACCTCTCTCTGCCGCTGGTGGACGAAGGGGTCCCTGAGGAGGCTCGAGACTTCATTCAGCGGTTGCTGTGTCCCCCGGAGACACGGCTGGGCCGGGGTGGAGCAGGCGACTTCCGGACACATCCCTTCTTCTTTGGCCTCGACTGGGATGGTCTCCGGGACAGCGTGCCCCCCTTTACACCGGATTTCGAAGGTGCCACCGACACATGCAACTTCGACTTGGTGGAGGACGGGCTCACTGCCATGGAGACACTGTCGGACATTCGGGAAGGTGCGCCGCTAGGGGTCCACCTGCCTTTTGTGGGCTACTCCTACTCCTGCATGGCCCTCAGGGACAGTGAGGTCCCAGGCCCCACACCCATGGAACTGGAGGCCGAGCAGCTGCTTGAGCCACACGTGCAAGCGCCCAGCCTGGAGCCCTCGGTGTCCCCACAGGATGAAACAGCTGAAGTGGCAGTTCCAGCGGCTGTCCCTGCGGCAGAGGCTGAGGCCGAGGTGACGCTGCGGGAGCTCCAGGAAGCCCTGGAGGAGGAGGTGCTCACCCGGCAGAGCCTGAGCCGGGAGATGGAGGCCATCCGCACGGACAACCAGAACTTCGCCAGTCAACTACGCGAGGCAGAGGCTCGGAACCGGGACCTAGAGGCACACGTCCGGCAGTTGCAGGAGCGGATGGAGTTGCTGCAGGCAGAGGGAGCCACAGCTGTCACGGGGGTCCCCAGTCCCCGGGCCACGGATCCACCTTCCCATCTAGATGGCCCCCCGGCCGTGGCTGTGGGCCAGTGCCCGCTGGTGGGGCCAGGCCCCATGCACCGCCGCCACCTGCTGCTCCCTGCCAGGGTCCCTAGGCCTGGCCTATCGGAGGCGCTTTCCCTGCTCCTGTTCGCCGTTGTTCTGTCTCGTGCCGCCGCCCTGGGCTGCATTGGGTTGGTGGCCCACGCCGGCCAACTCACCGCAGTCTGGCGCCGCCCAGGAGCCGCCCGCGCTCCCTGAACCCTAGAACTGTCTTCGACTCCGGGGCCCCGTTGGAAGACTGAGTGCCCGGGGCACGGCACAGAAGCCGCGCCCACCGCCTGCCAGTTCACAACCGCTCCGAGCGTGGGTCTCCGCCCAGCTCCAGTCCTGTGATCCGGGCCCGCCCCCTAGCGGCCGGGGAGGGAGGGGCCGGGTCCGCGGCCGGCGAACGGGGCTCGAAGGGTCCTTGTAGCCGGGAATGCTGCTGCTGCTGCTGCTGCTGCTGCTGCTGCTGCTGCTGCTGCTGCTGCTGCTGCTGC,Kadane_TransitionArray_v1,109.0,,0.0,1.0,,,,0.38848878984635776,0.5719421528924504,0.5,0.3205407762756215,87.95466369539074,,,,109.0,1.0,0.659,396.0,,,,,,,,,,,
DMPK,Hybrid,Hybrid_R-loop(3)_Slipped DNA(1),45,2296,2252,,,"GGGCTCCAGGGCCTGGACAGGGGCTGCCAGGCCCTGTGACAGGAGGACCCCGAGCCCCCG
GCCCGGGGAGGGGCCATGGTGCTGCCTGTCCAACATGTCAGCCGAGGTGCGGCTGAGGCG
GCTCCAGCAGCTGGTGTTGGACCCGGGCTTCCTGGGGCTGGAGCCCCTGCTCGACCTTCT
CCTGGGCGTCCACCAGGAGCTGGGCGCCTCCGAACTGGCCCAGGACAAGTACGTGGCCGA
CTTCTTGCAGTGGGCGGAGCCCATCGTGGTGAGGCTTAAGGAGGTCCGACTGCAGAGGGA
CGACTTCGAGATTCTGAAGGTGATCGGACGCGGGGCGTTCAGCGAGGTAGCGGTAGTGAA
GATGAAGCAGACGGGCCAGGTGTATGCCATGAAGATCATGAACAAGTGGGACATGCTGAA
GAGGGGCGAGGTGTCGTGCTTCCGTGAGGAGAGGGACGTGTTGGTGAATGGGGACCGGCG
GTGGATCACGCAGCTGCACTTCGCCTTCCAGGATGAGAACTACCTGTACCTGGTCATGGA
GTATTACGTGGGCGGGGACCTGCTGACACTGCTGAGCAAGTTTGGGGAGCGGATTCCGGC
CGAGATGGCGCGCTTCTACCTGGCGGAGATTGTCATGGCCATAGACTCGGTGCACCGGCT
TGGCTACGTGCACAGGGACATCAAACCCGACAACATCCTGCTGGACCGCTGTGGCCACAT
CCGCCTGGCCGACTTCGGCTCTTGCCTCAAGCTGCGGGCAGATGGAACGGTGCGGTCGCT
GGTGGCTGTGGGCACCCCAGACTACCTGTCCCCCGAGATCCTGCAGGCTGTGGGCGGTGG
GCCTGGGACAGGCAGCTACGGGCCCGAGTGTGACTGGTGGGCGCTGGGTGTATTCGCCTA
TGAAATGTTCTATGGGCAGACGCCCTTCTACGCGGATTCCACGGCGGAGACCTATGGCAA
GATCGTCCACTACAAGGAGCACCTCTCTCTGCCGCTGGTGGACGAAGGGGTCCCTGAGGA
GGCTCGAGACTTCATTCAGCGGTTGCTGTGTCCCCCGGAGACACGGCTGGGCCGGGGTGG
AGCAGGCGACTTCCGGACACATCCCTTCTTCTTTGGCCTCGACTGGGATGGTCTCCGGGA
CAGCGTGCCCCCCTTTACACCGGATTTCGAAGGTGCCACCGACACATGCAACTTCGACTT
GGTGGAGGACGGGCTCACTGCCATGGAGACACTGTCGGACATTCGGGAAGGTGCGCCGCT
AGGGGTCCACCTGCCTTTTGTGGGCTACTCCTACTCCTGCATGGCCCTCAGGGACAGTGA
GGTCCCAGGCCCCACACCCATGGAACTGGAGGCCGAGCAGCTGCTTGAGCCACACGTGCA
AGCGCCCAGCCTGGAGCCCTCGGTGTCCCCACAGGATGAAACAGCTGAAGTGGCAGTTCC
AGCGGCTGTCCCTGCGGCAGAGGCTGAGGCCGAGGTGACGCTGCGGGAGCTCCAGGAAGC
CCTGGAGGAGGAGGTGCTCACCCGGCAGAGCCTGAGCCGGGAGATGGAGGCCATCCGCAC
GGACAACCAGAACTTCGCCAGTCAACTACGCGAGGCAGAGGCTCGGAACCGGGACCTAGA
GGCACACGTCCGGCAGTTGCAGGAGCGGATGGAGTTGCTGCAGGCAGAGGGAGCCACAGC
TGTCACGGGGGTCCCCAGTCCCCGGGCCACGGATCCACCTTCCCATCTAGATGGCCCCCC
GGCCGTGGCTGTGGGCCAGTGCCCGCTGGTGGGGCCAGGCCCCATGCACCGCCGCCACCT
GCTGCTCCCTGCCAGGGTCCCTAGGCCTGGCCTATCGGAGGCGCTTTCCCTGCTCCTGTT
CGCCGTTGTTCTGTCTCGTGCCGCCGCCCTGGGCTGCATTGGGTTGGTGGCCCACGCCGG
CCAACTCACCGCAGTCTGGCGCCGCCCAGGAGCCGCCCGCGCTCCCTGAACCCTAGAACT
GTCTTCGACTCCGGGGCCCCGTTGGAAGACTGAGTGCCCGGGGCACGGCACAGAAGCCGC
GCCCACCGCCTGCCAGTTCACAACCGCTCCGAGCGTGGGTCTCCGCCCAGCTCCAGTCCT
GTGATCCGGGCCCGCCCCCTAGCGGCCGGGGAGGGAGGGGCCGGGTCCGCGGCCGGCGAA
CGGGGCTCGAAGGGTCCTTGTAGCCGGGAATGCTGCTGCTGCTGCTGCTGCTGCTGCTGC
TGCTGCTGCTGCTGCTGCTGCTGCTGCTGCTG",HybridOverlap_SubclassAnalysis_raw,4320.325251299601,,,,,Classes=2;Subtypes=2,,0.5,0.7,0.5,0.5,3039.227675909721,,,,,,,,"['R-loop', 'Slipped DNA']","{'Slipped DNA': 1, 'R-loop': 3}","{'Slipped DNA:Slipped DNA [STR]': 1, 'R-loop:R-loop': 3}",R-loop(3); Slipped DNA [STR](1),"[{'Sequence Name': 'DMPK', 'Class': 'Slipped DNA', 'Subtype': 'Slipped DNA [STR]', 'Start': 2235, 'End': 2296, 'Length': 62, 'Unit': 'TGC', 'Copies': 20, 'Sequence': 'TGCTGCTGCTGCTGCTGCTGCTGCTGCTGCTGCTGCTGCTGCTGCTGCTGCTGCTGCTGC\nTG', 'ScoreMethod': 'STR_PerfectBlock_v1', 'Score': 16.5, 'GC_Fraction': 0.667, 'Conservation_Score': 25.712928309079654, 'Conservation_P_Value': 0.009900990099009901, 'Conservation_Significance': 'high', 'Arms/Repeat Unit/Copies': 'Unit=TGC;Copies=20', 'Spacer': '', 'ML_Probability': 0.9523809523809523, 'ML_Confidence': 0.7, 'ML_Stability': 0.5, 'ML_Pattern_Score': 0.5, 'Enhanced_Score': 40.12142857142857}, {'Sequence Name': 'DMPK', 'Class': 'R-loop', 'Subtype': 'R-loop', 'Start': 876, 'End': 2766, 'Length': 1891, 'Sequence': 'GGGCGGTGGGCCTGGGACAGGCAGCTACGGGCCCGAGTGTGACTGGTGGGCGCTGGGTGT\nATTCGCCTATGAAATGTTCTATGGGCAGACGCCCTTCTACGCGGATTCCACGGCGGAGAC\nCTATGGCAAGATCGTCCACTACAAGGAGCACCTCTCTCTGCCGCTGGTGGACGAAGGGGT\nCCCTGAGGAGGCTCGAGACTTCATTCAGCGGTTGCTGTGTCCCCCGGAGACACGGCTGGG\nCCGGGGTGGAGCAGGCGACTTCCGGACACATCCCTTCTTCTTTGGCCTCGACTGGGATGG\nTCTCCGGGACAGCGTGCCCCCCTTTACACCGGATTTCGAAGGTGCCACCGACACATGCAA\nCTTCGACTTGGTGGAGGACGGGCTCACTGCCATGGAGACACTGTCGGACATTCGGGAAGG\nTGCGCCGCTAGGGGTCCACCTGCCTTTTGTGGGCTACTCCTACTCCTGCATGGCCCTCAG\nGGACAGTGAGGTCCCAGGCCCCACACCCATGGAACTGGAGGCCGAGCAGCTGCTTGAGCC\nACACGTGCAAGCGCCCAGCCTGGAGCCCTCGGTGTCCCCACAGGATGAAACAGCTGAAGT\nGGCAGTTCCAGCGGCTGTCCCTGCGGCAGAGGCTGAGGCCGAGGTGACGCTGCGGGAGCT\nCCAGGAAGCCCTGGAGGAGGAGGTGCTCACCCGGCAGAGCCTGAGCCGGGAGATGGAGGC\nCATCCGCACGGACAACCAGAACTTCGCCAGTCAACTACGCGAGGCAGAGGCTCGGAACCG\nGGACCTAGAGGCACACGTCCGGCAGTTGCAGGAGCGGATGGAGTTGCTGCAGGCAGAGGG\nAGCCACAGCTGTCACGGGGGTCCCCAGTCCCCGGGCCACGGATCCACCTTCCCATCTAGA\nTGGCCCCCCGGCCGTGGCTGTGGGCCAGTGCCCGCTGGTGGGGCCAGGCCCCATGCACCG\nCCGCCACCTGCTGCTCCCTGCCAGGGTCCCTAGGCCTGGCCTATCGGAGGCGCTTTCCCT\nGCTCCTGTTCGCCGTTGTTCTGTCTCGTGCCGCCGCCCTGGGCTGCATTGGGTTGGTGGC\nCCACGCCGGCCAACTCACCGCAGTCTGGCGCCGCCCAGGAGCCGCCCGCGCTCCCTGAAC\nCCTAGAACTGTCTTCGACTCCGGGGCCCCGTTGGAAGACTGAGTGCCCGGGGCACGGCAC\nAGAAGCCGCGCCCACCGCCTGCCAGTTCACAACCGCTCCGAGCGTGGGTCTCCGCCCAGC\nTCCAGTCCTGTGATCCGGGCCCGCCCCCTAGCGGCCGGGGAGGGAGGGGCCGGGTCCGCG\nGCCGGCGAACGGGGCTCGAAGGGTCCTTGTAGCCGGGAATGCTGCTGCTGCTGCTGCTGC\nTGCTGCTGCTGCTGCTGCTGCTGCTGCTGCTGCTGCTGCTGGGGGGATCACAGACCATTT\nCTTTCTTTCGGCCAGGCTGAGGCCCTGACGTGGATGGGCAAACTGCAGGCCTGGGAAGGC\nAGCAAGCCGGGCCGTCCGTGTTCCATCCTCCACGCACCCCCACCTATCGTTGGTTCGCAA\nAGTGCAAAGCTTTCTTGTGCATGACGCCCTGCTCTGGGGAGCGTCTGGCGCGATCTCTGC\nCTGCTTACTCGGGAAATTTGCTTTTGCCAAACCCGCTTTTTCGGGGATCCCGCGCCCCCC\nTCCTCACTTGCGCTGCTCTCGGAGCCCCAGCCGGCTCCGCCCGCTTCGGCGGTTTGGATA\nTTTATTGACCTCGTCCTCCGACTCGCTGACAGGCTACAGGACCCCCAACAACCCCAATCC\nACGTTTTGGATGCACTGAGACCCCGACATTCCTCGGTATTTATTGTCTGTCCCCACCTAG\nGACCCCCACCCCCGACCCTCGCGAATAAAAG', 'ScoreMethod': 'RLFS_UnifiedFramework_raw', 'Score': 1357.486713583241, 'RIZ_Length': 16, 'REZ_Length': 1875, 'REZ_GC_Content': 65.06666666666666, 'Conservation_Score': 3.9462254601069513, 'Conservation_P_Value': 0.009900990099009901, 'Conservation_Significance': 'high', 'Arms/Repeat Unit/Copies': 'RIZ=16;REZ=1875', 'Spacer': '', 'ML_Probability': 0.5642455775234132, 'ML_Confidence': 0.738547346514048, 'ML_Stability': 0.1553069719042664, 'ML_Pattern_Score': 0.5, 'Enhanced_Score': 967.1680668339711}, {'Sequence Name': 'DMPK', 'Class': 'R-loop', 'Subtype': 'R-loop', 'Start': 2172, 'End': 2764, 'Length': 593, 'Sequence': 'GGGGAGGGAGGGGCCGGGTCCGCGGCCGGCGAACGGGGCTCGAAGGGTCCTTGTAGCCGG\nGAATGCTGCTGCTGCTGCTGCTGCTGCTGCTGCTGCTGCTGCTGCTGCTGCTGCTGCTGC\nTGCTGGGGGGATCACAGACCATTTCTTTCTTTCGGCCAGGCTGAGGCCCTGACGTGGATG\nGGCAAACTGCAGGCCTGGGAAGGCAGCAAGCCGGGCCGTCCGTGTTCCATCCTCCACGCA\nCCCCCACCTATCGTTGGTTCGCAAAGTGCAAAGCTTTCTTGTGCATGACGCCCTGCTCTG\nGGGAGCGTCTGGCGCGATCTCTGCCTGCTTACTCGGGAAATTTGCTTTTGCCAAACCCGC\nTTTTTCGGGGATCCCGCGCCCCCCTCCTCACTTGCGCTGCTCTCGGAGCCCCAGCCGGCT\nCCGCCCGCTTCGGCGGTTTGGATATTTATTGACCTCGTCCTCCGACTCGCTGACAGGCTA\nCAGGACCCCCAACAACCCCAATCCACGTTTTGGATGCACTGAGACCCCGACATTCCTCGG\nTATTTATTGTCTGTCCCCACCTAGGACCCCCACCCCCGACCCTCGCGAATAAA', 'ScoreMethod': 'RLFS_UnifiedFramework_raw', 'Score': 329.4486593814469, 'RIZ_Length': 18, 'REZ_Length': 575, 'REZ_GC_Content': 61.56521739130435, 'Conservation_Score': 6.011587057931468, 'Conservation_P_Value': 0.009900990099009901, 'Conservation_Significance': 'high', 'Arms/Repeat Unit/Copies': 'RIZ=18;REZ=575', 'Spacer': '', 'ML_Probability': 0.23229235880398674, 'ML_Confidence': 0.5393754152823921, 'ML_Stability': 0.1403654485049834, 'ML_Pattern_Score': 0.5, 'Enhanced_Score': 237.58283233113238}, {'Sequence Name': 'DMPK', 'Class': 'R-loop', 'Subtype': 'R-loop', 'Start': 2172, 'End': 2784, 'Length': 613, 'Sequence': 'GGGGAGGGAGGGGCCGGGTCCGCGGCCGGCGAACGGGGCTCGAAGGGTCCTTGTAGCCGG\nGAATGCTGCTGCTGCTGCTGCTGCTGCTGCTGCTGCTGCTGCTGCTGCTGCTGCTGCTGC\nTGCTGGGGGGATCACAGACCATTTCTTTCTTTCGGCCAGGCTGAGGCCCTGACGTGGATG\nGGCAAACTGCAGGCCTGGGAAGGCAGCAAGCCGGGCCGTCCGTGTTCCATCCTCCACGCA\nCCCCCACCTATCGTTGGTTCGCAAAGTGCAAAGCTTTCTTGTGCATGACGCCCTGCTCTG\nGGGAGCGTCTGGCGCGATCTCTGCCTGCTTACTCGGGAAATTTGCTTTTGCCAAACCCGC\nTTTTTCGGGGATCCCGCGCCCCCCTCCTCACTTGCGCTGCTCTCGGAGCCCCAGCCGGCT\nCCGCCCGCTTCGGCGGTTTGGATATTTATTGACCTCGTCCTCCGACTCGCTGACAGGCTA\nCAGGACCCCCAACAACCCCAATCCACGTTTTGGATGCACTGAGACCCCGACATTCCTCGG\nTATTTATTGTCTGTCCCCACCTAGGACCCCCACCCCCGACCCTCGCGAATAAAAGGCCCT\nCCATCTGCCCAAA', 'ScoreMethod': 'RLFS_UnifiedFramework_raw', 'Score': 311.9916672483443, 'RIZ_Length': 13, 'REZ_Length': 600, 'REZ_GC_Content': 61.83333333333333, 'Conservation_Score': 5.861446800498359, 'Conservation_P_Value': 0.009900990099009901, 'Conservation_Significance': 'high', 'Arms/Repeat Unit/Copies': 'RIZ=13;REZ=600', 'Spacer': '', 'ML_Probability': 0.23043338683788123, 'ML_Confidence': 0.5382600321027288, 'ML_Stability': 0.13804173354735153, 'ML_Pattern_Score': 0.5, 'Enhanced_Score': 225.30716867897743}]",1.191,0.8,"This hybrid region spans multiple non-B DNA classes, indicating a potential hotspot for chromatin remodeling, replication stalling, or mutagenesis. Longer spans with diverse motif composition have higher biological impact.",,,
DMPK,G-Quadruplex Family,Bipartite G4,1113,1183,71,,,"GGGCCGGGGTGGAGCAGGCGACTTCCGGACACATCCCTTCTTCTTTGGCCTCGACTGGGA
TGGTCTCCGGG",G4Hunter_Exact,1.2307692307692308,,7.451193181306669,0.009900990099009901,,,,0.5,0.7,0.5,0.5,15.861538461538462,,,,,1.0,,,,,,,,,,,1.2307692307692308,Moderate Formation Potential,2.0
DMPK,G-Quadruplex Family,Bulged G4,2168,2209,42,,,GGCCGGGGAGGGAGGGGCCGGGTCCGCGGCCGGCGAACGGGG,G4Hunter_Exact,1.5294117647058822,,4.95353872252097,0.009900990099009901,,,,0.5,0.7,0.5,0.5,16.070588235294117,,,,,1.0,,,,,,,,,,,1.5294117647058822,High Formation Potential,3.0
