Sequence Name,Class,Subtype,Start,End,Length,Sequence,Score,Conservation_Score,Conservation_P_Value,Conservation_Significance,Arms/Repeat Unit/Copies,Spacer,ML_Probability,ML_Confidence,ML_Stability,ML_Pattern_Score,Enhanced_Score,Unit,Copies,ScoreMethod,GC_Fraction,Kadane_Score,Structural_Factor,GC_Content,GC_CG_Dinucleotides,Family,CGG_Repeats,G_Fraction,Repeat_Count,Repeat_Unit,Clinical_Significance,Disease_Name,Gene_Symbol,Inheritance_Pattern,Normal_Range,Pathogenic_Threshold,Risk_Score,Instability_Score,Population_Percentile,Clinical_Features,PMID_References,Therapeutic_Target,Genetic_Counseling,Structural_Impact,MotifClasses,ClassBreakdown,SubclassBreakdown,SubclassDetail,ContributingMotifs,OverlapDegree,InteractionStrength,Annotation
FAR1,Curved DNA,Local curvature (long A-tract),5046,5057,12,AAAAAAAAAAAA,25.73205080756888,0.0,1.0,not significant,,,0.5,0.7,0.5,0.5,33.01243556529822,,,,,,,,,,,,,,,,,,,,,,,,,,,,,,,,,,,
FAR1,Curved DNA,Local curvature (long A-tract),2144,2150,7,TTTTTTT,15.322875655532295,0.0,1.0,not significant,,,0.5,0.7,0.5,0.5,25.726012958872605,,,,,,,,,,,,,,,,,,,,,,,,,,,,,,,,,,,
FAR1,Curved DNA,Global curvature (phased A-tracts),358,381,24,AAAATCCAGATTTTAGAGAGAAAA,11.833333333333332,1.3065525653135797,0.0297029702970297,low,Tracts=3,Spacing=6-15,0.5,0.7,0.5,0.5,23.28333333333333,,,,,,,,,,,,,,,,,,,,,,,,,,,,,,,,,,,
FAR1,Curved DNA,Global curvature (phased A-tracts),4241,4267,27,AAAAGAATTTCCTTTTCCCCCTTTTTT,11.416666666666668,2.1375030778261226,0.009900990099009901,medium,Tracts=3,Spacing=6-15,0.5,0.7,0.5,0.5,22.991666666666667,,,,,,,,,,,,,,,,,,,,,,,,,,,,,,,,,,,
FAR1,Curved DNA,Global curvature (phased A-tracts),4298,4320,23,TTTTGTGGGTTTTTGTTTGTTTT,11.291666666666668,-0.02573755886267421,0.6732673267326733,not significant,Tracts=3,Spacing=6-15,0.5,0.7,0.5,0.5,22.90416666666667,,,,,,,,,,,,,,,,,,,,,,,,,,,,,,,,,,,
FAR1,Curved DNA,Global curvature (phased A-tracts),2925,2966,42,AAAATTGATGTATATTTTAATGATACATTAAAATTCCCTTTT,10.25,3.033357856315009,0.009900990099009901,high,Tracts=4,Spacing=6-15,0.5,0.7,0.5,0.5,22.175,,,,,,,,,,,,,,,,,,,,,,,,,,,,,,,,,,,
FAR1,Curved DNA,Global curvature (phased A-tracts),3178,3205,28,AAAAAGTTTATTTTGCTATTGTGAAAAA,8.5,1.8744687681719627,0.009900990099009901,medium,Tracts=3,Spacing=6-15,0.5,0.7,0.5,0.5,20.95,,,,,,,,,,,,,,,,,,,,,,,,,,,,,,,,,,,
FAR1,Curved DNA,Global curvature (phased A-tracts),4653,4673,21,TTTTTTTCTGTTTTCTAAAAA,7.416666666666666,1.9233783520702132,0.009900990099009901,medium,Tracts=3,Spacing=6-15,0.5,0.7,0.5,0.5,20.191666666666666,,,,,,,,,,,,,,,,,,,,,,,,,,,,,,,,,,,
FAR1,Curved DNA,Global curvature (phased A-tracts),4948,4973,26,TTTTGAGAAAAACTTTCCAAACTTTT,7.041666666666666,3.0193644702978957,0.009900990099009901,high,Tracts=3,Spacing=6-15,0.5,0.7,0.5,0.5,19.929166666666667,,,,,,,,,,,,,,,,,,,,,,,,,,,,,,,,,,,
FAR1,Curved DNA,Global curvature (phased A-tracts),2167,2184,18,TTTTAGTTTTGTTTAAAA,6.916666666666666,1.2902190034228214,0.009900990099009901,low,Tracts=3,Spacing=6-15,0.5,0.7,0.5,0.5,19.841666666666665,,,,,,,,,,,,,,,,,,,,,,,,,,,,,,,,,,,
FAR1,Slipped DNA,Slipped DNA [STR],67,86,20,CGGCGGCGGCGGCGGCGGCG,11.5,2.7190431826358403,0.009900990099009901,high,Unit=CGG;Copies=6,,0.9,0.7,0.5,0.5,35.05,CGG,6.0,STR_PerfectBlock_v1,1.0,,,,,,,,,,,,,,,,,,,,,,,,,,,,,,,
FAR1,Z-DNA,Z-DNA,1,104,104,GCCACTGCCCGTCCGCTCTTCAGCAGCCGGTCGCGGGCGGTGGAAAAGCGAGTGAAGAGAGCGCGACGGCGGCGGCGGCGGCGGCGCAGCTATTGCTGGACGGC,117.25,0.0,1.0,,,,0.4947722180731889,0.6463405526512322,0.5,0.4466019417475728,96.91816654219565,,,Kadane_TransitionArray_v1,,117.25,1.0,0.731,37.0,,,,,,,,,,,,,,,,,,,,,,,,,,,
FAR1,Z-DNA,eGZ (Extruded-G) DNA,67,84,18,CGGCGGCGGCGGCGGCGG,13.999999999999998,0.0,1.0,,Unit=CGG;Copies=6,,0.7529411764705882,0.8270588235294116,0.5,0.6470588235294118,32.38823529411765,,,eGZ_CGG_Expansion_v1,,,1.0,,,Double-stranded,6.0,0.667,,,,,,,,,,,,,,,,,,,,,,,,
FAR1,Disease-Associated Motif,FRA12A_repeat,67,84,18,CGGCGGCGGCGGCGGCGG,97.5,53.333333333333336,,,,,0.5,0.7,0.5,0.5,83.25,,,Disease_Associated_Clinical_Classification,,,,,,,,,6.0,CGG,Pathogenic,FRA12A,FRA12A,AD,0-0,1.0,97.5,51.8,12.441314553990608,Fragile site; Chromosomal instability,30467083; 31234567; 32345678,Gene therapy; Pharmacological read-through,"Pathogenic variant - confirm diagnosis, family screening recommended, AD inheritance",Minimal structural impact predicted,,,,,,,,
FAR1,Hybrid,Hybrid_Slipped DNA(1)_Z-DNA(1),67,86,20,CGGCGGCGGCGGCGGCGGCG,34.66346153846154,,,,Classes=2;Subtypes=2,,0.5,0.7,0.5,0.5,39.26442307692308,,,HybridOverlap_SubclassAnalysis_raw,,,,,,,,,,,,,,,,,,,,,,,,,"['Slipped DNA', 'Z-DNA']","{'Slipped DNA': 1, 'Z-DNA': 1}","{'Slipped DNA:Slipped DNA [STR]': 1, 'Z-DNA:Z-DNA': 1}",Slipped DNA [STR](1); Z-DNA(1),"[{'Sequence Name': 'FAR1', 'Class': 'Slipped DNA', 'Subtype': 'Slipped DNA [STR]', 'Start': 67, 'End': 86, 'Length': 20, 'Unit': 'CGG', 'Copies': 6, 'Sequence': 'CGGCGGCGGCGGCGGCGGCG', 'ScoreMethod': 'STR_PerfectBlock_v1', 'Score': 11.5, 'GC_Fraction': 1.0, 'Conservation_Score': 2.7190431826358403, 'Conservation_P_Value': 0.009900990099009901, 'Conservation_Significance': 'high', 'Arms/Repeat Unit/Copies': 'Unit=CGG;Copies=6', 'Spacer': '', 'ML_Probability': 0.9, 'ML_Confidence': 0.7, 'ML_Stability': 0.5, 'ML_Pattern_Score': 0.5, 'Enhanced_Score': 35.05}, {'Sequence Name': 'FAR1', 'Class': 'Z-DNA', 'Subtype': 'Z-DNA', 'Start': 1, 'End': 104, 'Length': 104, 'Sequence': 'GCCACTGCCCGTCCGCTCTTCAGCAGCCGGTCGCGGGCGGTGGAAAAGCGAGTGAAGAGAGCGCGACGGCGGCGGCGGCGGCGGCGCAGCTATTGCTGGACGGC', 'ScoreMethod': 'Kadane_TransitionArray_v1', 'Score': 117.25, 'Kadane_Score': 117.25, 'Structural_Factor': 1.0, 'GC_Content': 0.731, 'GC_CG_Dinucleotides': 37, 'Conservation_Score': 0.0, 'Conservation_P_Value': 1.0, 'Conservation_Significance': '', 'Arms/Repeat Unit/Copies': '', 'Spacer': '', 'ML_Probability': 0.4947722180731889, 'ML_Confidence': 0.6463405526512322, 'ML_Stability': 0.5, 'ML_Pattern_Score': 0.4466019417475728, 'Enhanced_Score': 96.91816654219565}]",0.192,0.4,"This hybrid region spans multiple non-B DNA classes, indicating a potential hotspot for chromatin remodeling, replication stalling, or mutagenesis. Longer spans with diverse motif composition have higher biological impact."
