Sequence Name,Class,Subtype,Start,End,Length,Sequence,Score,Conservation_Score,Conservation_P_Value,Conservation_Significance,Arms/Repeat Unit/Copies,Spacer,ML_Probability,ML_Confidence,ML_Stability,ML_Pattern_Score,Enhanced_Score,Unit,Copies,ScoreMethod,GC_Fraction,RIZ_Length,REZ_Length,REZ_GC_Content,Kadane_Score,Structural_Factor,GC_Content,GC_CG_Dinucleotides,Family,CGG_Repeats,G_Fraction,Repeat_Count,Repeat_Unit,Clinical_Significance,Disease_Name,Gene_Symbol,Inheritance_Pattern,Normal_Range,Pathogenic_Threshold,Risk_Score,Instability_Score,Population_Percentile,Clinical_Features,PMID_References,Therapeutic_Target,Genetic_Counseling,Structural_Impact,MotifClasses,ClassBreakdown,SubclassBreakdown,SubclassDetail,ContributingMotifs,OverlapDegree,InteractionStrength,Annotation,G4Hunter_Score,Formation_Category,Priority
GNB1,Curved DNA,Local curvature (long A-tract),2488,2499,12,AAAAAAAAAAAA,25.73205080756888,0.0,1.0,not significant,,,0.5,0.7,0.5,0.5,33.01243556529822,,,,,,,,,,,,,,,,,,,,,,,,,,,,,,,,,,,,,,,,,
GNB1,Slipped DNA,Slipped DNA [STR],54,73,20,GGCGGCGGCGGCGGCGGCGG,11.5,2.7921066139839317,0.009900990099009901,high,Unit=GGC;Copies=6,,0.9,0.7,0.5,0.5,35.05,GGC,6.0,STR_PerfectBlock_v1,1.0,,,,,,,,,,,,,,,,,,,,,,,,,,,,,,,,,,,,,
GNB1,R-loop,R-loop,72,2110,2039,"GGGAGCGGGAGCGGGCGGCGAGTGGGGAGCGGGGCCGGGAGTGGAGCAGCCGCCGCGGCG
GGACTGGACCGAGCCTCGCCGGCGCGCACCTGCCCGCAGCGCCCGCGGAGCGCGCAGCGC
GGCCCGAGCGCGACGACCTGCCGAGCGGCGGCCGAGGCGGCGGTGTGGGCGCGTCAGGCC
GCGACGAGGGCGCTGAGACAAATTTACATGTATTGGAGACCAGACCAGAAGCCCTTCTGA
ATTAAGATCTCACATTCTTGAAGGTGGCATTGAAGAGCACTAAGATCGGAAGATGAGTGA
GCTTGACCAGTTACGGCAGGAGGCCGAGCAACTTAAGAACCAGATTCGAGCTTCTCGTCA
GTGCCTCGCAGGATGGTAAACTTATCATCTGGGACAGCTACACCACCAACAAGGTCCACG
CCATCCCTCTGCGCTCCTCCTGGGTCATGACCTGTGCATATGCCCCTTCTGGGAACTATG
TGGCCTGCGGTGGCCTGGATAACATTTGCTCCATTTACAATCTGAAAACTCGTGAGGGGA
ACGTGCGCGTGAGTCGTGAGCTGGCAGGACACACAGGTTACCTGTCCTGCTGCCGATTCC
TGGATGACAATCAGATCGTCACCAGCTCTGGAGACACCACGTGTGCCCTGTGGGACATCG
AGACCGGCCAGCAGACGACCACGTTTACCGGACACACTGGAGATGTCATGAGCCTTTCTC
TTGCTCCTGACACCAGACTGTTCGTCTCTGGTGCTTGTGATGCTTCAGCCAAACTCTGGG
ATGTGCGAGAAGGCATGTGCCGGCAGACCTTCACTGGCCACGAGTCTGACATCAATGCCA
TTTGCTTCTTTCCAAATGGCAATGCATTTGCCACTGGCTCAGACGACGCCACCTGCAGGC
TGTTTGACCTTCGTGCTGACCAGGAGCTCATGACTTACTCCCATGACAACATCATCTGCG
GGATCACCTCTGTCTCCTTCTCCAAGAGCGGGCGCCTCCTCCTTGCTGGGTACGACGACT
TCAACTGCAACGTCTGGGATGCACTCAAAGCCGACCGGGCAGGTGTCTTGGCTGGGCATG
ACAACCGCGTCAGCTGCCTGGGCGTGACTGACGATGGCATGGCTGTGGCGACAGGGTCCT
GGGATAGCTTCCTCAAGATCTGGAACTAACGCCAGTAGCATGTGGATGCCATGGAGACTG
GAAGACCATTCCAACTTGGACGCGTTACCATGAGAGCATATCCTATCCAACCGTACTAAC
GTGGACACCCTACACCTCCCCTCAGAACTTCAAAAGGGCAAGATCTTTTTTCCTTCACTT
ATTGCTGAAACCAAGAGCACAATTCCCATTGAGAGAAAGATCTCTGTGCTGTAAACTAAA
ACAAATTGTGCATTCCTTCCGGGGCCATCGTCTTTGTTTTCTTTTTTGTCTTGAATGAAT
TTTAAAAGGAAATATATAATAAAAATGTTAACCAGAAGGTAAACTTGAGTGTAATTGTCA
GACAGACACACTTTTCCACCAGTGTATTTGAATTTTAGACCAGTGACCCTGTTTTGTGGC
ATTCATGCAAAACATGCTGAGGGCTTTGTTCATCTGGTCATCGTGTCCAAATTTCAGTCA
TGTTTGTAGCAAGATTTTGGAAGCATTCATATTTCCTTTTTAAAATGTATTCCTTTGTGT
TCAACAGTTAATCAAAACCAGAGAGTCTAGGGCAGCCTCTCTGATGTTGTCAATGATGTA
AATTCAGTCCCTGGTTTTTAATTTTCTGTCTGATGTCACAGATCATTGTTGCACACAAAC
GTGGCATAGAAAAGAACATGTTCAGAAGCCATGGGGCCAAGCACATGCGGGGACGGTCTC
AAATGCGTGATCAGAGAATCCTTCACCTTTGCTGAAAAGTGAGCTCAGATCCAGCACCAT
GTTCCTCCTGACCCATCCTGTCTATCTTCTCAGTTGAGTTTTTAATCTCACTTTGGGTTT
CCTTGTGAAGTTGGAGGGAAGTTTATAATAGCCTAACACTACCCCACCCCCAACTAGGA",1211.9634828084643,4.81942762842157,0.009900990099009901,high,RIZ=39;REZ=2000,,0.4011583011583012,0.6406949806949808,0.12644787644787644,0.5,860.4091870006739,,,RLFS_UnifiedFramework_raw,,39.0,2000.0,51.05,,,,,,,,,,,,,,,,,,,,,,,,,,,,,,,,,,
GNB1,R-loop,R-loop,2533,2914,382,"GGGTGGGGAGGGAGAGAGAGGGAGGGAGAGGGAGTGAAGAGCCTGCCCTCCTATATGGAT
TCTTCAGGGCCCTCCACATCTGAGGTGGCTCATTCCCATCACACACAGATTGTCCTGGTG
TTCATTTCAAGGCCAGTGTTCAGCAGCAGCGTTTGGAAAGCAGGTTCTGTGGGACCCCCC
GCCCCGCCCCCCGCACTCCTTCATAGCAGCAGTAGTGGCTTCTCCATCCTGTTTTCTGCA
ACATTCTATACAAAACTGTGCTGTGACCTTGCGGTAGGCCTGGATCTGGCAAAGAGAATA
CAAATGAAACCCCTTCTTTCTCTTTCCGTCCAACAACTCTGTAGAGCTCTCTGCACCCTT
ACCCCTTTCCACCTTTTGTATT",174.73242533084544,7.698298451697266,0.009900990099009901,high,RIZ=32;REZ=350,,0.17587628865979382,0.5055257731958763,0.11984536082474227,0.5,127.58898639138562,,,RLFS_UnifiedFramework_raw,,32.0,350.0,51.42857142857142,,,,,,,,,,,,,,,,,,,,,,,,,,,,,,,,,,
GNB1,R-loop,R-loop,95,2105,2011,"GGGGAGCGGGGCCGGGAGTGGAGCAGCCGCCGCGGCGGGACTGGACCGAGCCTCGCCGGC
GCGCACCTGCCCGCAGCGCCCGCGGAGCGCGCAGCGCGGCCCGAGCGCGACGACCTGCCG
AGCGGCGGCCGAGGCGGCGGTGTGGGCGCGTCAGGCCGCGACGAGGGCGCTGAGACAAAT
TTACATGTATTGGAGACCAGACCAGAAGCCCTTCTGAATTAAGATCTCACATTCTTGAAG
GTGGCATTGAAGAGCACTAAGATCGGAAGATGAGTGAGCTTGACCAGTTACGGCAGGAGG
CCGAGCAACTTAAGAACCAGATTCGAGCTTCTCGTCAGTGCCTCGCAGGATGGTAAACTT
ATCATCTGGGACAGCTACACCACCAACAAGGTCCACGCCATCCCTCTGCGCTCCTCCTGG
GTCATGACCTGTGCATATGCCCCTTCTGGGAACTATGTGGCCTGCGGTGGCCTGGATAAC
ATTTGCTCCATTTACAATCTGAAAACTCGTGAGGGGAACGTGCGCGTGAGTCGTGAGCTG
GCAGGACACACAGGTTACCTGTCCTGCTGCCGATTCCTGGATGACAATCAGATCGTCACC
AGCTCTGGAGACACCACGTGTGCCCTGTGGGACATCGAGACCGGCCAGCAGACGACCACG
TTTACCGGACACACTGGAGATGTCATGAGCCTTTCTCTTGCTCCTGACACCAGACTGTTC
GTCTCTGGTGCTTGTGATGCTTCAGCCAAACTCTGGGATGTGCGAGAAGGCATGTGCCGG
CAGACCTTCACTGGCCACGAGTCTGACATCAATGCCATTTGCTTCTTTCCAAATGGCAAT
GCATTTGCCACTGGCTCAGACGACGCCACCTGCAGGCTGTTTGACCTTCGTGCTGACCAG
GAGCTCATGACTTACTCCCATGACAACATCATCTGCGGGATCACCTCTGTCTCCTTCTCC
AAGAGCGGGCGCCTCCTCCTTGCTGGGTACGACGACTTCAACTGCAACGTCTGGGATGCA
CTCAAAGCCGACCGGGCAGGTGTCTTGGCTGGGCATGACAACCGCGTCAGCTGCCTGGGC
GTGACTGACGATGGCATGGCTGTGGCGACAGGGTCCTGGGATAGCTTCCTCAAGATCTGG
AACTAACGCCAGTAGCATGTGGATGCCATGGAGACTGGAAGACCATTCCAACTTGGACGC
GTTACCATGAGAGCATATCCTATCCAACCGTACTAACGTGGACACCCTACACCTCCCCTC
AGAACTTCAAAAGGGCAAGATCTTTTTTCCTTCACTTATTGCTGAAACCAAGAGCACAAT
TCCCATTGAGAGAAAGATCTCTGTGCTGTAAACTAAAACAAATTGTGCATTCCTTCCGGG
GCCATCGTCTTTGTTTTCTTTTTTGTCTTGAATGAATTTTAAAAGGAAATATATAATAAA
AATGTTAACCAGAAGGTAAACTTGAGTGTAATTGTCAGACAGACACACTTTTCCACCAGT
GTATTTGAATTTTAGACCAGTGACCCTGTTTTGTGGCATTCATGCAAAACATGCTGAGGG
CTTTGTTCATCTGGTCATCGTGTCCAAATTTCAGTCATGTTTGTAGCAAGATTTTGGAAG
CATTCATATTTCCTTTTTAAAATGTATTCCTTTGTGTTCAACAGTTAATCAAAACCAGAG
AGTCTAGGGCAGCCTCTCTGATGTTGTCAATGATGTAAATTCAGTCCCTGGTTTTTAATT
TTCTGTCTGATGTCACAGATCATTGTTGCACACAAACGTGGCATAGAAAAGAACATGTTC
AGAAGCCATGGGGCCAAGCACATGCGGGGACGGTCTCAAATGCGTGATCAGAGAATCCTT
CACCTTTGCTGAAAAGTGAGCTCAGATCCAGCACCATGTTCCTCCTGACCCATCCTGTCT
ATCTTCTCAGTTGAGTTTTTAATCTCACTTTGGGTTTCCTTGTGAAGTTGGAGGGAAGTT
TATAATAGCCTAACACTACCCCACCCCCAAC",1052.6375925765824,4.928517448223666,0.009900990099009901,high,RIZ=11;REZ=2000,,0.37921722113502937,0.6275303326810177,0.12402152641878669,0.5,748.2228314376584,,,RLFS_UnifiedFramework_raw,,11.0,2000.0,51.2,,,,,,,,,,,,,,,,,,,,,,,,,,,,,,,,,,
GNB1,Z-DNA,Z-DNA,1,257,257,AGGGGCCCGCCGCGCCCATCCCGATGGCTGGAGGCGTCTGAGGGGCGGACGGAGGCGGCGGCGGCGGCGGCGGGAGCGGGAGCGGGCGGCGAGTGGGGAGCGGGGCCGGGAGTGGAGCAGCCGCCGCGGCGGGACTGGACCGAGCCTCGCCGGCGCGCACCTGCCCGCAGCGCCCGCGGAGCGCGCAGCGCGGCCCGAGCGCGACGACCTGCCGAGCGGCGGCCGAGGCGGCGGTGTGGGCGCGTCAGGCCGCGACG,241.75,0.0,1.0,,,,0.5566330252918288,0.6896431177042801,0.5,0.46484375,185.92399075875485,,,Kadane_TransitionArray_v1,,,,,241.75,1.0,0.837,103.0,,,,,,,,,,,,,,,,,,,,,,,,,,,,,,
GNB1,Z-DNA,Z-DNA,257,1201,945,GAGGGCGCTGAGACAAATTTACATGTATTGGAGACCAGACCAGAAGCCCTTCTGAATTAAGATCTCACATTCTTGAAGGTGGCATTGAAGAGCACTAAGATCGGAAGATGAGTGAGCTTGACCAGTTACGGCAGGAGGCCGAGCAACTTAAGAACCAGATTCGAGCTTCTCGTCAGTGCCTCGCAGGATGGTAAACTTATCATCTGGGACAGCTACACCACCAACAAGGTCCACGCCATCCCTCTGCGCTCCTCCTGGGTCATGACCTGTGCATATGCCCCTTCTGGGAACTATGTGGCCTGCGGTGGCCTGGATAACATTTGCTCCATTTACAATCTGAAAACTCGTGAGGGGAACGTGCGCGTGAGTCGTGAGCTGGCAGGACACACAGGTTACCTGTCCTGCTGCCGATTCCTGGATGACAATCAGATCGTCACCAGCTCTGGAGACACCACGTGTGCCCTGTGGGACATCGAGACCGGCCAGCAGACGACCACGTTTACCGGACACACTGGAGATGTCATGAGCCTTTCTCTTGCTCCTGACACCAGACTGTTCGTCTCTGGTGCTTGTGATGCTTCAGCCAAACTCTGGGATGTGCGAGAAGGCATGTGCCGGCAGACCTTCACTGGCCACGAGTCTGACATCAATGCCATTTGCTTCTTTCCAAATGGCAATGCATTTGCCACTGGCTCAGACGACGCCACCTGCAGGCTGTTTGACCTTCGTGCTGACCAGGAGCTCATGACTTACTCCCATGACAACATCATCTGCGGGATCACCTCTGTCTCCTTCTCCAAGAGCGGGCGCCTCCTCCTTGCTGGGTACGACGACTTCAACTGCAACGTCTGGGATGCACTCAAAGCCGACCGGGCAGGTGTCTTGGCTGGGCATGACAACCGCGTCAGCTGCCTGGGCGTGACTGACGATGGCATGGCTGTGGCG,59.0,0.0,1.0,,,,0.3346085552865214,0.5342259887005649,0.5,0.3019067796610169,51.33825665859564,,,Kadane_TransitionArray_v1,,,,,59.0,1.0,0.549,114.0,,,,,,,,,,,,,,,,,,,,,,,,,,,,,,
GNB1,Z-DNA,Z-DNA,1201,2448,1248,GACAGGGTCCTGGGATAGCTTCCTCAAGATCTGGAACTAACGCCAGTAGCATGTGGATGCCATGGAGACTGGAAGACCATTCCAACTTGGACGCGTTACCATGAGAGCATATCCTATCCAACCGTACTAACGTGGACACCCTACACCTCCCCTCAGAACTTCAAAAGGGCAAGATCTTTTTTCCTTCACTTATTGCTGAAACCAAGAGCACAATTCCCATTGAGAGAAAGATCTCTGTGCTGTAAACTAAAACAAATTGTGCATTCCTTCCGGGGCCATCGTCTTTGTTTTCTTTTTTGTCTTGAATGAATTTTAAAAGGAAATATATAATAAAAATGTTAACCAGAAGGTAAACTTGAGTGTAATTGTCAGACAGACACACTTTTCCACCAGTGTATTTGAATTTTAGACCAGTGACCCTGTTTTGTGGCATTCATGCAAAACATGCTGAGGGCTTTGTTCATCTGGTCATCGTGTCCAAATTTCAGTCATGTTTGTAGCAAGATTTTGGAAGCATTCATATTTCCTTTTTAAAATGTATTCCTTTGTGTTCAACAGTTAATCAAAACCAGAGAGTCTAGGGCAGCCTCTCTGATGTTGTCAATGATGTAAATTCAGTCCCTGGTTTTTAATTTTCTGTCTGATGTCACAGATCATTGTTGCACACAAACGTGGCATAGAAAAGAACATGTTCAGAAGCCATGGGGCCAAGCACATGCGGGGACGGTCTCAAATGCGTGATCAGAGAATCCTTCACCTTTGCTGAAAAGTGAGCTCAGATCCAGCACCATGTTCCTCCTGACCCATCCTGTCTATCTTCTCAGTTGAGTTTTTAATCTCACTTTGGGTTTCCTTGTGAAGTTGGAGGGAAGTTTATAATAGCCTAACACTACCCCACCCCCAACTAGGAGGAACCTCTGTTTTCAAGAGAGATGCCTGTCCTGTGCTTGGATAGTCAGTCAATTATTTGTGTATGAAACAATGTACAAATCAATGTTTTGAAAATAATGATCTCAGACTTTCTAAGTTAAATTTTAAAAATTTTGATTGTTTGCCATATTGGGTGGGTTTACTCTTAGAATCGCATGCTGTAGAAATGCTCAAAAGTGCATATGGGACTCAGTCCTTAGGTGTTCTTTTTCTTTTAAGAAATAACCTCTTACAGTTGTAACCATTGCGGCTCTGTCCACTTCTCGTTGCTGCTCTGTGGCACATATCGGAAGCAGTACAGCGCGCGGCTCTACACGC,53.75,0.0,1.0,,,,0.26712109061748196,0.48698476343223734,0.5,0.214915797914996,45.63863271852446,,,Kadane_TransitionArray_v1,,,,,53.75,1.0,0.413,69.0,,,,,,,,,,,,,,,,,,,,,,,,,,,,,,
GNB1,Z-DNA,eGZ (Extruded-G) DNA,56,73,18,CGGCGGCGGCGGCGGCGG,13.999999999999998,0.0,1.0,,Unit=CGG;Copies=6,,0.7529411764705882,0.8270588235294116,0.5,0.6470588235294118,32.38823529411765,,,eGZ_CGG_Expansion_v1,,,,,,1.0,,,Double-stranded,6.0,0.667,,,,,,,,,,,,,,,,,,,,,,,,,,,
GNB1,Disease-Associated Motif,FRA12A_repeat,56,73,18,CGGCGGCGGCGGCGGCGG,97.5,53.333333333333336,,,,,0.5,0.7,0.5,0.5,83.25,,,Disease_Associated_Clinical_Classification,,,,,,,,,,,,6.0,CGG,Pathogenic,FRA12A,FRA12A,AD,0-0,1.0,97.5,51.8,12.441314553990608,Fragile site; Chromosomal instability,30467083; 31234567; 32345678,Gene therapy; Pharmacological read-through,"Pathogenic variant - confirm diagnosis, family screening recommended, AD inheritance",Minimal structural impact predicted,,,,,,,,,,,
GNB1,Hybrid,Hybrid_R-loop(1)_Z-DNA(1),42,2110,2069,"GGGGCGGACGGAGGCGGCGGCGGCGGCGGCGGGAGCGGGAGCGGGCGGCGAGTGGGGAGC
GGGGCCGGGAGTGGAGCAGCCGCCGCGGCGGGACTGGACCGAGCCTCGCCGGCGCGCACC
TGCCCGCAGCGCCCGCGGAGCGCGCAGCGCGGCCCGAGCGCGACGACCTGCCGAGCGGCG
GCCGAGGCGGCGGTGTGGGCGCGTCAGGCCGCGACGAGGGCGCTGAGACAAATTTACATG
TATTGGAGACCAGACCAGAAGCCCTTCTGAATTAAGATCTCACATTCTTGAAGGTGGCAT
TGAAGAGCACTAAGATCGGAAGATGAGTGAGCTTGACCAGTTACGGCAGGAGGCCGAGCA
ACTTAAGAACCAGATTCGAGCTTCTCGTCAGTGCCTCGCAGGATGGTAAACTTATCATCT
GGGACAGCTACACCACCAACAAGGTCCACGCCATCCCTCTGCGCTCCTCCTGGGTCATGA
CCTGTGCATATGCCCCTTCTGGGAACTATGTGGCCTGCGGTGGCCTGGATAACATTTGCT
CCATTTACAATCTGAAAACTCGTGAGGGGAACGTGCGCGTGAGTCGTGAGCTGGCAGGAC
ACACAGGTTACCTGTCCTGCTGCCGATTCCTGGATGACAATCAGATCGTCACCAGCTCTG
GAGACACCACGTGTGCCCTGTGGGACATCGAGACCGGCCAGCAGACGACCACGTTTACCG
GACACACTGGAGATGTCATGAGCCTTTCTCTTGCTCCTGACACCAGACTGTTCGTCTCTG
GTGCTTGTGATGCTTCAGCCAAACTCTGGGATGTGCGAGAAGGCATGTGCCGGCAGACCT
TCACTGGCCACGAGTCTGACATCAATGCCATTTGCTTCTTTCCAAATGGCAATGCATTTG
CCACTGGCTCAGACGACGCCACCTGCAGGCTGTTTGACCTTCGTGCTGACCAGGAGCTCA
TGACTTACTCCCATGACAACATCATCTGCGGGATCACCTCTGTCTCCTTCTCCAAGAGCG
GGCGCCTCCTCCTTGCTGGGTACGACGACTTCAACTGCAACGTCTGGGATGCACTCAAAG
CCGACCGGGCAGGTGTCTTGGCTGGGCATGACAACCGCGTCAGCTGCCTGGGCGTGACTG
ACGATGGCATGGCTGTGGCGACAGGGTCCTGGGATAGCTTCCTCAAGATCTGGAACTAAC
GCCAGTAGCATGTGGATGCCATGGAGACTGGAAGACCATTCCAACTTGGACGCGTTACCA
TGAGAGCATATCCTATCCAACCGTACTAACGTGGACACCCTACACCTCCCCTCAGAACTT
CAAAAGGGCAAGATCTTTTTTCCTTCACTTATTGCTGAAACCAAGAGCACAATTCCCATT
GAGAGAAAGATCTCTGTGCTGTAAACTAAAACAAATTGTGCATTCCTTCCGGGGCCATCG
TCTTTGTTTTCTTTTTTGTCTTGAATGAATTTTAAAAGGAAATATATAATAAAAATGTTA
ACCAGAAGGTAAACTTGAGTGTAATTGTCAGACAGACACACTTTTCCACCAGTGTATTTG
AATTTTAGACCAGTGACCCTGTTTTGTGGCATTCATGCAAAACATGCTGAGGGCTTTGTT
CATCTGGTCATCGTGTCCAAATTTCAGTCATGTTTGTAGCAAGATTTTGGAAGCATTCAT
ATTTCCTTTTTAAAATGTATTCCTTTGTGTTCAACAGTTAATCAAAACCAGAGAGTCTAG
GGCAGCCTCTCTGATGTTGTCAATGATGTAAATTCAGTCCCTGGTTTTTAATTTTCTGTC
TGATGTCACAGATCATTGTTGCACACAAACGTGGCATAGAAAAGAACATGTTCAGAAGCC
ATGGGGCCAAGCACATGCGGGGACGGTCTCAAATGCGTGATCAGAGAATCCTTCACCTTT
GCTGAAAAGTGAGCTCAGATCCAGCACCATGTTCCTCCTGACCCATCCTGTCTATCTTCT
CAGTTGAGTTTTTAATCTCACTTTGGGTTTCCTTGTGAAGTTGGAGGGAAGTTTATAATA
GCCTAACACTACCCCACCCCCAACTAGGA",1798.0704631206459,,,,Classes=2;Subtypes=2,,0.5,0.7,0.5,0.5,1273.649324184452,,,HybridOverlap_SubclassAnalysis_raw,,,,,,,,,,,,,,,,,,,,,,,,,,,,"['R-loop', 'Z-DNA']","{'R-loop': 1, 'Z-DNA': 1}","{'R-loop:R-loop': 1, 'Z-DNA:Z-DNA': 1}",R-loop(1); Z-DNA(1),"[{'Sequence Name': 'GNB1', 'Class': 'R-loop', 'Subtype': 'R-loop', 'Start': 72, 'End': 2110, 'Length': 2039, 'Sequence': 'GGGAGCGGGAGCGGGCGGCGAGTGGGGAGCGGGGCCGGGAGTGGAGCAGCCGCCGCGGCG\nGGACTGGACCGAGCCTCGCCGGCGCGCACCTGCCCGCAGCGCCCGCGGAGCGCGCAGCGC\nGGCCCGAGCGCGACGACCTGCCGAGCGGCGGCCGAGGCGGCGGTGTGGGCGCGTCAGGCC\nGCGACGAGGGCGCTGAGACAAATTTACATGTATTGGAGACCAGACCAGAAGCCCTTCTGA\nATTAAGATCTCACATTCTTGAAGGTGGCATTGAAGAGCACTAAGATCGGAAGATGAGTGA\nGCTTGACCAGTTACGGCAGGAGGCCGAGCAACTTAAGAACCAGATTCGAGCTTCTCGTCA\nGTGCCTCGCAGGATGGTAAACTTATCATCTGGGACAGCTACACCACCAACAAGGTCCACG\nCCATCCCTCTGCGCTCCTCCTGGGTCATGACCTGTGCATATGCCCCTTCTGGGAACTATG\nTGGCCTGCGGTGGCCTGGATAACATTTGCTCCATTTACAATCTGAAAACTCGTGAGGGGA\nACGTGCGCGTGAGTCGTGAGCTGGCAGGACACACAGGTTACCTGTCCTGCTGCCGATTCC\nTGGATGACAATCAGATCGTCACCAGCTCTGGAGACACCACGTGTGCCCTGTGGGACATCG\nAGACCGGCCAGCAGACGACCACGTTTACCGGACACACTGGAGATGTCATGAGCCTTTCTC\nTTGCTCCTGACACCAGACTGTTCGTCTCTGGTGCTTGTGATGCTTCAGCCAAACTCTGGG\nATGTGCGAGAAGGCATGTGCCGGCAGACCTTCACTGGCCACGAGTCTGACATCAATGCCA\nTTTGCTTCTTTCCAAATGGCAATGCATTTGCCACTGGCTCAGACGACGCCACCTGCAGGC\nTGTTTGACCTTCGTGCTGACCAGGAGCTCATGACTTACTCCCATGACAACATCATCTGCG\nGGATCACCTCTGTCTCCTTCTCCAAGAGCGGGCGCCTCCTCCTTGCTGGGTACGACGACT\nTCAACTGCAACGTCTGGGATGCACTCAAAGCCGACCGGGCAGGTGTCTTGGCTGGGCATG\nACAACCGCGTCAGCTGCCTGGGCGTGACTGACGATGGCATGGCTGTGGCGACAGGGTCCT\nGGGATAGCTTCCTCAAGATCTGGAACTAACGCCAGTAGCATGTGGATGCCATGGAGACTG\nGAAGACCATTCCAACTTGGACGCGTTACCATGAGAGCATATCCTATCCAACCGTACTAAC\nGTGGACACCCTACACCTCCCCTCAGAACTTCAAAAGGGCAAGATCTTTTTTCCTTCACTT\nATTGCTGAAACCAAGAGCACAATTCCCATTGAGAGAAAGATCTCTGTGCTGTAAACTAAA\nACAAATTGTGCATTCCTTCCGGGGCCATCGTCTTTGTTTTCTTTTTTGTCTTGAATGAAT\nTTTAAAAGGAAATATATAATAAAAATGTTAACCAGAAGGTAAACTTGAGTGTAATTGTCA\nGACAGACACACTTTTCCACCAGTGTATTTGAATTTTAGACCAGTGACCCTGTTTTGTGGC\nATTCATGCAAAACATGCTGAGGGCTTTGTTCATCTGGTCATCGTGTCCAAATTTCAGTCA\nTGTTTGTAGCAAGATTTTGGAAGCATTCATATTTCCTTTTTAAAATGTATTCCTTTGTGT\nTCAACAGTTAATCAAAACCAGAGAGTCTAGGGCAGCCTCTCTGATGTTGTCAATGATGTA\nAATTCAGTCCCTGGTTTTTAATTTTCTGTCTGATGTCACAGATCATTGTTGCACACAAAC\nGTGGCATAGAAAAGAACATGTTCAGAAGCCATGGGGCCAAGCACATGCGGGGACGGTCTC\nAAATGCGTGATCAGAGAATCCTTCACCTTTGCTGAAAAGTGAGCTCAGATCCAGCACCAT\nGTTCCTCCTGACCCATCCTGTCTATCTTCTCAGTTGAGTTTTTAATCTCACTTTGGGTTT\nCCTTGTGAAGTTGGAGGGAAGTTTATAATAGCCTAACACTACCCCACCCCCAACTAGGA', 'ScoreMethod': 'RLFS_UnifiedFramework_raw', 'Score': 1211.9634828084643, 'RIZ_Length': 39, 'REZ_Length': 2000, 'REZ_GC_Content': 51.05, 'Conservation_Score': 4.81942762842157, 'Conservation_P_Value': 0.009900990099009901, 'Conservation_Significance': 'high', 'Arms/Repeat Unit/Copies': 'RIZ=39;REZ=2000', 'Spacer': '', 'ML_Probability': 0.4011583011583012, 'ML_Confidence': 0.6406949806949808, 'ML_Stability': 0.12644787644787644, 'ML_Pattern_Score': 0.5, 'Enhanced_Score': 860.4091870006739}, {'Sequence Name': 'GNB1', 'Class': 'Z-DNA', 'Subtype': 'Z-DNA', 'Start': 1201, 'End': 2448, 'Length': 1248, 'Sequence': 'GACAGGGTCCTGGGATAGCTTCCTCAAGATCTGGAACTAACGCCAGTAGCATGTGGATGCCATGGAGACTGGAAGACCATTCCAACTTGGACGCGTTACCATGAGAGCATATCCTATCCAACCGTACTAACGTGGACACCCTACACCTCCCCTCAGAACTTCAAAAGGGCAAGATCTTTTTTCCTTCACTTATTGCTGAAACCAAGAGCACAATTCCCATTGAGAGAAAGATCTCTGTGCTGTAAACTAAAACAAATTGTGCATTCCTTCCGGGGCCATCGTCTTTGTTTTCTTTTTTGTCTTGAATGAATTTTAAAAGGAAATATATAATAAAAATGTTAACCAGAAGGTAAACTTGAGTGTAATTGTCAGACAGACACACTTTTCCACCAGTGTATTTGAATTTTAGACCAGTGACCCTGTTTTGTGGCATTCATGCAAAACATGCTGAGGGCTTTGTTCATCTGGTCATCGTGTCCAAATTTCAGTCATGTTTGTAGCAAGATTTTGGAAGCATTCATATTTCCTTTTTAAAATGTATTCCTTTGTGTTCAACAGTTAATCAAAACCAGAGAGTCTAGGGCAGCCTCTCTGATGTTGTCAATGATGTAAATTCAGTCCCTGGTTTTTAATTTTCTGTCTGATGTCACAGATCATTGTTGCACACAAACGTGGCATAGAAAAGAACATGTTCAGAAGCCATGGGGCCAAGCACATGCGGGGACGGTCTCAAATGCGTGATCAGAGAATCCTTCACCTTTGCTGAAAAGTGAGCTCAGATCCAGCACCATGTTCCTCCTGACCCATCCTGTCTATCTTCTCAGTTGAGTTTTTAATCTCACTTTGGGTTTCCTTGTGAAGTTGGAGGGAAGTTTATAATAGCCTAACACTACCCCACCCCCAACTAGGAGGAACCTCTGTTTTCAAGAGAGATGCCTGTCCTGTGCTTGGATAGTCAGTCAATTATTTGTGTATGAAACAATGTACAAATCAATGTTTTGAAAATAATGATCTCAGACTTTCTAAGTTAAATTTTAAAAATTTTGATTGTTTGCCATATTGGGTGGGTTTACTCTTAGAATCGCATGCTGTAGAAATGCTCAAAAGTGCATATGGGACTCAGTCCTTAGGTGTTCTTTTTCTTTTAAGAAATAACCTCTTACAGTTGTAACCATTGCGGCTCTGTCCACTTCTCGTTGCTGCTCTGTGGCACATATCGGAAGCAGTACAGCGCGCGGCTCTACACGC', 'ScoreMethod': 'Kadane_TransitionArray_v1', 'Score': 53.75, 'Kadane_Score': 53.75, 'Structural_Factor': 1.0, 'GC_Content': 0.413, 'GC_CG_Dinucleotides': 69, 'Conservation_Score': 0.0, 'Conservation_P_Value': 1.0, 'Conservation_Significance': '', 'Arms/Repeat Unit/Copies': '', 'Spacer': '', 'ML_Probability': 0.26712109061748196, 'ML_Confidence': 0.48698476343223734, 'ML_Stability': 0.5, 'ML_Pattern_Score': 0.214915797914996, 'Enhanced_Score': 45.63863271852446}]",1.015,0.4,"This hybrid region spans multiple non-B DNA classes, indicating a potential hotspot for chromatin remodeling, replication stalling, or mutagenesis. Longer spans with diverse motif composition have higher biological impact.",,,
GNB1,Hybrid,Hybrid_G-Quadruplex Family(1)_R-loop(1),2537,2577,41,GGGGAGGGAGAGAGAGGGAGGGAGAGGGAGTGAAGAGCCTG,26.46733778055588,,,,Classes=2;Subtypes=2,,0.5,0.7,0.5,0.5,33.527136446389115,,,HybridOverlap_SubclassAnalysis_raw,,,,,,,,,,,,,,,,,,,,,,,,,,,,"['G-Quadruplex Family', 'R-loop']","{'R-loop': 1, 'G-Quadruplex Family': 1}","{'R-loop:R-loop': 1, 'G-Quadruplex Family:Bulged G4': 1}",Bulged G4(1); R-loop(1),"[{'Sequence Name': 'GNB1', 'Class': 'R-loop', 'Subtype': 'R-loop', 'Start': 2533, 'End': 2914, 'Length': 382, 'Sequence': 'GGGTGGGGAGGGAGAGAGAGGGAGGGAGAGGGAGTGAAGAGCCTGCCCTCCTATATGGAT\nTCTTCAGGGCCCTCCACATCTGAGGTGGCTCATTCCCATCACACACAGATTGTCCTGGTG\nTTCATTTCAAGGCCAGTGTTCAGCAGCAGCGTTTGGAAAGCAGGTTCTGTGGGACCCCCC\nGCCCCGCCCCCCGCACTCCTTCATAGCAGCAGTAGTGGCTTCTCCATCCTGTTTTCTGCA\nACATTCTATACAAAACTGTGCTGTGACCTTGCGGTAGGCCTGGATCTGGCAAAGAGAATA\nCAAATGAAACCCCTTCTTTCTCTTTCCGTCCAACAACTCTGTAGAGCTCTCTGCACCCTT\nACCCCTTTCCACCTTTTGTATT', 'ScoreMethod': 'RLFS_UnifiedFramework_raw', 'Score': 174.73242533084544, 'RIZ_Length': 32, 'REZ_Length': 350, 'REZ_GC_Content': 51.42857142857142, 'Conservation_Score': 7.698298451697266, 'Conservation_P_Value': 0.009900990099009901, 'Conservation_Significance': 'high', 'Arms/Repeat Unit/Copies': 'RIZ=32;REZ=350', 'Spacer': '', 'ML_Probability': 0.17587628865979382, 'ML_Confidence': 0.5055257731958763, 'ML_Stability': 0.11984536082474227, 'ML_Pattern_Score': 0.5, 'Enhanced_Score': 127.58898639138562}, {'Sequence Name': 'GNB1', 'Class': 'G-Quadruplex Family', 'Subtype': 'Bulged G4', 'Start': 2537, 'End': 2577, 'Length': 41, 'Sequence': 'GGGGAGGGAGAGAGAGGGAGGGAGAGGGAGTGAAGAGCCTG', 'ScoreMethod': 'G4Hunter_Exact', 'Score': 1.4090909090909092, 'G4Hunter_Score': 1.4090909090909092, 'Structural_Factor': 1.0, 'Formation_Category': 'Moderate Formation Potential', 'Conservation_Score': 3.864882179237126, 'Conservation_P_Value': 0.009900990099009901, 'Priority': 3, 'Arms/Repeat Unit/Copies': '', 'Spacer': '', 'ML_Probability': 0.5, 'ML_Confidence': 0.7, 'ML_Stability': 0.5, 'ML_Pattern_Score': 0.5, 'Enhanced_Score': 15.986363636363636}]",0.107,0.4,"This hybrid region spans multiple non-B DNA classes, indicating a potential hotspot for chromatin remodeling, replication stalling, or mutagenesis. Longer spans with diverse motif composition have higher biological impact.",,,
GNB1,G-Quadruplex Family,Bulged G4,2537,2577,41,GGGGAGGGAGAGAGAGGGAGGGAGAGGGAGTGAAGAGCCTG,1.4090909090909092,3.864882179237126,0.009900990099009901,,,,0.5,0.7,0.5,0.5,15.986363636363636,,,G4Hunter_Exact,,,,,,1.0,,,,,,,,,,,,,,,,,,,,,,,,,,,,,,1.4090909090909092,Moderate Formation Potential,3.0
GNB1,G-Quadruplex Family,Imperfect G4,42,82,41,GGGGCGGACGGAGGCGGCGGCGGCGGCGGCGGGAGCGGGAG,1.2142857142857142,4.10328568535687,0.009900990099009901,,,,0.5,0.7,0.5,0.5,15.85,,,G4Hunter_Exact,,,,,,1.0,,,,,,,,,,,,,,,,,,,,,,,,,,,,,,1.2142857142857142,Moderate Formation Potential,8.0
