Sequence Name,Class,Subtype,Start,End,Length,Sequence,Score,Conservation_Score,Conservation_P_Value,Conservation_Significance,Arms/Repeat Unit/Copies,Spacer,ML_Probability,ML_Confidence,ML_Stability,ML_Pattern_Score,Enhanced_Score,Unit,Copies,ScoreMethod,GC_Fraction,RIZ_Length,REZ_Length,REZ_GC_Content,Kadane_Score,Structural_Factor,GC_Content,GC_CG_Dinucleotides,MotifClasses,ClassBreakdown,SubclassBreakdown,SubclassDetail,ContributingMotifs,OverlapDegree,InteractionStrength,Annotation,G4Hunter_Score,Formation_Category,Priority
GRM1,Curved DNA,Local curvature (long A-tract),4938,4946,9,AAAAAAAAA,19.5,0.0,1.0,not significant,,,0.5,0.7,0.5,0.5,28.65,,,,,,,,,,,,,,,,,,,,,,
GRM1,Curved DNA,Local curvature (long A-tract),461,468,8,TTTTTTTT,17.414213562373096,0.0,1.0,not significant,,,0.5,0.7,0.5,0.5,27.189949493661167,,,,,,,,,,,,,,,,,,,,,,
GRM1,Curved DNA,Local curvature (long A-tract),5767,5773,7,TTTTTTT,15.322875655532295,0.0,1.0,not significant,,,0.5,0.7,0.5,0.5,25.726012958872605,,,,,,,,,,,,,,,,,,,,,,
GRM1,Curved DNA,Global curvature (phased A-tracts),5993,6029,37,TTTTTACCACCAATAAAAGGATTTTTCTTGCTGTTTT,13.0,3.875670631593411,0.009900990099009901,high,Tracts=4,Spacing=6-15,0.5,0.7,0.5,0.5,24.1,,,,,,,,,,,,,,,,,,,,,,
GRM1,Curved DNA,Global curvature (phased A-tracts),5642,5684,43,AAAATTTGTTATATTAAAAGTGCACAAAAACTGAGAGTGAAAA,11.958333333333332,3.758497751132864,0.009900990099009901,high,Tracts=4,Spacing=6-15,0.5,0.7,0.5,0.5,23.37083333333333,,,,,,,,,,,,,,,,,,,,,,
GRM1,Curved DNA,Global curvature (phased A-tracts),5858,5878,21,TTTTGCCTTCTTTTAATTTTT,9.041666666666666,0.20091266697910987,0.44554455445544555,not significant,Tracts=3,Spacing=6-15,0.5,0.7,0.5,0.5,21.329166666666666,,,,,,,,,,,,,,,,,,,,,,
GRM1,Slipped DNA,Slipped DNA [STR],3810,3824,15,GACGACGACGACGAC,10.0,4.251536597230235,0.009900990099009901,high,Unit=GAC;Copies=5,,1.0,0.7,0.5,0.5,37.0,GAC,5.0,STR_PerfectBlock_v1,0.667,,,,,,,,,,,,,,,,,,
GRM1,R-loop,R-loop,356,2404,2049,"GGGCGTCTTGGGGGTGCGCGCCGGGAGCCTGCAGCGGGACCAGCGTGGGAACGCGGCTGG
CAGGCTGTGGACCTCGTCCTCACCACCATGGTCGGGCTCCTTTTGTTTTTTTTCCCAGCG
ATCTTTTTGGAGGTGTCCCTTCTCCCCAGAAGCCCCGGCAGGAAAGTGTTGCTGGCAGGA
GCGTCGTCTCAGCGCTCGGTGGCCAGAATGGACGGAGATGTCATCATTGGAGCCCTCTTC
TCAGTCCATCACCAGCCTCCGGCCGAGAAAGTGCCCGAGAGGAAGTGTGGGGAGATCAGG
GAGCAGTATGGCATCCAGAGGGTGGAGGCCATGTTCCACACGTTGGATAAGATCAACGCG
GACCCGGTCCTCCTGCCCAACATCACCCTGGGCAGTGAGATCCGGGACTCCTGCTGGCAC
TCTTCCGTGGCTCTGGAACAGAGCATTGAGTTCATTAGGGACTCTCTGATTTCCATTCGA
GATGAGAAGGATGGGATCAACCGGTGTCTGCCTGACGGCCAGTCCCTCCCCCCAGGCAGG
ACTAAGAAGCCCATTGCGGGAGTGATCGGTCCCGGCTCCAGCTCTGTAGCCATTCAAGTG
CAGAACCTGCTCCAGCTCTTCGACATCCCCCAGATCGCTTATTCAGCCACAAGCATCGAC
CTGAGTGACAAAACTTTGTACAAATACTTCCTGAGGGTTGTCCCTTCTGACACTTTGCAG
GCAAGGGCCATGCTTGACATAGTCAAACGTTACAATTGGACCTATGTCTCTGCAGTCCAC
ACGGAAGGGAATTATGGGGAGAGCGGAATGGACGCTTTCAAAGAGCTGGCTGCCCAGGAA
GGCCTCTGTATCGCCCATTCTGACAAAATCTACAGCAACGCTGGGGAGAAGAGCTTTGAC
CGACTCTTGCGCAAACTCCGAGAGAGGCTTCCCAAGGCTAGAGTGGTGGTCTGCTTCTGT
GAAGGCATGACAGTGCGAGGACTCCTGAGCGCCATGCGGCGCCTTGGCGTCGTGGGCGAG
TTCTCACTCATTGGAAGTGATGGATGGGCAGACAGAGATGAAGTCATTGAAGGTTATGAG
GTGGAAGCCAACGGGGGAATCACGATAAAGCTGCAGTCTCCAGAGGTCAGGTCATTTGAT
GATTATTTCCTGAAACTGAGGCTGGACACTAACACGAGGAATCCCTGGTTCCCTGAGTTC
TGGCAACATCGGTTCCAGTGCCGCCTTCCAGGACACCTTCTGGAAAATCCCAACTTTAAA
CGAATCTGCACAGGCAATGAAAGCTTAGAAGAAAACTATGTCCAGGACAGTAAGATGGGG
TTTGTCATCAATGCCATCTATGCCATGGCACATGGGCTGCAGAACATGCACCATGCCCTC
TGCCCTGGCCACGTGGGCCTCTGCGATGCCATGAAGCCCATCGACGGCAGCAAGCTGCTG
GACTTCCTCATCAAGTCCTCATTCATTGGAGTATCTGGAGAGGAGGTGTGGTTTGATGAG
AAAGGAGACGCTCCTGGAAGGTATGATATCATGAATCTGCAGTACACTGAAGCTAATCGC
TATGACTATGTGCACGTTGGAACCTGGCATGAAGGAGTGCTGAACATTGATGATTACAAA
ATCCAGATGAACAAGAGTGGAGTGGTGCGGTCTGTGTGCAGTGAGCCTTGCTTAAAGGGC
CAGATTAAGGTTATACGGAAAGGAGAAGTGAGCTGCTGCTGGATTTGCACGGCCTGCAAA
GAGAATGAATATGTGCAAGATGAGTTCACCTGCAAAGCTTGTGACTTGGGATGGTGGCCC
AATGCAGATCTAACAGGCTGTGAGCCCATTCCTGTGCGCTATCTTGAGTGGAGCAACATC
GAATCCATTATAGCCATCGCCTTTTCATGCCTGGGAATCCTTGTTACCTTGTTTGTCACC
CTAATCTTTGTACTGTACCGGGACACACCAGTGGTCAAATCCTCCAGTCGGGAGCTCTGC
TACATCATCCTAGCTGGCATCTTCCTTGGTTATGTGTGCCCATTCACTCTCATTGCCAAA
CCTACTACC",1255.2507529345166,4.739716099174839,0.009900990099009901,high,RIZ=49;REZ=2000,,0.4190464024518146,0.6514278414710888,0.13754200672107536,0.5,891.2469191277161,,,RLFS_UnifiedFramework_raw,,49.0,2000.0,52.75,,,,,,,,,,,,,,,
GRM1,R-loop,R-loop,4199,4920,722,"GGGAGTGGGGGGCCTCGTCGGGAGGACAGGAGACCGCTGCTGCTGCTGCCGCTACTGCTG
CTGCTGCCTTAAGTAGGAAGAGAGGGAAGGACACCAAGCAAAAAATGTTCCAGGCCAGGA
TTCGGATTCTTGAATTACTCGAAGCCTTCTCTGGGAAGAAAGGGAATTCTGACAAAGCAC
AATTCCATATGGTATGTAACTTTTATCACAAATCAAATAGTGACATCACAAACATAATGT
CCTCTTTTGCACAATTGTGCATAGATATATATATGCCCACACACACTGGGCCATGCTTGC
CAAGGAACAGCCCACGTGGACATGCCAGTCGGATCATGAGTTCACCTGATGGCATTCGGA
GTGAGCTGGTGGAGCCAGACAGAGCAGGTGCGGGGAAGGGAAGGGCCCAGGCCAGACCCA
TCCCAAACGGATGATGGGATGATGGGACAGCAGCTCCTTGCTCAGAAGCCCTTCTCCCCG
CTGGGCTGACAGACTCCTCATCTTCAGGAGACTCAGGAATGGAGCGGCACAGGGGTCTCT
CTTCATCCACTGCAACCCATCCAGTGCCAGCTTTGAGATTGCACTTGAAGAAAGGTGCAT
GGACCCCCTGCTGCTCTGCAGATTCCCTTTATTTAGGAAAACAGGAATAAGAGCAAAATT
ATCACCAAAAAGTGCTTCATCAGGCGTGCTACAGGAGGAAGGAGCTAGAAATAGAACAAT
CC",499.8402553039255,6.077653873008392,0.009900990099009901,high,RIZ=22;REZ=700,,0.2636052959984641,0.5581631775990785,0.13147138964577657,0.5,357.7963375927018,,,RLFS_UnifiedFramework_raw,,22.0,700.0,50.142857142857146,,,,,,,,,,,,,,,
GRM1,R-loop,R-loop,4590,4928,339,"GGGGAAGGGAAGGGCCCAGGCCAGACCCATCCCAAACGGATGATGGGATGATGGGACAGC
AGCTCCTTGCTCAGAAGCCCTTCTCCCCGCTGGGCTGACAGACTCCTCATCTTCAGGAGA
CTCAGGAATGGAGCGGCACAGGGGTCTCTCTTCATCCACTGCAACCCATCCAGTGCCAGC
TTTGAGATTGCACTTGAAGAAAGGTGCATGGACCCCCTGCTGCTCTGCAGATTCCCTTTA
TTTAGGAAAACAGGAATAAGAGCAAAATTATCACCAAAAAGTGCTTCATCAGGCGTGCTA
CAGGAGGAAGGAGCTAGAAATAGAACAATCCATCAGCAT",208.06388626069693,7.530195059833366,0.009900990099009901,high,RIZ=14;REZ=325,,0.17232558139534887,0.5033953488372094,0.12790697674418605,0.5,150.8144878243483,,,RLFS_UnifiedFramework_raw,,14.0,325.0,51.38461538461539,,,,,,,,,,,,,,,
GRM1,Z-DNA,Z-DNA,1,3485,3485,AGAGCTGAGGCGTCTGCAAGCCGAGCGTGGCCACGGTCCTCTGGCCCCGGGACCATAGCGCTGTCTACCCCGACTCAGGTACTCAGGTATGTCTCAAGTCCATGTCCTCCAAACAGACTCAGCATCTAGCTCACCGCTGCCAACACGACTTCCACTGTACTCTTGATCAATTTACCTTGATGCACTACCGGTGAAGAACGGGGACTCGAATTCCCTTACAAACGCCTCCAGCTTGTAGAGGCGGTCGTGGAGGACCCAGAGGAGGAGACGAAGGGGAAGGAGGCGGTGGTGGAGGAGGCAAAGGCCTTGGACGACCATTGTTGGCGAGGGGCACCACTCCGGGAGAGGCGGCGCTGGGCGTCTTGGGGGTGCGCGCCGGGAGCCTGCAGCGGGACCAGCGTGGGAACGCGGCTGGCAGGCTGTGGACCTCGTCCTCACCACCATGGTCGGGCTCCTTTTGTTTTTTTTCCCAGCGATCTTTTTGGAGGTGTCCCTTCTCCCCAGAAGCCCCGGCAGGAAAGTGTTGCTGGCAGGAGCGTCGTCTCAGCGCTCGGTGGCCAGAATGGACGGAGATGTCATCATTGGAGCCCTCTTCTCAGTCCATCACCAGCCTCCGGCCGAGAAAGTGCCCGAGAGGAAGTGTGGGGAGATCAGGGAGCAGTATGGCATCCAGAGGGTGGAGGCCATGTTCCACACGTTGGATAAGATCAACGCGGACCCGGTCCTCCTGCCCAACATCACCCTGGGCAGTGAGATCCGGGACTCCTGCTGGCACTCTTCCGTGGCTCTGGAACAGAGCATTGAGTTCATTAGGGACTCTCTGATTTCCATTCGAGATGAGAAGGATGGGATCAACCGGTGTCTGCCTGACGGCCAGTCCCTCCCCCCAGGCAGGACTAAGAAGCCCATTGCGGGAGTGATCGGTCCCGGCTCCAGCTCTGTAGCCATTCAAGTGCAGAACCTGCTCCAGCTCTTCGACATCCCCCAGATCGCTTATTCAGCCACAAGCATCGACCTGAGTGACAAAACTTTGTACAAATACTTCCTGAGGGTTGTCCCTTCTGACACTTTGCAGGCAAGGGCCATGCTTGACATAGTCAAACGTTACAATTGGACCTATGTCTCTGCAGTCCACACGGAAGGGAATTATGGGGAGAGCGGAATGGACGCTTTCAAAGAGCTGGCTGCCCAGGAAGGCCTCTGTATCGCCCATTCTGACAAAATCTACAGCAACGCTGGGGAGAAGAGCTTTGACCGACTCTTGCGCAAACTCCGAGAGAGGCTTCCCAAGGCTAGAGTGGTGGTCTGCTTCTGTGAAGGCATGACAGTGCGAGGACTCCTGAGCGCCATGCGGCGCCTTGGCGTCGTGGGCGAGTTCTCACTCATTGGAAGTGATGGATGGGCAGACAGAGATGAAGTCATTGAAGGTTATGAGGTGGAAGCCAACGGGGGAATCACGATAAAGCTGCAGTCTCCAGAGGTCAGGTCATTTGATGATTATTTCCTGAAACTGAGGCTGGACACTAACACGAGGAATCCCTGGTTCCCTGAGTTCTGGCAACATCGGTTCCAGTGCCGCCTTCCAGGACACCTTCTGGAAAATCCCAACTTTAAACGAATCTGCACAGGCAATGAAAGCTTAGAAGAAAACTATGTCCAGGACAGTAAGATGGGGTTTGTCATCAATGCCATCTATGCCATGGCACATGGGCTGCAGAACATGCACCATGCCCTCTGCCCTGGCCACGTGGGCCTCTGCGATGCCATGAAGCCCATCGACGGCAGCAAGCTGCTGGACTTCCTCATCAAGTCCTCATTCATTGGAGTATCTGGAGAGGAGGTGTGGTTTGATGAGAAAGGAGACGCTCCTGGAAGGTATGATATCATGAATCTGCAGTACACTGAAGCTAATCGCTATGACTATGTGCACGTTGGAACCTGGCATGAAGGAGTGCTGAACATTGATGATTACAAAATCCAGATGAACAAGAGTGGAGTGGTGCGGTCTGTGTGCAGTGAGCCTTGCTTAAAGGGCCAGATTAAGGTTATACGGAAAGGAGAAGTGAGCTGCTGCTGGATTTGCACGGCCTGCAAAGAGAATGAATATGTGCAAGATGAGTTCACCTGCAAAGCTTGTGACTTGGGATGGTGGCCCAATGCAGATCTAACAGGCTGTGAGCCCATTCCTGTGCGCTATCTTGAGTGGAGCAACATCGAATCCATTATAGCCATCGCCTTTTCATGCCTGGGAATCCTTGTTACCTTGTTTGTCACCCTAATCTTTGTACTGTACCGGGACACACCAGTGGTCAAATCCTCCAGTCGGGAGCTCTGCTACATCATCCTAGCTGGCATCTTCCTTGGTTATGTGTGCCCATTCACTCTCATTGCCAAACCTACTACCACCTCCTGCTACCTCCAGCGCCTCTTGGTTGGCCTCTCCTCTGCGATGTGCTACTCTGCTTTAGTGACTAAAACCAATCGTATTGCACGCATCCTGGCTGGCAGCAAGAAGAAGATCTGCACCCGGAAGCCCAGGTTCATGAGTGCCTGGGCTCAGGTGATCATTGCCTCAATTCTGATTAGTGTGCAACTAACCCTGGTGGTAACCCTGATCATCATGGAACCCCCTATGCCCATTCTGTCCTACCCAAGTATCAAGGAAGTCTACCTTATCTGCAATACCAGCAACCTGGGTGTGGTGGCCCCTTTGGGCTACAATGGACTCCTCATCATGAGCTGTACCTACTATGCCTTCAAGACCCGCAACGTGCCCGCCAACTTCAACGAGGCCAAATATATCGCGTTCACCATGTACACCACCTGTATCATCTGGCTAGCTTTTGTGCCCATTTACTTTGGGAGCAACTACAAGATCATCACAACTTGCTTTGCAGTGAGTCTCAGTGTAACAGTGGCTCTGGGGTGCATGTTCACTCCCAAGATGTACATCATTATTGCCAAGCCTGAGAGGAATGTCCGCAGTGCCTTCACCACCTCTGATGTTGTCCGCATGCATGTTGGCGATGGCAAGCTGCCCTGCCGCTCCAACACTTTCCTCAACATCTTCCGAAGAAAGAAGGCAGGGGCAGGGAATGCCAAGAAGAGGCAGCCAGAATTCTCGCCCACCAGCCAATGTCCGTCGGCACATGTGCAGCTTTGAAAACCCCCACACTGCAGTGAATGTTTCTAATGGCAAGTCTGTGTCATGGTCTGAACCAGGTGGAGGACAGGTGCCCAAGGGACAGCATATGTGGCACCGCCTCTCTGTGCACGTGAAGACCAATGAGACGGCCTGCAACCAAACAGCCGTCATCAAGCCCCTCACTAAAAGTTACCAAGGCTCTGGCAAGAGCCTGACCTTTTCAGATACCAGCACCAAGACCCTTTACAACGTAGAGGAGGAGGAGGATGCCCAGCCGATTCGCTTTAGCCCGCCTGGTAGCCCTTCCATGGTGGTGCACAGGCGCGTGCCAAGCGCGGCG,70.0,0.0,1.0,,,,0.3097807068838569,0.5168464948186998,0.5,0.27640642939150406,58.2934212065157,,,Kadane_TransitionArray_v1,,,,,70.0,1.0,0.54,383.0,,,,,,,,,,,
GRM1,Z-DNA,Z-DNA,3485,4265,781,GACCACTCCGCCTCTGCCGTCCCACCTGACCGCAGAGGAGACCCCCCTCTTCCTGGCCGAACCAGCCCTCCCCAAGGGCTTGCCCCCTCCTCTCCAGCAGCAGCAGCAACCCCCTCCACAGCAGAAATCGCTGATGGACCAGCTCCAGGGAGTGGTCAGCAACTTCAGTACCGCGATCCCGGATTTTCACGCGGTGCTGGCAGGCCCCGGTGGTCCCGGGAACGGGCTGCGGTCCCTGTACCCGCCCCCGCCACCTCCGCAGCACCTGCAGATGCTGCCGCTGCAGCTGAGCACCTTTGGGGAGGAGCTGGTCTCCCCGCCCGCGGACGACGACGACGACAGCGAGAGGTTTAAGCTCCTCCAGGAGTACGTGTATGAGCACGAGCGGGAAGGGAACACGGAAGAAGACGAACTGGAAGAGGAGGAGGAGGACCTGCAGGCGGCCAGCAAACTGACCCCGGATGATTCGCCTGCGCTGACGCCTCCGTCGCCTTTCCGCGACTCGGTGGCCTCGGGCAGCTCGGTGCCCAGCTCCCCCGTGTCCGAGTCGGTGCTCTGCACCCCTCCCAACGTATCCTACGCCTCTGTCATTCTGCGGGACTACAAGCAAAGCTCTTCCACCCTGTAAGGGGGAAGGGTCCACATAGAAAAGCAAGACAAGCCAGAGATCTCCCACACCTCCAGAGATGTGCAAACAGCTGGGAGGAAAAGCCTGGGAGTGGGGGGCCTCGTCGGGAGGACAGGAGACCGCTGCTGCTGCTGCCGCTACTGCTGCTGCTGC,66.25,0.0,1.0,,,,0.3578359433993237,0.5504851603795266,0.5,0.2948717948717949,57.11007830197971,,,Kadane_TransitionArray_v1,,,,,66.25,1.0,0.647,130.0,,,,,,,,,,,
GRM1,Hybrid,Hybrid_R-loop(1)_Z-DNA(1),356,2404,2049,"GGGCGTCTTGGGGGTGCGCGCCGGGAGCCTGCAGCGGGACCAGCGTGGGAACGCGGCTGG
CAGGCTGTGGACCTCGTCCTCACCACCATGGTCGGGCTCCTTTTGTTTTTTTTCCCAGCG
ATCTTTTTGGAGGTGTCCCTTCTCCCCAGAAGCCCCGGCAGGAAAGTGTTGCTGGCAGGA
GCGTCGTCTCAGCGCTCGGTGGCCAGAATGGACGGAGATGTCATCATTGGAGCCCTCTTC
TCAGTCCATCACCAGCCTCCGGCCGAGAAAGTGCCCGAGAGGAAGTGTGGGGAGATCAGG
GAGCAGTATGGCATCCAGAGGGTGGAGGCCATGTTCCACACGTTGGATAAGATCAACGCG
GACCCGGTCCTCCTGCCCAACATCACCCTGGGCAGTGAGATCCGGGACTCCTGCTGGCAC
TCTTCCGTGGCTCTGGAACAGAGCATTGAGTTCATTAGGGACTCTCTGATTTCCATTCGA
GATGAGAAGGATGGGATCAACCGGTGTCTGCCTGACGGCCAGTCCCTCCCCCCAGGCAGG
ACTAAGAAGCCCATTGCGGGAGTGATCGGTCCCGGCTCCAGCTCTGTAGCCATTCAAGTG
CAGAACCTGCTCCAGCTCTTCGACATCCCCCAGATCGCTTATTCAGCCACAAGCATCGAC
CTGAGTGACAAAACTTTGTACAAATACTTCCTGAGGGTTGTCCCTTCTGACACTTTGCAG
GCAAGGGCCATGCTTGACATAGTCAAACGTTACAATTGGACCTATGTCTCTGCAGTCCAC
ACGGAAGGGAATTATGGGGAGAGCGGAATGGACGCTTTCAAAGAGCTGGCTGCCCAGGAA
GGCCTCTGTATCGCCCATTCTGACAAAATCTACAGCAACGCTGGGGAGAAGAGCTTTGAC
CGACTCTTGCGCAAACTCCGAGAGAGGCTTCCCAAGGCTAGAGTGGTGGTCTGCTTCTGT
GAAGGCATGACAGTGCGAGGACTCCTGAGCGCCATGCGGCGCCTTGGCGTCGTGGGCGAG
TTCTCACTCATTGGAAGTGATGGATGGGCAGACAGAGATGAAGTCATTGAAGGTTATGAG
GTGGAAGCCAACGGGGGAATCACGATAAAGCTGCAGTCTCCAGAGGTCAGGTCATTTGAT
GATTATTTCCTGAAACTGAGGCTGGACACTAACACGAGGAATCCCTGGTTCCCTGAGTTC
TGGCAACATCGGTTCCAGTGCCGCCTTCCAGGACACCTTCTGGAAAATCCCAACTTTAAA
CGAATCTGCACAGGCAATGAAAGCTTAGAAGAAAACTATGTCCAGGACAGTAAGATGGGG
TTTGTCATCAATGCCATCTATGCCATGGCACATGGGCTGCAGAACATGCACCATGCCCTC
TGCCCTGGCCACGTGGGCCTCTGCGATGCCATGAAGCCCATCGACGGCAGCAAGCTGCTG
GACTTCCTCATCAAGTCCTCATTCATTGGAGTATCTGGAGAGGAGGTGTGGTTTGATGAG
AAAGGAGACGCTCCTGGAAGGTATGATATCATGAATCTGCAGTACACTGAAGCTAATCGC
TATGACTATGTGCACGTTGGAACCTGGCATGAAGGAGTGCTGAACATTGATGATTACAAA
ATCCAGATGAACAAGAGTGGAGTGGTGCGGTCTGTGTGCAGTGAGCCTTGCTTAAAGGGC
CAGATTAAGGTTATACGGAAAGGAGAAGTGAGCTGCTGCTGGATTTGCACGGCCTGCAAA
GAGAATGAATATGTGCAAGATGAGTTCACCTGCAAAGCTTGTGACTTGGGATGGTGGCCC
AATGCAGATCTAACAGGCTGTGAGCCCATTCCTGTGCGCTATCTTGAGTGGAGCAACATC
GAATCCATTATAGCCATCGCCTTTTCATGCCTGGGAATCCTTGTTACCTTGTTTGTCACC
CTAATCTTTGTACTGTACCGGGACACACCAGTGGTCAAATCCTCCAGTCGGGAGCTCTGC
TACATCATCCTAGCTGGCATCTTCCTTGGTTATGTGTGCCCATTCACTCTCATTGCCAAA
CCTACTACC",1090.8505910668446,,,,Classes=2;Subtypes=2,,0.5,0.7,0.5,0.5,778.5954137467911,,,HybridOverlap_SubclassAnalysis_raw,,,,,,,,,"['R-loop', 'Z-DNA']","{'Z-DNA': 1, 'R-loop': 1}","{'Z-DNA:Z-DNA': 1, 'R-loop:R-loop': 1}",R-loop(1); Z-DNA(1),"[{'Sequence Name': 'GRM1', 'Class': 'Z-DNA', 'Subtype': 'Z-DNA', 'Start': 1, 'End': 3485, 'Length': 3485, 'Sequence': 'AGAGCTGAGGCGTCTGCAAGCCGAGCGTGGCCACGGTCCTCTGGCCCCGGGACCATAGCGCTGTCTACCCCGACTCAGGTACTCAGGTATGTCTCAAGTCCATGTCCTCCAAACAGACTCAGCATCTAGCTCACCGCTGCCAACACGACTTCCACTGTACTCTTGATCAATTTACCTTGATGCACTACCGGTGAAGAACGGGGACTCGAATTCCCTTACAAACGCCTCCAGCTTGTAGAGGCGGTCGTGGAGGACCCAGAGGAGGAGACGAAGGGGAAGGAGGCGGTGGTGGAGGAGGCAAAGGCCTTGGACGACCATTGTTGGCGAGGGGCACCACTCCGGGAGAGGCGGCGCTGGGCGTCTTGGGGGTGCGCGCCGGGAGCCTGCAGCGGGACCAGCGTGGGAACGCGGCTGGCAGGCTGTGGACCTCGTCCTCACCACCATGGTCGGGCTCCTTTTGTTTTTTTTCCCAGCGATCTTTTTGGAGGTGTCCCTTCTCCCCAGAAGCCCCGGCAGGAAAGTGTTGCTGGCAGGAGCGTCGTCTCAGCGCTCGGTGGCCAGAATGGACGGAGATGTCATCATTGGAGCCCTCTTCTCAGTCCATCACCAGCCTCCGGCCGAGAAAGTGCCCGAGAGGAAGTGTGGGGAGATCAGGGAGCAGTATGGCATCCAGAGGGTGGAGGCCATGTTCCACACGTTGGATAAGATCAACGCGGACCCGGTCCTCCTGCCCAACATCACCCTGGGCAGTGAGATCCGGGACTCCTGCTGGCACTCTTCCGTGGCTCTGGAACAGAGCATTGAGTTCATTAGGGACTCTCTGATTTCCATTCGAGATGAGAAGGATGGGATCAACCGGTGTCTGCCTGACGGCCAGTCCCTCCCCCCAGGCAGGACTAAGAAGCCCATTGCGGGAGTGATCGGTCCCGGCTCCAGCTCTGTAGCCATTCAAGTGCAGAACCTGCTCCAGCTCTTCGACATCCCCCAGATCGCTTATTCAGCCACAAGCATCGACCTGAGTGACAAAACTTTGTACAAATACTTCCTGAGGGTTGTCCCTTCTGACACTTTGCAGGCAAGGGCCATGCTTGACATAGTCAAACGTTACAATTGGACCTATGTCTCTGCAGTCCACACGGAAGGGAATTATGGGGAGAGCGGAATGGACGCTTTCAAAGAGCTGGCTGCCCAGGAAGGCCTCTGTATCGCCCATTCTGACAAAATCTACAGCAACGCTGGGGAGAAGAGCTTTGACCGACTCTTGCGCAAACTCCGAGAGAGGCTTCCCAAGGCTAGAGTGGTGGTCTGCTTCTGTGAAGGCATGACAGTGCGAGGACTCCTGAGCGCCATGCGGCGCCTTGGCGTCGTGGGCGAGTTCTCACTCATTGGAAGTGATGGATGGGCAGACAGAGATGAAGTCATTGAAGGTTATGAGGTGGAAGCCAACGGGGGAATCACGATAAAGCTGCAGTCTCCAGAGGTCAGGTCATTTGATGATTATTTCCTGAAACTGAGGCTGGACACTAACACGAGGAATCCCTGGTTCCCTGAGTTCTGGCAACATCGGTTCCAGTGCCGCCTTCCAGGACACCTTCTGGAAAATCCCAACTTTAAACGAATCTGCACAGGCAATGAAAGCTTAGAAGAAAACTATGTCCAGGACAGTAAGATGGGGTTTGTCATCAATGCCATCTATGCCATGGCACATGGGCTGCAGAACATGCACCATGCCCTCTGCCCTGGCCACGTGGGCCTCTGCGATGCCATGAAGCCCATCGACGGCAGCAAGCTGCTGGACTTCCTCATCAAGTCCTCATTCATTGGAGTATCTGGAGAGGAGGTGTGGTTTGATGAGAAAGGAGACGCTCCTGGAAGGTATGATATCATGAATCTGCAGTACACTGAAGCTAATCGCTATGACTATGTGCACGTTGGAACCTGGCATGAAGGAGTGCTGAACATTGATGATTACAAAATCCAGATGAACAAGAGTGGAGTGGTGCGGTCTGTGTGCAGTGAGCCTTGCTTAAAGGGCCAGATTAAGGTTATACGGAAAGGAGAAGTGAGCTGCTGCTGGATTTGCACGGCCTGCAAAGAGAATGAATATGTGCAAGATGAGTTCACCTGCAAAGCTTGTGACTTGGGATGGTGGCCCAATGCAGATCTAACAGGCTGTGAGCCCATTCCTGTGCGCTATCTTGAGTGGAGCAACATCGAATCCATTATAGCCATCGCCTTTTCATGCCTGGGAATCCTTGTTACCTTGTTTGTCACCCTAATCTTTGTACTGTACCGGGACACACCAGTGGTCAAATCCTCCAGTCGGGAGCTCTGCTACATCATCCTAGCTGGCATCTTCCTTGGTTATGTGTGCCCATTCACTCTCATTGCCAAACCTACTACCACCTCCTGCTACCTCCAGCGCCTCTTGGTTGGCCTCTCCTCTGCGATGTGCTACTCTGCTTTAGTGACTAAAACCAATCGTATTGCACGCATCCTGGCTGGCAGCAAGAAGAAGATCTGCACCCGGAAGCCCAGGTTCATGAGTGCCTGGGCTCAGGTGATCATTGCCTCAATTCTGATTAGTGTGCAACTAACCCTGGTGGTAACCCTGATCATCATGGAACCCCCTATGCCCATTCTGTCCTACCCAAGTATCAAGGAAGTCTACCTTATCTGCAATACCAGCAACCTGGGTGTGGTGGCCCCTTTGGGCTACAATGGACTCCTCATCATGAGCTGTACCTACTATGCCTTCAAGACCCGCAACGTGCCCGCCAACTTCAACGAGGCCAAATATATCGCGTTCACCATGTACACCACCTGTATCATCTGGCTAGCTTTTGTGCCCATTTACTTTGGGAGCAACTACAAGATCATCACAACTTGCTTTGCAGTGAGTCTCAGTGTAACAGTGGCTCTGGGGTGCATGTTCACTCCCAAGATGTACATCATTATTGCCAAGCCTGAGAGGAATGTCCGCAGTGCCTTCACCACCTCTGATGTTGTCCGCATGCATGTTGGCGATGGCAAGCTGCCCTGCCGCTCCAACACTTTCCTCAACATCTTCCGAAGAAAGAAGGCAGGGGCAGGGAATGCCAAGAAGAGGCAGCCAGAATTCTCGCCCACCAGCCAATGTCCGTCGGCACATGTGCAGCTTTGAAAACCCCCACACTGCAGTGAATGTTTCTAATGGCAAGTCTGTGTCATGGTCTGAACCAGGTGGAGGACAGGTGCCCAAGGGACAGCATATGTGGCACCGCCTCTCTGTGCACGTGAAGACCAATGAGACGGCCTGCAACCAAACAGCCGTCATCAAGCCCCTCACTAAAAGTTACCAAGGCTCTGGCAAGAGCCTGACCTTTTCAGATACCAGCACCAAGACCCTTTACAACGTAGAGGAGGAGGAGGATGCCCAGCCGATTCGCTTTAGCCCGCCTGGTAGCCCTTCCATGGTGGTGCACAGGCGCGTGCCAAGCGCGGCG', 'ScoreMethod': 'Kadane_TransitionArray_v1', 'Score': 70.0, 'Kadane_Score': 70.0, 'Structural_Factor': 1.0, 'GC_Content': 0.54, 'GC_CG_Dinucleotides': 383, 'Conservation_Score': 0.0, 'Conservation_P_Value': 1.0, 'Conservation_Significance': '', 'Arms/Repeat Unit/Copies': '', 'Spacer': '', 'ML_Probability': 0.3097807068838569, 'ML_Confidence': 0.5168464948186998, 'ML_Stability': 0.5, 'ML_Pattern_Score': 0.27640642939150406, 'Enhanced_Score': 58.2934212065157}, {'Sequence Name': 'GRM1', 'Class': 'R-loop', 'Subtype': 'R-loop', 'Start': 356, 'End': 2404, 'Length': 2049, 'Sequence': 'GGGCGTCTTGGGGGTGCGCGCCGGGAGCCTGCAGCGGGACCAGCGTGGGAACGCGGCTGG\nCAGGCTGTGGACCTCGTCCTCACCACCATGGTCGGGCTCCTTTTGTTTTTTTTCCCAGCG\nATCTTTTTGGAGGTGTCCCTTCTCCCCAGAAGCCCCGGCAGGAAAGTGTTGCTGGCAGGA\nGCGTCGTCTCAGCGCTCGGTGGCCAGAATGGACGGAGATGTCATCATTGGAGCCCTCTTC\nTCAGTCCATCACCAGCCTCCGGCCGAGAAAGTGCCCGAGAGGAAGTGTGGGGAGATCAGG\nGAGCAGTATGGCATCCAGAGGGTGGAGGCCATGTTCCACACGTTGGATAAGATCAACGCG\nGACCCGGTCCTCCTGCCCAACATCACCCTGGGCAGTGAGATCCGGGACTCCTGCTGGCAC\nTCTTCCGTGGCTCTGGAACAGAGCATTGAGTTCATTAGGGACTCTCTGATTTCCATTCGA\nGATGAGAAGGATGGGATCAACCGGTGTCTGCCTGACGGCCAGTCCCTCCCCCCAGGCAGG\nACTAAGAAGCCCATTGCGGGAGTGATCGGTCCCGGCTCCAGCTCTGTAGCCATTCAAGTG\nCAGAACCTGCTCCAGCTCTTCGACATCCCCCAGATCGCTTATTCAGCCACAAGCATCGAC\nCTGAGTGACAAAACTTTGTACAAATACTTCCTGAGGGTTGTCCCTTCTGACACTTTGCAG\nGCAAGGGCCATGCTTGACATAGTCAAACGTTACAATTGGACCTATGTCTCTGCAGTCCAC\nACGGAAGGGAATTATGGGGAGAGCGGAATGGACGCTTTCAAAGAGCTGGCTGCCCAGGAA\nGGCCTCTGTATCGCCCATTCTGACAAAATCTACAGCAACGCTGGGGAGAAGAGCTTTGAC\nCGACTCTTGCGCAAACTCCGAGAGAGGCTTCCCAAGGCTAGAGTGGTGGTCTGCTTCTGT\nGAAGGCATGACAGTGCGAGGACTCCTGAGCGCCATGCGGCGCCTTGGCGTCGTGGGCGAG\nTTCTCACTCATTGGAAGTGATGGATGGGCAGACAGAGATGAAGTCATTGAAGGTTATGAG\nGTGGAAGCCAACGGGGGAATCACGATAAAGCTGCAGTCTCCAGAGGTCAGGTCATTTGAT\nGATTATTTCCTGAAACTGAGGCTGGACACTAACACGAGGAATCCCTGGTTCCCTGAGTTC\nTGGCAACATCGGTTCCAGTGCCGCCTTCCAGGACACCTTCTGGAAAATCCCAACTTTAAA\nCGAATCTGCACAGGCAATGAAAGCTTAGAAGAAAACTATGTCCAGGACAGTAAGATGGGG\nTTTGTCATCAATGCCATCTATGCCATGGCACATGGGCTGCAGAACATGCACCATGCCCTC\nTGCCCTGGCCACGTGGGCCTCTGCGATGCCATGAAGCCCATCGACGGCAGCAAGCTGCTG\nGACTTCCTCATCAAGTCCTCATTCATTGGAGTATCTGGAGAGGAGGTGTGGTTTGATGAG\nAAAGGAGACGCTCCTGGAAGGTATGATATCATGAATCTGCAGTACACTGAAGCTAATCGC\nTATGACTATGTGCACGTTGGAACCTGGCATGAAGGAGTGCTGAACATTGATGATTACAAA\nATCCAGATGAACAAGAGTGGAGTGGTGCGGTCTGTGTGCAGTGAGCCTTGCTTAAAGGGC\nCAGATTAAGGTTATACGGAAAGGAGAAGTGAGCTGCTGCTGGATTTGCACGGCCTGCAAA\nGAGAATGAATATGTGCAAGATGAGTTCACCTGCAAAGCTTGTGACTTGGGATGGTGGCCC\nAATGCAGATCTAACAGGCTGTGAGCCCATTCCTGTGCGCTATCTTGAGTGGAGCAACATC\nGAATCCATTATAGCCATCGCCTTTTCATGCCTGGGAATCCTTGTTACCTTGTTTGTCACC\nCTAATCTTTGTACTGTACCGGGACACACCAGTGGTCAAATCCTCCAGTCGGGAGCTCTGC\nTACATCATCCTAGCTGGCATCTTCCTTGGTTATGTGTGCCCATTCACTCTCATTGCCAAA\nCCTACTACC', 'ScoreMethod': 'RLFS_UnifiedFramework_raw', 'Score': 1255.2507529345166, 'RIZ_Length': 49, 'REZ_Length': 2000, 'REZ_GC_Content': 52.75, 'Conservation_Score': 4.739716099174839, 'Conservation_P_Value': 0.009900990099009901, 'Conservation_Significance': 'high', 'Arms/Repeat Unit/Copies': 'RIZ=49;REZ=2000', 'Spacer': '', 'ML_Probability': 0.4190464024518146, 'ML_Confidence': 0.6514278414710888, 'ML_Stability': 0.13754200672107536, 'ML_Pattern_Score': 0.5, 'Enhanced_Score': 891.2469191277161}]",0.588,0.4,"This hybrid region spans multiple non-B DNA classes, indicating a potential hotspot for chromatin remodeling, replication stalling, or mutagenesis. Longer spans with diverse motif composition have higher biological impact.",,,
GRM1,Hybrid,Hybrid_Slipped DNA(1)_Z-DNA(1),3810,3824,15,GACGACGACGACGAC,2.0502560819462228,,,,Classes=2;Subtypes=2,,0.5,0.7,0.5,0.5,16.435179257362357,,,HybridOverlap_SubclassAnalysis_raw,,,,,,,,,"['Slipped DNA', 'Z-DNA']","{'Slipped DNA': 1, 'Z-DNA': 1}","{'Slipped DNA:Slipped DNA [STR]': 1, 'Z-DNA:Z-DNA': 1}",Slipped DNA [STR](1); Z-DNA(1),"[{'Sequence Name': 'GRM1', 'Class': 'Slipped DNA', 'Subtype': 'Slipped DNA [STR]', 'Start': 3810, 'End': 3824, 'Length': 15, 'Unit': 'GAC', 'Copies': 5, 'Sequence': 'GACGACGACGACGAC', 'ScoreMethod': 'STR_PerfectBlock_v1', 'Score': 10.0, 'GC_Fraction': 0.667, 'Conservation_Score': 4.251536597230235, 'Conservation_P_Value': 0.009900990099009901, 'Conservation_Significance': 'high', 'Arms/Repeat Unit/Copies': 'Unit=GAC;Copies=5', 'Spacer': '', 'ML_Probability': 1.0, 'ML_Confidence': 0.7, 'ML_Stability': 0.5, 'ML_Pattern_Score': 0.5, 'Enhanced_Score': 37.0}, {'Sequence Name': 'GRM1', 'Class': 'Z-DNA', 'Subtype': 'Z-DNA', 'Start': 3485, 'End': 4265, 'Length': 781, 'Sequence': 'GACCACTCCGCCTCTGCCGTCCCACCTGACCGCAGAGGAGACCCCCCTCTTCCTGGCCGAACCAGCCCTCCCCAAGGGCTTGCCCCCTCCTCTCCAGCAGCAGCAGCAACCCCCTCCACAGCAGAAATCGCTGATGGACCAGCTCCAGGGAGTGGTCAGCAACTTCAGTACCGCGATCCCGGATTTTCACGCGGTGCTGGCAGGCCCCGGTGGTCCCGGGAACGGGCTGCGGTCCCTGTACCCGCCCCCGCCACCTCCGCAGCACCTGCAGATGCTGCCGCTGCAGCTGAGCACCTTTGGGGAGGAGCTGGTCTCCCCGCCCGCGGACGACGACGACGACAGCGAGAGGTTTAAGCTCCTCCAGGAGTACGTGTATGAGCACGAGCGGGAAGGGAACACGGAAGAAGACGAACTGGAAGAGGAGGAGGAGGACCTGCAGGCGGCCAGCAAACTGACCCCGGATGATTCGCCTGCGCTGACGCCTCCGTCGCCTTTCCGCGACTCGGTGGCCTCGGGCAGCTCGGTGCCCAGCTCCCCCGTGTCCGAGTCGGTGCTCTGCACCCCTCCCAACGTATCCTACGCCTCTGTCATTCTGCGGGACTACAAGCAAAGCTCTTCCACCCTGTAAGGGGGAAGGGTCCACATAGAAAAGCAAGACAAGCCAGAGATCTCCCACACCTCCAGAGATGTGCAAACAGCTGGGAGGAAAAGCCTGGGAGTGGGGGGCCTCGTCGGGAGGACAGGAGACCGCTGCTGCTGCTGCCGCTACTGCTGCTGCTGC', 'ScoreMethod': 'Kadane_TransitionArray_v1', 'Score': 66.25, 'Kadane_Score': 66.25, 'Structural_Factor': 1.0, 'GC_Content': 0.647, 'GC_CG_Dinucleotides': 130, 'Conservation_Score': 0.0, 'Conservation_P_Value': 1.0, 'Conservation_Significance': '', 'Arms/Repeat Unit/Copies': '', 'Spacer': '', 'ML_Probability': 0.3578359433993237, 'ML_Confidence': 0.5504851603795266, 'ML_Stability': 0.5, 'ML_Pattern_Score': 0.2948717948717949, 'Enhanced_Score': 57.11007830197971}]",0.019,0.4,"This hybrid region spans multiple non-B DNA classes, indicating a potential hotspot for chromatin remodeling, replication stalling, or mutagenesis. Longer spans with diverse motif composition have higher biological impact.",,,
GRM1,Hybrid,Hybrid_R-loop(1)_Z-DNA(1),4199,4265,67,"GGGAGTGGGGGGCCTCGTCGGGAGGACAGGAGACCGCTGCTGCTGCTGCCGCTACTGCTG
CTGCTGC",67.98881683419744,,,,Classes=2;Subtypes=2,,0.5,0.7,0.5,0.5,62.592171783938205,,,HybridOverlap_SubclassAnalysis_raw,,,,,,,,,"['R-loop', 'Z-DNA']","{'R-loop': 1, 'Z-DNA': 1}","{'R-loop:R-loop': 1, 'Z-DNA:Z-DNA': 1}",R-loop(1); Z-DNA(1),"[{'Sequence Name': 'GRM1', 'Class': 'R-loop', 'Subtype': 'R-loop', 'Start': 4199, 'End': 4920, 'Length': 722, 'Sequence': 'GGGAGTGGGGGGCCTCGTCGGGAGGACAGGAGACCGCTGCTGCTGCTGCCGCTACTGCTG\nCTGCTGCCTTAAGTAGGAAGAGAGGGAAGGACACCAAGCAAAAAATGTTCCAGGCCAGGA\nTTCGGATTCTTGAATTACTCGAAGCCTTCTCTGGGAAGAAAGGGAATTCTGACAAAGCAC\nAATTCCATATGGTATGTAACTTTTATCACAAATCAAATAGTGACATCACAAACATAATGT\nCCTCTTTTGCACAATTGTGCATAGATATATATATGCCCACACACACTGGGCCATGCTTGC\nCAAGGAACAGCCCACGTGGACATGCCAGTCGGATCATGAGTTCACCTGATGGCATTCGGA\nGTGAGCTGGTGGAGCCAGACAGAGCAGGTGCGGGGAAGGGAAGGGCCCAGGCCAGACCCA\nTCCCAAACGGATGATGGGATGATGGGACAGCAGCTCCTTGCTCAGAAGCCCTTCTCCCCG\nCTGGGCTGACAGACTCCTCATCTTCAGGAGACTCAGGAATGGAGCGGCACAGGGGTCTCT\nCTTCATCCACTGCAACCCATCCAGTGCCAGCTTTGAGATTGCACTTGAAGAAAGGTGCAT\nGGACCCCCTGCTGCTCTGCAGATTCCCTTTATTTAGGAAAACAGGAATAAGAGCAAAATT\nATCACCAAAAAGTGCTTCATCAGGCGTGCTACAGGAGGAAGGAGCTAGAAATAGAACAAT\nCC', 'ScoreMethod': 'RLFS_UnifiedFramework_raw', 'Score': 499.8402553039255, 'RIZ_Length': 22, 'REZ_Length': 700, 'REZ_GC_Content': 50.142857142857146, 'Conservation_Score': 6.077653873008392, 'Conservation_P_Value': 0.009900990099009901, 'Conservation_Significance': 'high', 'Arms/Repeat Unit/Copies': 'RIZ=22;REZ=700', 'Spacer': '', 'ML_Probability': 0.2636052959984641, 'ML_Confidence': 0.5581631775990785, 'ML_Stability': 0.13147138964577657, 'ML_Pattern_Score': 0.5, 'Enhanced_Score': 357.7963375927018}, {'Sequence Name': 'GRM1', 'Class': 'Z-DNA', 'Subtype': 'Z-DNA', 'Start': 3485, 'End': 4265, 'Length': 781, 'Sequence': 'GACCACTCCGCCTCTGCCGTCCCACCTGACCGCAGAGGAGACCCCCCTCTTCCTGGCCGAACCAGCCCTCCCCAAGGGCTTGCCCCCTCCTCTCCAGCAGCAGCAGCAACCCCCTCCACAGCAGAAATCGCTGATGGACCAGCTCCAGGGAGTGGTCAGCAACTTCAGTACCGCGATCCCGGATTTTCACGCGGTGCTGGCAGGCCCCGGTGGTCCCGGGAACGGGCTGCGGTCCCTGTACCCGCCCCCGCCACCTCCGCAGCACCTGCAGATGCTGCCGCTGCAGCTGAGCACCTTTGGGGAGGAGCTGGTCTCCCCGCCCGCGGACGACGACGACGACAGCGAGAGGTTTAAGCTCCTCCAGGAGTACGTGTATGAGCACGAGCGGGAAGGGAACACGGAAGAAGACGAACTGGAAGAGGAGGAGGAGGACCTGCAGGCGGCCAGCAAACTGACCCCGGATGATTCGCCTGCGCTGACGCCTCCGTCGCCTTTCCGCGACTCGGTGGCCTCGGGCAGCTCGGTGCCCAGCTCCCCCGTGTCCGAGTCGGTGCTCTGCACCCCTCCCAACGTATCCTACGCCTCTGTCATTCTGCGGGACTACAAGCAAAGCTCTTCCACCCTGTAAGGGGGAAGGGTCCACATAGAAAAGCAAGACAAGCCAGAGATCTCCCACACCTCCAGAGATGTGCAAACAGCTGGGAGGAAAAGCCTGGGAGTGGGGGGCCTCGTCGGGAGGACAGGAGACCGCTGCTGCTGCTGCCGCTACTGCTGCTGCTGC', 'ScoreMethod': 'Kadane_TransitionArray_v1', 'Score': 66.25, 'Kadane_Score': 66.25, 'Structural_Factor': 1.0, 'GC_Content': 0.647, 'GC_CG_Dinucleotides': 130, 'Conservation_Score': 0.0, 'Conservation_P_Value': 1.0, 'Conservation_Significance': '', 'Arms/Repeat Unit/Copies': '', 'Spacer': '', 'ML_Probability': 0.3578359433993237, 'ML_Confidence': 0.5504851603795266, 'ML_Stability': 0.5, 'ML_Pattern_Score': 0.2948717948717949, 'Enhanced_Score': 57.11007830197971}]",0.086,0.4,"This hybrid region spans multiple non-B DNA classes, indicating a potential hotspot for chromatin remodeling, replication stalling, or mutagenesis. Longer spans with diverse motif composition have higher biological impact.",,,
GRM1,Hybrid,Hybrid_G-Quadruplex Family(1)_R-loop(2),4590,4644,55,GGGGAAGGGAAGGGCCCAGGCCAGACCCATCCCAAACGGATGATGGGATGATGGG,86.47347669248268,,,,Classes=2;Subtypes=2,,0.5,0.7,0.5,0.5,75.53143368473786,,,HybridOverlap_SubclassAnalysis_raw,,,,,,,,,"['G-Quadruplex Family', 'R-loop']","{'R-loop': 2, 'G-Quadruplex Family': 1}","{'R-loop:R-loop': 2, 'G-Quadruplex Family:Bipartite G4': 1}",Bipartite G4(1); R-loop(2),"[{'Sequence Name': 'GRM1', 'Class': 'R-loop', 'Subtype': 'R-loop', 'Start': 4199, 'End': 4920, 'Length': 722, 'Sequence': 'GGGAGTGGGGGGCCTCGTCGGGAGGACAGGAGACCGCTGCTGCTGCTGCCGCTACTGCTG\nCTGCTGCCTTAAGTAGGAAGAGAGGGAAGGACACCAAGCAAAAAATGTTCCAGGCCAGGA\nTTCGGATTCTTGAATTACTCGAAGCCTTCTCTGGGAAGAAAGGGAATTCTGACAAAGCAC\nAATTCCATATGGTATGTAACTTTTATCACAAATCAAATAGTGACATCACAAACATAATGT\nCCTCTTTTGCACAATTGTGCATAGATATATATATGCCCACACACACTGGGCCATGCTTGC\nCAAGGAACAGCCCACGTGGACATGCCAGTCGGATCATGAGTTCACCTGATGGCATTCGGA\nGTGAGCTGGTGGAGCCAGACAGAGCAGGTGCGGGGAAGGGAAGGGCCCAGGCCAGACCCA\nTCCCAAACGGATGATGGGATGATGGGACAGCAGCTCCTTGCTCAGAAGCCCTTCTCCCCG\nCTGGGCTGACAGACTCCTCATCTTCAGGAGACTCAGGAATGGAGCGGCACAGGGGTCTCT\nCTTCATCCACTGCAACCCATCCAGTGCCAGCTTTGAGATTGCACTTGAAGAAAGGTGCAT\nGGACCCCCTGCTGCTCTGCAGATTCCCTTTATTTAGGAAAACAGGAATAAGAGCAAAATT\nATCACCAAAAAGTGCTTCATCAGGCGTGCTACAGGAGGAAGGAGCTAGAAATAGAACAAT\nCC', 'ScoreMethod': 'RLFS_UnifiedFramework_raw', 'Score': 499.8402553039255, 'RIZ_Length': 22, 'REZ_Length': 700, 'REZ_GC_Content': 50.142857142857146, 'Conservation_Score': 6.077653873008392, 'Conservation_P_Value': 0.009900990099009901, 'Conservation_Significance': 'high', 'Arms/Repeat Unit/Copies': 'RIZ=22;REZ=700', 'Spacer': '', 'ML_Probability': 0.2636052959984641, 'ML_Confidence': 0.5581631775990785, 'ML_Stability': 0.13147138964577657, 'ML_Pattern_Score': 0.5, 'Enhanced_Score': 357.7963375927018}, {'Sequence Name': 'GRM1', 'Class': 'R-loop', 'Subtype': 'R-loop', 'Start': 4590, 'End': 4928, 'Length': 339, 'Sequence': 'GGGGAAGGGAAGGGCCCAGGCCAGACCCATCCCAAACGGATGATGGGATGATGGGACAGC\nAGCTCCTTGCTCAGAAGCCCTTCTCCCCGCTGGGCTGACAGACTCCTCATCTTCAGGAGA\nCTCAGGAATGGAGCGGCACAGGGGTCTCTCTTCATCCACTGCAACCCATCCAGTGCCAGC\nTTTGAGATTGCACTTGAAGAAAGGTGCATGGACCCCCTGCTGCTCTGCAGATTCCCTTTA\nTTTAGGAAAACAGGAATAAGAGCAAAATTATCACCAAAAAGTGCTTCATCAGGCGTGCTA\nCAGGAGGAAGGAGCTAGAAATAGAACAATCCATCAGCAT', 'ScoreMethod': 'RLFS_UnifiedFramework_raw', 'Score': 208.06388626069693, 'RIZ_Length': 14, 'REZ_Length': 325, 'REZ_GC_Content': 51.38461538461539, 'Conservation_Score': 7.530195059833366, 'Conservation_P_Value': 0.009900990099009901, 'Conservation_Significance': 'high', 'Arms/Repeat Unit/Copies': 'RIZ=14;REZ=325', 'Spacer': '', 'ML_Probability': 0.17232558139534887, 'ML_Confidence': 0.5033953488372094, 'ML_Stability': 0.12790697674418605, 'ML_Pattern_Score': 0.5, 'Enhanced_Score': 150.8144878243483}, {'Sequence Name': 'GRM1', 'Class': 'G-Quadruplex Family', 'Subtype': 'Bipartite G4', 'Start': 4590, 'End': 4644, 'Length': 55, 'Sequence': 'GGGGAAGGGAAGGGCCCAGGCCAGACCCATCCCAAACGGATGATGGGATGATGGG', 'ScoreMethod': 'G4Hunter_Exact', 'Score': 1.5714285714285714, 'G4Hunter_Score': 1.5714285714285714, 'Structural_Factor': 1.0, 'Formation_Category': 'High Formation Potential', 'Conservation_Score': 7.084418552164247, 'Conservation_P_Value': 0.009900990099009901, 'Priority': 2, 'Arms/Repeat Unit/Copies': '', 'Spacer': '', 'ML_Probability': 0.5, 'ML_Confidence': 0.7, 'ML_Stability': 0.5, 'ML_Pattern_Score': 0.5, 'Enhanced_Score': 16.1}]",0.076,0.6,"This hybrid region spans multiple non-B DNA classes, indicating a potential hotspot for chromatin remodeling, replication stalling, or mutagenesis. Longer spans with diverse motif composition have higher biological impact.",,,
GRM1,G-Quadruplex Family,Bipartite G4,4590,4644,55,GGGGAAGGGAAGGGCCCAGGCCAGACCCATCCCAAACGGATGATGGGATGATGGG,1.5714285714285714,7.084418552164247,0.009900990099009901,,,,0.5,0.7,0.5,0.5,16.1,,,G4Hunter_Exact,,,,,,1.0,,,,,,,,,,,1.5714285714285714,High Formation Potential,2.0
GRM1,G-Quadruplex Family,Bulged G4,4203,4240,38,GTGGGGGGCCTCGTCGGGAGGACAGGAGACCGCTGCTG,1.2307692307692308,7.228800777145161,0.009900990099009901,,,,0.5,0.7,0.5,0.5,15.861538461538462,,,G4Hunter_Exact,,,,,,1.0,,,,,,,,,,,1.2307692307692308,Moderate Formation Potential,3.0
