Sequence Name,Class,Subtype,Start,End,Length,Sequence,Score,Conservation_Score,Conservation_P_Value,Conservation_Significance,Arms/Repeat Unit/Copies,Spacer,ML_Probability,ML_Confidence,ML_Stability,ML_Pattern_Score,Enhanced_Score,Unit,Copies,ScoreMethod,GC_Fraction,RIZ_Length,REZ_Length,REZ_GC_Content,AC_Fraction,A_Fraction,C_Fraction,A3_Runs,C3_Runs,Structural_Factor,Pattern_Type,Kadane_Score,GC_Content,GC_CG_Dinucleotides,Repeat_Count,Repeat_Unit,Clinical_Significance,Disease_Name,Gene_Symbol,Inheritance_Pattern,Normal_Range,Pathogenic_Threshold,Risk_Score,Instability_Score,Population_Percentile,Clinical_Features,PMID_References,Therapeutic_Target,Genetic_Counseling,Structural_Impact,MotifClasses,ClassBreakdown,SubclassBreakdown,SubclassDetail,ContributingMotifs,OverlapDegree,InteractionStrength,Annotation,G4Hunter_Score,Formation_Category,Priority
HMGB3,Curved DNA,Local curvature (long A-tract),3501,3515,15,TTTTTTTTTTTTTTT,31.93649167310371,0.0,1.0,not significant,,,0.5,0.7,0.5,0.5,37.355544171172596,,,,,,,,,,,,,,,,,,,,,,,,,,,,,,,,,,,,,,,,,,,,
HMGB3,Curved DNA,Local curvature (long A-tract),1507,1518,12,TTTTTTTTTTTT,25.73205080756888,0.0,1.0,not significant,,,0.5,0.7,0.5,0.5,33.01243556529822,,,,,,,,,,,,,,,,,,,,,,,,,,,,,,,,,,,,,,,,,,,,
HMGB3,Curved DNA,Local curvature (long A-tract),1654,1661,8,TTTTTTTT,17.414213562373096,0.0,1.0,not significant,,,0.5,0.7,0.5,0.5,27.189949493661167,,,,,,,,,,,,,,,,,,,,,,,,,,,,,,,,,,,,,,,,,,,,
HMGB3,Curved DNA,Local curvature (long A-tract),2263,2269,7,TTTTTTT,15.322875655532295,0.0,1.0,not significant,,,0.5,0.7,0.5,0.5,25.726012958872605,,,,,,,,,,,,,,,,,,,,,,,,,,,,,,,,,,,,,,,,,,,,
HMGB3,Slipped DNA,Slipped DNA [STR],65,119,55,CCGCCGCCGCCGCCGCCGCCGCCGCCGCCGCCGCCGCCGCCGCCGCCGCCGCCGC,16.5,5.528377615204832,0.009900990099009901,high,Unit=CCG;Copies=18,,0.9818181818181818,0.7,0.5,0.5,41.00454545454545,CCG,18.0,STR_PerfectBlock_v1,1.0,,,,,,,,,,,,,,,,,,,,,,,,,,,,,,,,,,,,,,,,
HMGB3,Slipped DNA,Slipped DNA [STR],3501,3515,15,TTTTTTTTTTTTTTT,16.0,0.0,1.0,not significant,Unit=T;Copies=15,,1.0,0.7,0.5,0.5,41.2,T,15.0,STR_PerfectBlock_v1,0.0,,,,,,,,,,,,,,,,,,,,,,,,,,,,,,,,,,,,,,,,
HMGB3,Slipped DNA,Slipped DNA [STR],836,858,23,GAGGAGGAGGAGGAGGAGGAGGA,13.0,2.9030985243873983,0.009900990099009901,high,Unit=GAG;Copies=7,,0.9130434782608695,0.7,0.5,0.5,36.49130434782609,GAG,7.0,STR_PerfectBlock_v1,0.667,,,,,,,,,,,,,,,,,,,,,,,,,,,,,,,,,,,,,,,,
HMGB3,R-loop,R-loop,2223,2903,181,"GGGTATGTGGGATGGGGTGGTGGGGTAGGGGCACTGTTGAGAAACTTGCATGTCTGGAGG
CGGTGTCCTCTCCGCCCTGTCGGGTCCTGGATGAGTACGAGTTATGGTCACGGTCACAGC
CTGATCTCTTATGTGTTCATAGCCATTCGCTCTCCCATCAGAACTGTTTGTCCTGAATGT
G",220.21902489444736,6.360060678898225,0.009900990099009901,high,RIZ=31;REZ=150,,0.2752832674571805,0.5651699604743083,0.16304347826086957,0.5,162.41181544982857,,,RLFS_UnifiedFramework_raw,,31.0,150.0,52.0,,,,,,,,,,,,,,,,,,,,,,,,,,,,,,,,,,,,,
HMGB3,R-loop,R-loop,2236,2903,168,"GGGGTGGTGGGGTAGGGGCACTGTTGAGAAACTTGCATGTCTGGAGGCGGTGTCCTCTCC
GCCCTGTCGGGTCCTGGATGAGTACGAGTTATGGTCACGGTCACAGCCTGATCTCTTATG
TGTTCATAGCCATTCGCTCTCCCATCAGAACTGTTTGTCCTGAATGTG",161.4878839834545,7.440315246295811,0.009900990099009901,high,RIZ=18;REZ=150,,0.22557544757033252,0.5353452685421995,0.15588235294117647,0.5,119.80878221552813,,,RLFS_UnifiedFramework_raw,,18.0,150.0,52.0,,,,,,,,,,,,,,,,,,,,,,,,,,,,,,,,,,,,,
HMGB3,R-loop,R-loop,2521,2906,161,"GGGGTGAGGGGTGTTGAGAAACTTGCATGTCTGGAGGCGGTGTCCTCTCCGCCCTGTCGG
GTCCTGGATGAGTACGAGTTATGGTCACGGTCACAGCCTGATCTCTTATGTGTTCATAGC
CATTCGCTCTCCCATCAGAACTGTTTGTCCTGAATGTGTTC",124.57826111696089,7.544310949813752,0.009900990099009901,high,RIZ=11;REZ=150,,0.18430303894992156,0.510581823369953,0.147239263803681,0.5,92.73387395037027,,,RLFS_UnifiedFramework_raw,,11.0,150.0,51.33333333333333,,,,,,,,,,,,,,,,,,,,,,,,,,,,,,,,,,,,,
HMGB3,i-motif family,AC-motif,2282,2297,16,AAACACCAAACACCCC,10.3,0.8544478578000742,0.009900990099009901,low,A3=2;C3=1,,0.5,0.7,0.5,0.5,22.21,,,AC_UnifiedFramework_raw,,,,,1.0,0.5,0.5,2.0,1.0,1.0,AC-core,,,,,,,,,,,,,,,,,,,,,,,,,,,,,,
HMGB3,Z-DNA,Z-DNA,1,172,172,GCGCGTCGTGCCCTGCGCTGCCCAGACTAGCGAACAATACAGGTACGTCTCGCACCGCCCGCTCCCGCCGCCGCCGCCGCCGCCGCCGCCGCCGCCGCCGCCGCCGCCGCCGCCGCCGCAGCGCCCGCACAACTTTCCGGCCCGCGCCGCCGTGAGCGCGCCCTGCCGCCGC,296.0,0.0,1.0,,,,0.6111587107303142,0.72781109751122,0.5,0.5321637426900585,225.53476132190943,,,Kadane_TransitionArray_v1,,,,,,,,,,1.0,,296.0,0.82,79.0,,,,,,,,,,,,,,,,,,,,,,,,,,,
HMGB3,Disease-Associated Motif,"heterotaxy/VACTERL,_OAVS_repeat",67,117,51,GCCGCCGCCGCCGCCGCCGCCGCCGCCGCCGCCGCCGCCGCCGCCGCCGCC,100.0,53.333333333333336,,,,,0.5,0.7,0.5,0.5,85.0,,,Disease_Associated_Clinical_Classification,,,,,,,,,,,,,,,17.0,GCC,Pathogenic,"heterotaxy/VACTERL, OAVS",PHMX1,XL,0-10,11.0,100.0,55.1,50.0,Heterotaxy; VACTERL association; OAVS,30467084; 31234568; 32345679,No specific targets identified,"Pathogenic variant - confirm diagnosis, family screening recommended, XL inheritance",Minimal structural impact predicted,,,,,,,,,,,
HMGB3,Hybrid,Hybrid_Slipped DNA(1)_Z-DNA(1),65,119,55,CCGCCGCCGCCGCCGCCGCCGCCGCCGCCGCCGCCGCCGCCGCCGCCGCCGCCGC,139.89825581395348,,,,Classes=2;Subtypes=2,,0.5,0.7,0.5,0.5,112.92877906976743,,,HybridOverlap_SubclassAnalysis_raw,,,,,,,,,,,,,,,,,,,,,,,,,,,,,,,"['Slipped DNA', 'Z-DNA']","{'Z-DNA': 1, 'Slipped DNA': 1}","{'Z-DNA:Z-DNA': 1, 'Slipped DNA:Slipped DNA [STR]': 1}",Slipped DNA [STR](1); Z-DNA(1),"[{'Sequence Name': 'HMGB3', 'Class': 'Z-DNA', 'Subtype': 'Z-DNA', 'Start': 1, 'End': 172, 'Length': 172, 'Sequence': 'GCGCGTCGTGCCCTGCGCTGCCCAGACTAGCGAACAATACAGGTACGTCTCGCACCGCCCGCTCCCGCCGCCGCCGCCGCCGCCGCCGCCGCCGCCGCCGCCGCCGCCGCCGCCGCCGCAGCGCCCGCACAACTTTCCGGCCCGCGCCGCCGTGAGCGCGCCCTGCCGCCGC', 'ScoreMethod': 'Kadane_TransitionArray_v1', 'Score': 296.0, 'Kadane_Score': 296.0, 'Structural_Factor': 1.0, 'GC_Content': 0.82, 'GC_CG_Dinucleotides': 79, 'Conservation_Score': 0.0, 'Conservation_P_Value': 1.0, 'Conservation_Significance': '', 'Arms/Repeat Unit/Copies': '', 'Spacer': '', 'ML_Probability': 0.6111587107303142, 'ML_Confidence': 0.72781109751122, 'ML_Stability': 0.5, 'ML_Pattern_Score': 0.5321637426900585, 'Enhanced_Score': 225.53476132190943}, {'Sequence Name': 'HMGB3', 'Class': 'Slipped DNA', 'Subtype': 'Slipped DNA [STR]', 'Start': 65, 'End': 119, 'Length': 55, 'Unit': 'CCG', 'Copies': 18, 'Sequence': 'CCGCCGCCGCCGCCGCCGCCGCCGCCGCCGCCGCCGCCGCCGCCGCCGCCGCCGC', 'ScoreMethod': 'STR_PerfectBlock_v1', 'Score': 16.5, 'GC_Fraction': 1.0, 'Conservation_Score': 5.528377615204832, 'Conservation_P_Value': 0.009900990099009901, 'Conservation_Significance': 'high', 'Arms/Repeat Unit/Copies': 'Unit=CCG;Copies=18', 'Spacer': '', 'ML_Probability': 0.9818181818181818, 'ML_Confidence': 0.7, 'ML_Stability': 0.5, 'ML_Pattern_Score': 0.5, 'Enhanced_Score': 41.00454545454545}]",0.32,0.4,"This hybrid region spans multiple non-B DNA classes, indicating a potential hotspot for chromatin remodeling, replication stalling, or mutagenesis. Longer spans with diverse motif composition have higher biological impact.",,,
HMGB3,Hybrid,Hybrid_R-loop(2)_i-motif family(1),2236,2297,62,"GGGGTGGTGGGGTAGGGGACGGTATCCTTTTTTTGCTCCTACTTGGAAACACCAAACACC
CC",214.84577547341362,,,,Classes=2;Subtypes=2,,0.5,0.7,0.5,0.5,165.39204283138952,,,HybridOverlap_SubclassAnalysis_raw,,,,,,,,,,,,,,,,,,,,,,,,,,,,,,,"['R-loop', 'i-motif family']","{'R-loop': 2, 'i-motif family': 1}","{'R-loop:R-loop': 2, 'i-motif family:AC-motif': 1}",R-loop(2); AC-motif(1),"[{'Sequence Name': 'HMGB3', 'Class': 'R-loop', 'Subtype': 'R-loop', 'Start': 2223, 'End': 2903, 'Length': 181, 'Sequence': 'GGGTATGTGGGATGGGGTGGTGGGGTAGGGGCACTGTTGAGAAACTTGCATGTCTGGAGG\nCGGTGTCCTCTCCGCCCTGTCGGGTCCTGGATGAGTACGAGTTATGGTCACGGTCACAGC\nCTGATCTCTTATGTGTTCATAGCCATTCGCTCTCCCATCAGAACTGTTTGTCCTGAATGT\nG', 'ScoreMethod': 'RLFS_UnifiedFramework_raw', 'Score': 220.21902489444736, 'RIZ_Length': 31, 'REZ_Length': 150, 'REZ_GC_Content': 52.0, 'Conservation_Score': 6.360060678898225, 'Conservation_P_Value': 0.009900990099009901, 'Conservation_Significance': 'high', 'Arms/Repeat Unit/Copies': 'RIZ=31;REZ=150', 'Spacer': '', 'ML_Probability': 0.2752832674571805, 'ML_Confidence': 0.5651699604743083, 'ML_Stability': 0.16304347826086957, 'ML_Pattern_Score': 0.5, 'Enhanced_Score': 162.41181544982857}, {'Sequence Name': 'HMGB3', 'Class': 'R-loop', 'Subtype': 'R-loop', 'Start': 2236, 'End': 2903, 'Length': 168, 'Sequence': 'GGGGTGGTGGGGTAGGGGCACTGTTGAGAAACTTGCATGTCTGGAGGCGGTGTCCTCTCC\nGCCCTGTCGGGTCCTGGATGAGTACGAGTTATGGTCACGGTCACAGCCTGATCTCTTATG\nTGTTCATAGCCATTCGCTCTCCCATCAGAACTGTTTGTCCTGAATGTG', 'ScoreMethod': 'RLFS_UnifiedFramework_raw', 'Score': 161.4878839834545, 'RIZ_Length': 18, 'REZ_Length': 150, 'REZ_GC_Content': 52.0, 'Conservation_Score': 7.440315246295811, 'Conservation_P_Value': 0.009900990099009901, 'Conservation_Significance': 'high', 'Arms/Repeat Unit/Copies': 'RIZ=18;REZ=150', 'Spacer': '', 'ML_Probability': 0.22557544757033252, 'ML_Confidence': 0.5353452685421995, 'ML_Stability': 0.15588235294117647, 'ML_Pattern_Score': 0.5, 'Enhanced_Score': 119.80878221552813}, {'Sequence Name': 'HMGB3', 'Class': 'i-motif family', 'Subtype': 'AC-motif', 'Start': 2282, 'End': 2297, 'Length': 16, 'Sequence': 'AAACACCAAACACCCC', 'ScoreMethod': 'AC_UnifiedFramework_raw', 'Score': 10.3, 'AC_Fraction': 1.0, 'A_Fraction': 0.5, 'C_Fraction': 0.5, 'A3_Runs': 2, 'C3_Runs': 1, 'Structural_Factor': 1.0, 'Pattern_Type': 'AC-core', 'Conservation_Score': 0.8544478578000742, 'Conservation_P_Value': 0.009900990099009901, 'Conservation_Significance': 'low', 'Arms/Repeat Unit/Copies': 'A3=2;C3=1', 'Spacer': '', 'ML_Probability': 0.5, 'ML_Confidence': 0.7, 'ML_Stability': 0.5, 'ML_Pattern_Score': 0.5, 'Enhanced_Score': 22.21}]",0.343,0.6,"This hybrid region spans multiple non-B DNA classes, indicating a potential hotspot for chromatin remodeling, replication stalling, or mutagenesis. Longer spans with diverse motif composition have higher biological impact.",,,
HMGB3,Hybrid,Hybrid_Curved DNA(1)_Slipped DNA(1),3501,3515,15,TTTTTTTTTTTTTTT,67.11108834234518,,,,Classes=2;Subtypes=2,,0.5,0.7,0.5,0.5,61.97776183964162,,,HybridOverlap_SubclassAnalysis_raw,,,,,,,,,,,,,,,,,,,,,,,,,,,,,,,"['Curved DNA', 'Slipped DNA']","{'Curved DNA': 1, 'Slipped DNA': 1}","{'Curved DNA:Local curvature (long A-tract)': 1, 'Slipped DNA:Slipped DNA [STR]': 1}",Local curvature (long A-tract)(1); Slipped DNA [STR](1),"[{'Sequence Name': 'HMGB3', 'Class': 'Curved DNA', 'Subtype': 'Local curvature (long A-tract)', 'Start': 3501, 'End': 3515, 'Length': 15, 'Sequence': 'TTTTTTTTTTTTTTT', 'Score': 31.93649167310371, 'Conservation_Score': 0.0, 'Conservation_P_Value': 1.0, 'Conservation_Significance': 'not significant', 'Arms/Repeat Unit/Copies': '', 'Spacer': '', 'ML_Probability': 0.5, 'ML_Confidence': 0.7, 'ML_Stability': 0.5, 'ML_Pattern_Score': 0.5, 'Enhanced_Score': 37.355544171172596}, {'Sequence Name': 'HMGB3', 'Class': 'Slipped DNA', 'Subtype': 'Slipped DNA [STR]', 'Start': 3501, 'End': 3515, 'Length': 15, 'Unit': 'T', 'Copies': 15, 'Sequence': 'TTTTTTTTTTTTTTT', 'ScoreMethod': 'STR_PerfectBlock_v1', 'Score': 16.0, 'GC_Fraction': 0.0, 'Conservation_Score': 0.0, 'Conservation_P_Value': 1.0, 'Conservation_Significance': 'not significant', 'Arms/Repeat Unit/Copies': 'Unit=T;Copies=15', 'Spacer': '', 'ML_Probability': 1.0, 'ML_Confidence': 0.7, 'ML_Stability': 0.5, 'ML_Pattern_Score': 0.5, 'Enhanced_Score': 41.2}]",1.0,0.4,"This hybrid region spans multiple non-B DNA classes, indicating a potential hotspot for chromatin remodeling, replication stalling, or mutagenesis. Longer spans with diverse motif composition have higher biological impact.",,,
HMGB3,G-Quadruplex Family,Bulged G4,2241,2270,30,GGTGGGGTAGGGGACGGTATCCTTTTTTTG,1.7692307692307692,6.781345417800473,0.009900990099009901,,,,0.5,0.7,0.5,0.5,16.23846153846154,,,G4Hunter_Exact,,,,,,,,,,1.0,,,,,,,,,,,,,,,,,,,,,,,,,,,,,1.7692307692307692,High Formation Potential,3.0
