Sequence Name,Class,Subtype,Start,End,Length,Sequence,Score,Conservation_Score,Conservation_P_Value,Conservation_Significance,Arms/Repeat Unit/Copies,Spacer,ML_Probability,ML_Confidence,ML_Stability,ML_Pattern_Score,Enhanced_Score,Unit,Copies,ScoreMethod,GC_Fraction,RIZ_Length,REZ_Length,REZ_GC_Content,iMotif_Mean,Structural_Factor,C_Run_Count,C_Run_Sum,C_Fraction,Loop_Lengths,Kadane_Score,GC_Content,GC_CG_Dinucleotides,Family,CGG_Repeats,G_Fraction,Repeat_Count,Repeat_Unit,Clinical_Significance,Disease_Name,Gene_Symbol,Inheritance_Pattern,Normal_Range,Pathogenic_Threshold,Risk_Score,Instability_Score,Population_Percentile,Clinical_Features,PMID_References,Therapeutic_Target,Genetic_Counseling,Structural_Impact,MotifClasses,ClassBreakdown,SubclassBreakdown,SubclassDetail,ContributingMotifs,OverlapDegree,InteractionStrength,Annotation
PHOX2B,Curved DNA,Local curvature (long A-tract),2596,2604,9,TTTTTTTTT,19.5,0.0,1.0,not significant,,,0.5,0.7,0.5,0.5,28.65,,,,,,,,,,,,,,,,,,,,,,,,,,,,,,,,,,,,,,,,,,,
PHOX2B,Curved DNA,Local curvature (long A-tract),1602,1609,8,AAAAAAAA,17.414213562373096,0.0,1.0,not significant,,,0.5,0.7,0.5,0.5,27.189949493661167,,,,,,,,,,,,,,,,,,,,,,,,,,,,,,,,,,,,,,,,,,,
PHOX2B,Curved DNA,Local curvature (long A-tract),2015,2021,7,TTTTTTT,15.322875655532295,0.0,1.0,not significant,,,0.5,0.7,0.5,0.5,25.726012958872605,,,,,,,,,,,,,,,,,,,,,,,,,,,,,,,,,,,,,,,,,,,
PHOX2B,Curved DNA,Global curvature (phased A-tracts),1499,1535,37,AAAAAAAAGACAAAAAAGTAAAAATAAAAACAAAAAA,15.083333333333332,0.39723841556854744,0.019801980198019802,not significant,Tracts=5,Spacing=6-15,0.5,0.7,0.5,0.5,25.55833333333333,,,,,,,,,,,,,,,,,,,,,,,,,,,,,,,,,,,,,,,,,,,
PHOX2B,Slipped DNA,Slipped DNA [STR],1072,1092,21,GCGGCGGCGGCGGCGGCGGCG,13.0,2.7426338611272483,0.009900990099009901,high,Unit=GCG;Copies=7,,1.0,0.7,0.5,0.5,39.1,GCG,7.0,STR_PerfectBlock_v1,1.0,,,,,,,,,,,,,,,,,,,,,,,,,,,,,,,,,,,,,,,
PHOX2B,R-loop,R-loop,787,2763,1977,"GGGGGCGGCGGGGCCCGGGGGCCCGGGAGGCGAACCCGGCAAGGGCGGCGCAGCAGCAGC
GGCGGCGGCCGCGGCAGCGGCGGCGGCGGCAGCGGCAGCGGCGGCAGCTGGAGGCCTGGC
TGCGGCTGGGGGCCCTGGACAAGGCTGGGCTCCCGGCCCCGGCCCCATCACCTCCATCCC
GGATTCGCTTGGGGGTCCCTTCGCCAGCGTCCTATCTTCGCTCCAAAGACCCAACGGTGC
CAAAGCCGCCTTAGTGAAGAGCAGTATGTTCTGATCTGGAATCCTGCGGCGGCGGCGGCG
GCGGCGACAGCGGGCGAGCCAGGGCCCGGGCGGGCGAGTGGGCGAGCGGGTAGGCCCAAG
GCTATTGTCGTCGCTGCTGCCATGGCTTTTTCATTGAGGGCCTAAAGTAATCGCGCTAAG
AATAAAGGGAAAACGGCGTCGCCCTCATTTCAACCCCACTCCTACCCCCTTCCTCAACCC
CCAAACAAAACAAACAAACTTCCCTGGCTTCGCACCTGCCTGGGGCCTCGCAGCGGGGCC
AGGGCTCCGCCTGCTGATCGGGGGTTGTGAGCAGCGCGGCCTGGACGCGGGGCACTCTCA
GGGGGCTGTGTCTGCGTGTCAGTTTGTGTCTGTCTCGGGGAATGTGTGTCTGTGGCCCAA
GCAGGTGACAGGAAGAGATGGGGGGCCTCAACCAACTTAGTGACTTGTTTAGAAAAAAAA
GACAAAAAAGTAAAAATAAAAACAAAAAAGTTGGAAGGCAGAAACCATTAAAAAACAAAA
AGCCAACAACCCAGAAAGGTTTAAAAAACATAAGGAAAAAAAAGACAAATTAAAGGAGGG
GCTAGGGGAGAAGCTGCAGCTGGAGCTGAAGGCTCGATCTTGTGAACCCCTAAATCCGCT
CCCTCCTAACAGCACGGATTCTCTTGGGGCTCTTCTTCAGGGAAGAGTAGGGACGCCGTT
CCAGCCCCCCTTCCTATCGTGTCCTTGGGTTCGGGTCACTGCGGCGACGACTTGCTCAGA
CTGTCCCGGCGGCCGGAGTGACTTTCTCGCACCCCCTTGCCTGTCCCACCTCGCTGAACA
CCATCCCGCCATTAGCGCATCGGAACCCCACACAGTTGCAACTCCCAACCCCGAATCTTT
GCAGCCGTTCGGCCCTGAAAGATGCCCTATCCATGAGATGCCTTTTCATCTGCAAACTCT
GCAAAATGTGTCTCATGTTTCGCAACTCTTTTTTTCCCCCTCGCTCCCGCCTACCCCGTC
GGCATTTTCTTCTTCCACCAGCTTTTACTGAACTTTTTGGCACTGCTTTGGATTGGGGTC
AATTGCAGTCCACGTAACTGGCTGCAGAGAAATCTACCGAGCAAGGAAAAGGCACACACA
CACGTTTGCAGGGGTGTCTCGGTTTGCATTTCTGTTGGAATGATCCGAACTGGACTCACA
TCCTGTATGGTGGATGGACTGTATATTGAGGGTTCCATTCTTCGCGCAGTTTAGACATCT
CTGTTTTGATTCTTTGTTGTTGTTTTTATTTTAAAAGGCACAAACTCTAGATATTAGTTG
AATGTTGAGGCTTTAACTTTTTCGGTGTCTTTCTACAACTGTGTTCTGTGACTCAATTGT
ATCGTGTTAATATCAGTGCAGACTGTCTCCTCTACGTGACCGTATAATGTTTTTCTCTTC
TTGTAGTCTCTATGGCGTGTCTTTATGGTGTAATAAGGTTCTCACGGGTTCAATCTTTTG
TGTTTAGAGAGGCCACGGTTCAGACAATGGTATATATTTTTGTTATCAGGTGCATGTCTG
TCTGATTTCTTTTTTTTTCCTGTTGGACTATGTTTGTGAACATAATTGTCATAAGTTATG
TTTCAGATTTTTGAATTTATTTATATGTGTTATAATGAATGCTTCTATTTAAAAGGGAAA
TATTTCTACATGTGCATATAGTTTTCCAAGAGTGTACCATTAACTTGATTGTTGATA",1482.3607825830948,4.972203835069788,0.009900990099009901,high,RIZ=27;REZ=1950,,0.47272515866102544,0.6836350951966153,0.13016426082628174,0.5,1051.834302567997,,,RLFS_UnifiedFramework_raw,,27.0,1950.0,51.12820512820513,,,,,,,,,,,,,,,,,,,,,,,,,,,,,,,,,,,,
PHOX2B,R-loop,R-loop,1098,2436,1339,"GGGCGAGCCAGGGCCCGGGCGGGCGAGTGGGCGAGCGGGTAGGCCCAAGGCTATTGTCGT
CGCTGCTGCCATGGCTTTTTCATTGAGGGCCTAAAGTAATCGCGCTAAGAATAAAGGGAA
AACGGCGTCGCCCTCATTTCAACCCCACTCCTACCCCCTTCCTCAACCCCCAAACAAAAC
AAACAAACTTCCCTGGCTTCGCACCTGCCTGGGGCCTCGCAGCGGGGCCAGGGCTCCGCC
TGCTGATCGGGGGTTGTGAGCAGCGCGGCCTGGACGCGGGGCACTCTCAGGGGGCTGTGT
CTGCGTGTCAGTTTGTGTCTGTCTCGGGGAATGTGTGTCTGTGGCCCAAGCAGGTGACAG
GAAGAGATGGGGGGCCTCAACCAACTTAGTGACTTGTTTAGAAAAAAAAGACAAAAAAGT
AAAAATAAAAACAAAAAAGTTGGAAGGCAGAAACCATTAAAAAACAAAAAGCCAACAACC
CAGAAAGGTTTAAAAAACATAAGGAAAAAAAAGACAAATTAAAGGAGGGGCTAGGGGAGA
AGCTGCAGCTGGAGCTGAAGGCTCGATCTTGTGAACCCCTAAATCCGCTCCCTCCTAACA
GCACGGATTCTCTTGGGGCTCTTCTTCAGGGAAGAGTAGGGACGCCGTTCCAGCCCCCCT
TCCTATCGTGTCCTTGGGTTCGGGTCACTGCGGCGACGACTTGCTCAGACTGTCCCGGCG
GCCGGAGTGACTTTCTCGCACCCCCTTGCCTGTCCCACCTCGCTGAACACCATCCCGCCA
TTAGCGCATCGGAACCCCACACAGTTGCAACTCCCAACCCCGAATCTTTGCAGCCGTTCG
GCCCTGAAAGATGCCCTATCCATGAGATGCCTTTTCATCTGCAAACTCTGCAAAATGTGT
CTCATGTTTCGCAACTCTTTTTTTCCCCCTCGCTCCCGCCTACCCCGTCGGCATTTTCTT
CTTCCACCAGCTTTTACTGAACTTTTTGGCACTGCTTTGGATTGGGGTCAATTGCAGTCC
ACGTAACTGGCTGCAGAGAAATCTACCGAGCAAGGAAAAGGCACACACACACGTTTGCAG
GGGTGTCTCGGTTTGCATTTCTGTTGGAATGATCCGAACTGGACTCACATCCTGTATGGT
GGATGGACTGTATATTGAGGGTTCCATTCTTCGCGCAGTTTAGACATCTCTGTTTTGATT
CTTTGTTGTTGTTTTTATTTTAAAAGGCACAAACTCTAGATATTAGTTGAATGTTGAGGC
TTTAACTTTTTCGGTGTCTTTCTACAACTGTGTTCTGTGACTCAATTGTATCGTGTTAAT
ATCAGTGCAGACTGTCTCC",861.0566604677639,5.643855856321665,0.009900990099009901,high,RIZ=39;REZ=1300,,0.35786921381337256,0.6147215282880235,0.12233651726671566,0.5,613.4757387418358,,,RLFS_UnifiedFramework_raw,,39.0,1300.0,50.153846153846146,,,,,,,,,,,,,,,,,,,,,,,,,,,,,,,,,,,,
PHOX2B,R-loop,R-loop,1308,2330,1023,"GGGGCCTCGCAGCGGGGCCAGGGCTCCGCCTGCTGATCGGGGGTTGTGAGCAGCGCGGCC
TGGACGCGGGGCACTCTCAGGGGGCTGTGTCTGCGTGTCAGTTTGTGTCTGTCTCGGGGA
ATGTGTGTCTGTGGCCCAAGCAGGTGACAGGAAGAGATGGGGGGCCTCAACCAACTTAGT
GACTTGTTTAGAAAAAAAAGACAAAAAAGTAAAAATAAAAACAAAAAAGTTGGAAGGCAG
AAACCATTAAAAAACAAAAAGCCAACAACCCAGAAAGGTTTAAAAAACATAAGGAAAAAA
AAGACAAATTAAAGGAGGGGCTAGGGGAGAAGCTGCAGCTGGAGCTGAAGGCTCGATCTT
GTGAACCCCTAAATCCGCTCCCTCCTAACAGCACGGATTCTCTTGGGGCTCTTCTTCAGG
GAAGAGTAGGGACGCCGTTCCAGCCCCCCTTCCTATCGTGTCCTTGGGTTCGGGTCACTG
CGGCGACGACTTGCTCAGACTGTCCCGGCGGCCGGAGTGACTTTCTCGCACCCCCTTGCC
TGTCCCACCTCGCTGAACACCATCCCGCCATTAGCGCATCGGAACCCCACACAGTTGCAA
CTCCCAACCCCGAATCTTTGCAGCCGTTCGGCCCTGAAAGATGCCCTATCCATGAGATGC
CTTTTCATCTGCAAACTCTGCAAAATGTGTCTCATGTTTCGCAACTCTTTTTTTCCCCCT
CGCTCCCGCCTACCCCGTCGGCATTTTCTTCTTCCACCAGCTTTTACTGAACTTTTTGGC
ACTGCTTTGGATTGGGGTCAATTGCAGTCCACGTAACTGGCTGCAGAGAAATCTACCGAG
CAAGGAAAAGGCACACACACACGTTTGCAGGGGTGTCTCGGTTTGCATTTCTGTTGGAAT
GATCCGAACTGGACTCACATCCTGTATGGTGGATGGACTGTATATTGAGGGTTCCATTCT
TCGCGCAGTTTAGACATCTCTGTTTTGATTCTTTGTTGTTGTTTTTATTTTAAAAGGCAC
AAA",618.6495840337116,5.9280288390505795,0.009900990099009901,high,RIZ=23;REZ=1000,,0.2692307692307693,0.5615384615384615,0.12403846153846154,0.5,441.13163190052114,,,RLFS_UnifiedFramework_raw,,23.0,1000.0,50.3,,,,,,,,,,,,,,,,,,,,,,,,,,,,,,,,,,,,
PHOX2B,R-loop,R-loop,1712,2363,652,"GGGGCTCTTCTTCAGGGAAGAGTAGGGACGCCGTTCCAGCCCCCCTTCCTATCGTGTCCT
TGGGTTCGGGTCACTGCGGCGACGACTTGCTCAGACTGTCCCGGCGGCCGGAGTGACTTT
CTCGCACCCCCTTGCCTGTCCCACCTCGCTGAACACCATCCCGCCATTAGCGCATCGGAA
CCCCACACAGTTGCAACTCCCAACCCCGAATCTTTGCAGCCGTTCGGCCCTGAAAGATGC
CCTATCCATGAGATGCCTTTTCATCTGCAAACTCTGCAAAATGTGTCTCATGTTTCGCAA
CTCTTTTTTTCCCCCTCGCTCCCGCCTACCCCGTCGGCATTTTCTTCTTCCACCAGCTTT
TACTGAACTTTTTGGCACTGCTTTGGATTGGGGTCAATTGCAGTCCACGTAACTGGCTGC
AGAGAAATCTACCGAGCAAGGAAAAGGCACACACACACGTTTGCAGGGGTGTCTCGGTTT
GCATTTCTGTTGGAATGATCCGAACTGGACTCACATCCTGTATGGTGGATGGACTGTATA
TTGAGGGTTCCATTCTTCGCGCAGTTTAGACATCTCTGTTTTGATTCTTTGTTGTTGTTT
TTATTTTAAAAGGCACAAACTCTAGATATTAGTTGAATGTTGAGGCTTTAAC",171.8293739446092,6.761210717711234,0.009900990099009901,high,RIZ=27;REZ=625,,0.16821752265861029,0.5009305135951662,0.11027190332326284,0.5,125.32708744098473,,,RLFS_UnifiedFramework_raw,,27.0,625.0,50.4,,,,,,,,,,,,,,,,,,,,,,,,,,,,,,,,,,,,
PHOX2B,R-loop,R-loop,787,2782,1996,"GGGGGCGGCGGGGCCCGGGGGCCCGGGAGGCGAACCCGGCAAGGGCGGCGCAGCAGCAGC
GGCGGCGGCCGCGGCAGCGGCGGCGGCGGCAGCGGCAGCGGCGGCAGCTGGAGGCCTGGC
TGCGGCTGGGGGCCCTGGACAAGGCTGGGCTCCCGGCCCCGGCCCCATCACCTCCATCCC
GGATTCGCTTGGGGGTCCCTTCGCCAGCGTCCTATCTTCGCTCCAAAGACCCAACGGTGC
CAAAGCCGCCTTAGTGAAGAGCAGTATGTTCTGATCTGGAATCCTGCGGCGGCGGCGGCG
GCGGCGACAGCGGGCGAGCCAGGGCCCGGGCGGGCGAGTGGGCGAGCGGGTAGGCCCAAG
GCTATTGTCGTCGCTGCTGCCATGGCTTTTTCATTGAGGGCCTAAAGTAATCGCGCTAAG
AATAAAGGGAAAACGGCGTCGCCCTCATTTCAACCCCACTCCTACCCCCTTCCTCAACCC
CCAAACAAAACAAACAAACTTCCCTGGCTTCGCACCTGCCTGGGGCCTCGCAGCGGGGCC
AGGGCTCCGCCTGCTGATCGGGGGTTGTGAGCAGCGCGGCCTGGACGCGGGGCACTCTCA
GGGGGCTGTGTCTGCGTGTCAGTTTGTGTCTGTCTCGGGGAATGTGTGTCTGTGGCCCAA
GCAGGTGACAGGAAGAGATGGGGGGCCTCAACCAACTTAGTGACTTGTTTAGAAAAAAAA
GACAAAAAAGTAAAAATAAAAACAAAAAAGTTGGAAGGCAGAAACCATTAAAAAACAAAA
AGCCAACAACCCAGAAAGGTTTAAAAAACATAAGGAAAAAAAAGACAAATTAAAGGAGGG
GCTAGGGGAGAAGCTGCAGCTGGAGCTGAAGGCTCGATCTTGTGAACCCCTAAATCCGCT
CCCTCCTAACAGCACGGATTCTCTTGGGGCTCTTCTTCAGGGAAGAGTAGGGACGCCGTT
CCAGCCCCCCTTCCTATCGTGTCCTTGGGTTCGGGTCACTGCGGCGACGACTTGCTCAGA
CTGTCCCGGCGGCCGGAGTGACTTTCTCGCACCCCCTTGCCTGTCCCACCTCGCTGAACA
CCATCCCGCCATTAGCGCATCGGAACCCCACACAGTTGCAACTCCCAACCCCGAATCTTT
GCAGCCGTTCGGCCCTGAAAGATGCCCTATCCATGAGATGCCTTTTCATCTGCAAACTCT
GCAAAATGTGTCTCATGTTTCGCAACTCTTTTTTTCCCCCTCGCTCCCGCCTACCCCGTC
GGCATTTTCTTCTTCCACCAGCTTTTACTGAACTTTTTGGCACTGCTTTGGATTGGGGTC
AATTGCAGTCCACGTAACTGGCTGCAGAGAAATCTACCGAGCAAGGAAAAGGCACACACA
CACGTTTGCAGGGGTGTCTCGGTTTGCATTTCTGTTGGAATGATCCGAACTGGACTCACA
TCCTGTATGGTGGATGGACTGTATATTGAGGGTTCCATTCTTCGCGCAGTTTAGACATCT
CTGTTTTGATTCTTTGTTGTTGTTTTTATTTTAAAAGGCACAAACTCTAGATATTAGTTG
AATGTTGAGGCTTTAACTTTTTCGGTGTCTTTCTACAACTGTGTTCTGTGACTCAATTGT
ATCGTGTTAATATCAGTGCAGACTGTCTCCTCTACGTGACCGTATAATGTTTTTCTCTTC
TTGTAGTCTCTATGGCGTGTCTTTATGGTGTAATAAGGTTCTCACGGGTTCAATCTTTTG
TGTTTAGAGAGGCCACGGTTCAGACAATGGTATATATTTTTGTTATCAGGTGCATGTCTG
TCTGATTTCTTTTTTTTTCCTGTTGGACTATGTTTGTGAACATAATTGTCATAAGTTATG
TTTCAGATTTTTGAATTTATTTATATGTGTTATAATGAATGCTTCTATTTAAAAGGGAAA
TATTTCTACATGTGCATATAGTTTTCCAAGAGTGTACCATTAACTTGATTGTTGATAATA
AAAACAAAAAGCAAGT",1484.7792591751595,4.993392823793523,0.009900990099009901,high,RIZ=21;REZ=1975,,0.47205957200361304,0.6832357432021678,0.12937407589945787,0.5,1053.50726858272,,,RLFS_UnifiedFramework_raw,,21.0,1975.0,50.98734177215189,,,,,,,,,,,,,,,,,,,,,,,,,,,,,,,,,,,,
PHOX2B,R-loop,R-loop,1308,2349,1042,"GGGGCCTCGCAGCGGGGCCAGGGCTCCGCCTGCTGATCGGGGGTTGTGAGCAGCGCGGCC
TGGACGCGGGGCACTCTCAGGGGGCTGTGTCTGCGTGTCAGTTTGTGTCTGTCTCGGGGA
ATGTGTGTCTGTGGCCCAAGCAGGTGACAGGAAGAGATGGGGGGCCTCAACCAACTTAGT
GACTTGTTTAGAAAAAAAAGACAAAAAAGTAAAAATAAAAACAAAAAAGTTGGAAGGCAG
AAACCATTAAAAAACAAAAAGCCAACAACCCAGAAAGGTTTAAAAAACATAAGGAAAAAA
AAGACAAATTAAAGGAGGGGCTAGGGGAGAAGCTGCAGCTGGAGCTGAAGGCTCGATCTT
GTGAACCCCTAAATCCGCTCCCTCCTAACAGCACGGATTCTCTTGGGGCTCTTCTTCAGG
GAAGAGTAGGGACGCCGTTCCAGCCCCCCTTCCTATCGTGTCCTTGGGTTCGGGTCACTG
CGGCGACGACTTGCTCAGACTGTCCCGGCGGCCGGAGTGACTTTCTCGCACCCCCTTGCC
TGTCCCACCTCGCTGAACACCATCCCGCCATTAGCGCATCGGAACCCCACACAGTTGCAA
CTCCCAACCCCGAATCTTTGCAGCCGTTCGGCCCTGAAAGATGCCCTATCCATGAGATGC
CTTTTCATCTGCAAACTCTGCAAAATGTGTCTCATGTTTCGCAACTCTTTTTTTCCCCCT
CGCTCCCGCCTACCCCGTCGGCATTTTCTTCTTCCACCAGCTTTTACTGAACTTTTTGGC
ACTGCTTTGGATTGGGGTCAATTGCAGTCCACGTAACTGGCTGCAGAGAAATCTACCGAG
CAAGGAAAAGGCACACACACACGTTTGCAGGGGTGTCTCGGTTTGCATTTCTGTTGGAAT
GATCCGAACTGGACTCACATCCTGTATGGTGGATGGACTGTATATTGAGGGTTCCATTCT
TCGCGCAGTTTAGACATCTCTGTTTTGATTCTTTGTTGTTGTTTTTATTTTAAAAGGCAC
AAACTCTAGATATTAGTTGAAT",621.820685594196,5.795858806207557,0.009900990099009901,high,RIZ=17;REZ=1025,,0.2685835694050992,0.5611501416430595,0.12322946175637393,0.5,443.33198699809014,,,RLFS_UnifiedFramework_raw,,17.0,1025.0,50.048780487804876,,,,,,,,,,,,,,,,,,,,,,,,,,,,,,,,,,,,
PHOX2B,R-loop,R-loop,1375,2266,892,"GGGGCACTCTCAGGGGGCTGTGTCTGCGTGTCAGTTTGTGTCTGTCTCGGGGAATGTGTG
TCTGTGGCCCAAGCAGGTGACAGGAAGAGATGGGGGGCCTCAACCAACTTAGTGACTTGT
TTAGAAAAAAAAGACAAAAAAGTAAAAATAAAAACAAAAAAGTTGGAAGGCAGAAACCAT
TAAAAAACAAAAAGCCAACAACCCAGAAAGGTTTAAAAAACATAAGGAAAAAAAAGACAA
ATTAAAGGAGGGGCTAGGGGAGAAGCTGCAGCTGGAGCTGAAGGCTCGATCTTGTGAACC
CCTAAATCCGCTCCCTCCTAACAGCACGGATTCTCTTGGGGCTCTTCTTCAGGGAAGAGT
AGGGACGCCGTTCCAGCCCCCCTTCCTATCGTGTCCTTGGGTTCGGGTCACTGCGGCGAC
GACTTGCTCAGACTGTCCCGGCGGCCGGAGTGACTTTCTCGCACCCCCTTGCCTGTCCCA
CCTCGCTGAACACCATCCCGCCATTAGCGCATCGGAACCCCACACAGTTGCAACTCCCAA
CCCCGAATCTTTGCAGCCGTTCGGCCCTGAAAGATGCCCTATCCATGAGATGCCTTTTCA
TCTGCAAACTCTGCAAAATGTGTCTCATGTTTCGCAACTCTTTTTTTCCCCCTCGCTCCC
GCCTACCCCGTCGGCATTTTCTTCTTCCACCAGCTTTTACTGAACTTTTTGGCACTGCTT
TGGATTGGGGTCAATTGCAGTCCACGTAACTGGCTGCAGAGAAATCTACCGAGCAAGGAA
AAGGCACACACACACGTTTGCAGGGGTGTCTCGGTTTGCATTTCTGTTGGAATGATCCGA
ACTGGACTCACATCCTGTATGGTGGATGGACTGTATATTGAGGGTTCCATTC",427.36776511946425,6.335732981058136,0.009900990099009901,high,RIZ=17;REZ=875,,0.23536423841059606,0.5412185430463576,0.11920529801324503,0.5,306.21836273594283,,,RLFS_UnifiedFramework_raw,,17.0,875.0,50.05714285714286,,,,,,,,,,,,,,,,,,,,,,,,,,,,,,,,,,,,
PHOX2B,R-loop,R-loop,1624,2409,786,"GGGGCTAGGGGAGAAGCTGCAGCTGGAGCTGAAGGCTCGATCTTGTGAACCCCTAAATCC
GCTCCCTCCTAACAGCACGGATTCTCTTGGGGCTCTTCTTCAGGGAAGAGTAGGGACGCC
GTTCCAGCCCCCCTTCCTATCGTGTCCTTGGGTTCGGGTCACTGCGGCGACGACTTGCTC
AGACTGTCCCGGCGGCCGGAGTGACTTTCTCGCACCCCCTTGCCTGTCCCACCTCGCTGA
ACACCATCCCGCCATTAGCGCATCGGAACCCCACACAGTTGCAACTCCCAACCCCGAATC
TTTGCAGCCGTTCGGCCCTGAAAGATGCCCTATCCATGAGATGCCTTTTCATCTGCAAAC
TCTGCAAAATGTGTCTCATGTTTCGCAACTCTTTTTTTCCCCCTCGCTCCCGCCTACCCC
GTCGGCATTTTCTTCTTCCACCAGCTTTTACTGAACTTTTTGGCACTGCTTTGGATTGGG
GTCAATTGCAGTCCACGTAACTGGCTGCAGAGAAATCTACCGAGCAAGGAAAAGGCACAC
ACACACGTTTGCAGGGGTGTCTCGGTTTGCATTTCTGTTGGAATGATCCGAACTGGACTC
ACATCCTGTATGGTGGATGGACTGTATATTGAGGGTTCCATTCTTCGCGCAGTTTAGACA
TCTCTGTTTTGATTCTTTGTTGTTGTTTTTATTTTAAAAGGCACAAACTCTAGATATTAG
TTGAATGTTGAGGCTTTAACTTTTTCGGTGTCTTTCTACAACTGTGTTCTGTGACTCAAT
TGTATC",241.48543067220032,6.906888551792016,0.009900990099009901,high,RIZ=11;REZ=775,,0.18961201501877348,0.5137672090112642,0.11201501877346684,0.5,174.72816192110344,,,RLFS_UnifiedFramework_raw,,11.0,775.0,50.193548387096776,,,,,,,,,,,,,,,,,,,,,,,,,,,,,,,,,,,,
PHOX2B,i-motif family,Canonical i-motif,713,733,21,CCCAATCCCAACCCCACCCCC,2.3884615384615384,0.5127007025311089,0.1485148514851485,not significant,,,0.5,0.7,0.5,0.5,16.671923076923076,,,iM_Hunter_Exact,,,,,2.076923076923077,1.15,4.0,15.0,0.714,"[3, 2, 1]",,,,,,,,,,,,,,,,,,,,,,,,,,,,,,
PHOX2B,Z-DNA,Z-DNA,1,894,894,AGGCCAGTTTGGAGGCAGGCGTTGAGCTGTGCACATCTCCCCACTCCAGCCACCTTCTCCATATCCATCTTTTATTTCATTTTTCCACTTGGCTGAGCCATCCAGAACCTTTTCAATGTATAAAATGGAATATTCTTACCTCAATTCCTCTGCCTACGAGTCCTGTATGGCTGGGATGGACACCTCGAGCCTGGCTTCAGCCTATGCTGACTTCAGTTCCTGCAGCCAGGCCAGTGGCTTCCAGTATAACCCGATAAGGACCACTTTTGGGGCCACGTCCGGCTGCCCTTCCCTCACGCCGGGATCCTGCAGCCTGGGCACCCTCAGGGACCACCAGAGCAGTCCGTACGCCGCAGTTCCTTACAAACTCTTCACGGACCACGGCGGCCTCAACGAGAAGCGCAAGCAGCGGCGCATCCGCACCACTTTCACCAGTGCCCAGCTCAAAGAGCTGGAAAGGGTCTTCGCGGAGACTCACTACCCCGACATCTACACTCGGGAGGAGCTGGCCCTGAAGATCGACCTCACAGAGGCGCGAGTCCAGGTGTGGTTCCAGAACCGCCGCGCCAAGTTTCGCAAGCAGGAGCGCGCAGCGGCAGCCGCAGCGGCCGCGGCCAAGAACGGCTCCTCGGGCAAAAAGTCTGACTCTTCCAGGGACGACGAGAGCAAAGAGGCCAAGAGCACTGACCCGGACAGCACTGGGGGCCCAGGTCCCAATCCCAACCCCACCCCCAGCTGCGGGGCGAATGGAGGCGGCGGCGGCGGGCCCAGCCCGGCTGGAGCTCCGGGGGCGGCGGGGCCCGGGGGCCCGGGAGGCGAACCCGGCAAGGGCGGCGCAGCAGCAGCGGCGGCGGCCGCGGCAGCGGCGGCGGCGGCAGCGGCAGCGGCGGCAGC,200.75,0.0,1.0,,,,0.37493254770511886,0.5624527833935832,0.5,0.3258678611422172,151.77297643115355,,,Kadane_TransitionArray_v1,,,,,,1.0,,,,,200.75,0.642,177.0,,,,,,,,,,,,,,,,,,,,,,,,,,,
PHOX2B,Z-DNA,Z-DNA,894,1102,209,CTGGAGGCCTGGCTGCGGCTGGGGGCCCTGGACAAGGCTGGGCTCCCGGCCCCGGCCCCATCACCTCCATCCCGGATTCGCTTGGGGGTCCCTTCGCCAGCGTCCTATCTTCGCTCCAAAGACCCAACGGTGCCAAAGCCGCCTTAGTGAAGAGCAGTATGTTCTGATCTGGAATCCTGCGGCGGCGGCGGCGGCGGCGACAGCGGGCG,96.75,0.0,1.0,,,,0.3898532388663968,0.5728972672064777,0.5,0.3269230769230769,79.4205971659919,,,Kadane_TransitionArray_v1,,,,,,1.0,,,,,96.75,0.684,45.0,,,,,,,,,,,,,,,,,,,,,,,,,,,
PHOX2B,Z-DNA,eGZ (Extruded-G) DNA,1073,1090,18,CGGCGGCGGCGGCGGCGG,13.999999999999998,0.0,1.0,,Unit=CGG;Copies=6,,0.7529411764705882,0.8270588235294116,0.5,0.6470588235294118,32.38823529411765,,,eGZ_CGG_Expansion_v1,,,,,,1.0,,,,,,,,Double-stranded,6.0,0.667,,,,,,,,,,,,,,,,,,,,,,,,
PHOX2B,Z-DNA,eGZ (Extruded-G) DNA,754,765,12,CGGCGGCGGCGG,9.333333333333332,0.0,1.0,,Unit=CGG;Copies=4,,0.7454545454545455,0.8218181818181818,0.5,0.6363636363636364,28.896969696969695,,,eGZ_CGG_Expansion_v1,,,,,,1.0,,,,,,,,Double-stranded,4.0,0.667,,,,,,,,,,,,,,,,,,,,,,,,
PHOX2B,Z-DNA,eGZ (Extruded-G) DNA,864,875,12,CGGCGGCGGCGG,9.333333333333332,0.0,1.0,,Unit=CGG;Copies=4,,0.7454545454545455,0.8218181818181818,0.5,0.6363636363636364,28.896969696969695,,,eGZ_CGG_Expansion_v1,,,,,,1.0,,,,,,,,Double-stranded,4.0,0.667,,,,,,,,,,,,,,,,,,,,,,,,
PHOX2B,Z-DNA,eGZ (Extruded-G) DNA,846,854,9,CGGCGGCGG,6.999999999999999,0.0,1.0,,Unit=CGG;Copies=3,,0.7375,0.8162499999999999,0.5,0.625,27.025,,,eGZ_CGG_Expansion_v1,,,,,,1.0,,,,,,,,Double-stranded,3.0,0.667,,,,,,,,,,,,,,,,,,,,,,,,
PHOX2B,Disease-Associated Motif,FRA12A_repeat,754,765,12,CGGCGGCGGCGG,92.5,53.333333333333336,,,,,0.5,0.7,0.5,0.5,79.75,,,Disease_Associated_Clinical_Classification,,,,,,,,,,,,,,,,,4.0,CGG,Pathogenic,FRA12A,FRA12A,AD,0-0,1.0,92.5,51.2,7.7464788732394325,Fragile site; Chromosomal instability,30467083; 31234567; 32345678,Gene therapy; Pharmacological read-through,"Pathogenic variant - confirm diagnosis, family screening recommended, AD inheritance",Minimal structural impact predicted,,,,,,,,
PHOX2B,Disease-Associated Motif,FRA12A_repeat,846,854,9,CGGCGGCGG,90.0,53.333333333333336,,,,,0.5,0.7,0.5,0.5,78.0,,,Disease_Associated_Clinical_Classification,,,,,,,,,,,,,,,,,3.0,CGG,Pathogenic,FRA12A,FRA12A,AD,0-0,1.0,90.0,50.9,5.399061032863848,Fragile site; Chromosomal instability,30467083; 31234567; 32345678,Gene therapy; Pharmacological read-through,"Pathogenic variant - confirm diagnosis, family screening recommended, AD inheritance",Minimal structural impact predicted,,,,,,,,
PHOX2B,Disease-Associated Motif,FRA12A_repeat,864,875,12,CGGCGGCGGCGG,92.5,53.333333333333336,,,,,0.5,0.7,0.5,0.5,79.75,,,Disease_Associated_Clinical_Classification,,,,,,,,,,,,,,,,,4.0,CGG,Pathogenic,FRA12A,FRA12A,AD,0-0,1.0,92.5,51.2,7.7464788732394325,Fragile site; Chromosomal instability,30467083; 31234567; 32345678,Gene therapy; Pharmacological read-through,"Pathogenic variant - confirm diagnosis, family screening recommended, AD inheritance",Minimal structural impact predicted,,,,,,,,
PHOX2B,Disease-Associated Motif,FRA12A_repeat,1073,1090,18,CGGCGGCGGCGGCGGCGG,97.5,53.333333333333336,,,,,0.5,0.7,0.5,0.5,83.25,,,Disease_Associated_Clinical_Classification,,,,,,,,,,,,,,,,,6.0,CGG,Pathogenic,FRA12A,FRA12A,AD,0-0,1.0,97.5,51.8,12.441314553990608,Fragile site; Chromosomal instability,30467083; 31234567; 32345678,Gene therapy; Pharmacological read-through,"Pathogenic variant - confirm diagnosis, family screening recommended, AD inheritance",Minimal structural impact predicted,,,,,,,,
PHOX2B,Hybrid,Hybrid_Z-DNA(1)_i-motif family(1),713,733,21,CCCAATCCCAACCCCACCCCC,6.6803923593185335,,,,Classes=2;Subtypes=2,,0.5,0.7,0.5,0.5,19.676274651522974,,,HybridOverlap_SubclassAnalysis_raw,,,,,,,,,,,,,,,,,,,,,,,,,,,,,,,,,"['Z-DNA', 'i-motif family']","{'i-motif family': 1, 'Z-DNA': 1}","{'i-motif family:Canonical i-motif': 1, 'Z-DNA:Z-DNA': 1}",Z-DNA(1); Canonical i-motif(1),"[{'Sequence Name': 'PHOX2B', 'Class': 'i-motif family', 'Subtype': 'Canonical i-motif', 'Start': 713, 'End': 733, 'Length': 21, 'Sequence': 'CCCAATCCCAACCCCACCCCC', 'ScoreMethod': 'iM_Hunter_Exact', 'Score': 2.3884615384615384, 'iMotif_Mean': 2.076923076923077, 'Structural_Factor': 1.15, 'C_Run_Count': 4, 'C_Run_Sum': 15, 'C_Fraction': 0.714, 'Conservation_Score': 0.5127007025311089, 'Conservation_P_Value': 0.1485148514851485, 'Conservation_Significance': 'not significant', 'Loop_Lengths': [3, 2, 1], 'Arms/Repeat Unit/Copies': '', 'Spacer': '', 'ML_Probability': 0.5, 'ML_Confidence': 0.7, 'ML_Stability': 0.5, 'ML_Pattern_Score': 0.5, 'Enhanced_Score': 16.671923076923076}, {'Sequence Name': 'PHOX2B', 'Class': 'Z-DNA', 'Subtype': 'Z-DNA', 'Start': 1, 'End': 894, 'Length': 894, 'Sequence': 'AGGCCAGTTTGGAGGCAGGCGTTGAGCTGTGCACATCTCCCCACTCCAGCCACCTTCTCCATATCCATCTTTTATTTCATTTTTCCACTTGGCTGAGCCATCCAGAACCTTTTCAATGTATAAAATGGAATATTCTTACCTCAATTCCTCTGCCTACGAGTCCTGTATGGCTGGGATGGACACCTCGAGCCTGGCTTCAGCCTATGCTGACTTCAGTTCCTGCAGCCAGGCCAGTGGCTTCCAGTATAACCCGATAAGGACCACTTTTGGGGCCACGTCCGGCTGCCCTTCCCTCACGCCGGGATCCTGCAGCCTGGGCACCCTCAGGGACCACCAGAGCAGTCCGTACGCCGCAGTTCCTTACAAACTCTTCACGGACCACGGCGGCCTCAACGAGAAGCGCAAGCAGCGGCGCATCCGCACCACTTTCACCAGTGCCCAGCTCAAAGAGCTGGAAAGGGTCTTCGCGGAGACTCACTACCCCGACATCTACACTCGGGAGGAGCTGGCCCTGAAGATCGACCTCACAGAGGCGCGAGTCCAGGTGTGGTTCCAGAACCGCCGCGCCAAGTTTCGCAAGCAGGAGCGCGCAGCGGCAGCCGCAGCGGCCGCGGCCAAGAACGGCTCCTCGGGCAAAAAGTCTGACTCTTCCAGGGACGACGAGAGCAAAGAGGCCAAGAGCACTGACCCGGACAGCACTGGGGGCCCAGGTCCCAATCCCAACCCCACCCCCAGCTGCGGGGCGAATGGAGGCGGCGGCGGCGGGCCCAGCCCGGCTGGAGCTCCGGGGGCGGCGGGGCCCGGGGGCCCGGGAGGCGAACCCGGCAAGGGCGGCGCAGCAGCAGCGGCGGCGGCCGCGGCAGCGGCGGCGGCGGCAGCGGCAGCGGCGGCAGC', 'ScoreMethod': 'Kadane_TransitionArray_v1', 'Score': 200.75, 'Kadane_Score': 200.75, 'Structural_Factor': 1.0, 'GC_Content': 0.642, 'GC_CG_Dinucleotides': 177, 'Conservation_Score': 0.0, 'Conservation_P_Value': 1.0, 'Conservation_Significance': '', 'Arms/Repeat Unit/Copies': '', 'Spacer': '', 'ML_Probability': 0.37493254770511886, 'ML_Confidence': 0.5624527833935832, 'ML_Stability': 0.5, 'ML_Pattern_Score': 0.3258678611422172, 'Enhanced_Score': 151.77297643115355}]",0.023,0.4,"This hybrid region spans multiple non-B DNA classes, indicating a potential hotspot for chromatin remodeling, replication stalling, or mutagenesis. Longer spans with diverse motif composition have higher biological impact."
PHOX2B,Hybrid,Hybrid_Disease-Associated Motif(1)_Z-DNA(2),754,765,12,CGGCGGCGGCGG,6.498434004474273,,,,Classes=2;Subtypes=3,,0.5,0.7,0.5,0.5,19.548903803131992,,,HybridOverlap_SubclassAnalysis_raw,,,,,,,,,,,,,,,,,,,,,,,,,,,,,,,,,"['Disease-Associated Motif', 'Z-DNA']","{'Z-DNA': 2, 'Disease-Associated Motif': 1}","{'Z-DNA:eGZ (Extruded-G) DNA': 1, 'Disease-Associated Motif:FRA12A_repeat': 1, 'Z-DNA:Z-DNA': 1}",FRA12A_repeat(1); Z-DNA(1); eGZ (Extruded-G) DNA(1),"[{'Sequence Name': 'PHOX2B', 'Family': 'Double-stranded', 'Class': 'Z-DNA', 'Subtype': 'eGZ (Extruded-G) DNA', 'Start': 754, 'End': 765, 'Length': 12, 'Sequence': 'CGGCGGCGGCGG', 'ScoreMethod': 'eGZ_CGG_Expansion_v1', 'Score': 9.333333333333332, 'CGG_Repeats': 4, 'G_Fraction': 0.667, 'Structural_Factor': 1.0, 'Conservation_Score': 0.0, 'Conservation_P_Value': 1.0, 'Conservation_Significance': '', 'Arms/Repeat Unit/Copies': 'Unit=CGG;Copies=4', 'Spacer': '', 'ML_Probability': 0.7454545454545455, 'ML_Confidence': 0.8218181818181818, 'ML_Stability': 0.5, 'ML_Pattern_Score': 0.6363636363636364, 'Enhanced_Score': 28.896969696969695}, {'Sequence Name': 'PHOX2B', 'Class': 'Disease-Associated Motif', 'Subtype': 'FRA12A_repeat', 'Start': 754, 'End': 765, 'Sequence': 'CGGCGGCGGCGG', 'Score': 92.5, 'Length': 12, 'Repeat_Count': 4, 'Repeat_Unit': 'CGG', 'Clinical_Significance': 'Pathogenic', 'Disease_Name': 'FRA12A', 'Gene_Symbol': 'FRA12A', 'Inheritance_Pattern': 'AD', 'Normal_Range': '0-0', 'Pathogenic_Threshold': 1, 'Risk_Score': 92.5, 'Instability_Score': 51.2, 'Population_Percentile': 7.7464788732394325, 'Clinical_Features': 'Fragile site; Chromosomal instability', 'PMID_References': '30467083; 31234567; 32345678', 'Therapeutic_Target': 'Gene therapy; Pharmacological read-through', 'Genetic_Counseling': 'Pathogenic variant - confirm diagnosis, family screening recommended, AD inheritance', 'ScoreMethod': 'Disease_Associated_Clinical_Classification', 'Conservation_Score': 53.333333333333336, 'Structural_Impact': 'Minimal structural impact predicted', 'Arms/Repeat Unit/Copies': '', 'Spacer': '', 'ML_Probability': 0.5, 'ML_Confidence': 0.7, 'ML_Stability': 0.5, 'ML_Pattern_Score': 0.5, 'Enhanced_Score': 79.75}, {'Sequence Name': 'PHOX2B', 'Class': 'Z-DNA', 'Subtype': 'Z-DNA', 'Start': 1, 'End': 894, 'Length': 894, 'Sequence': 'AGGCCAGTTTGGAGGCAGGCGTTGAGCTGTGCACATCTCCCCACTCCAGCCACCTTCTCCATATCCATCTTTTATTTCATTTTTCCACTTGGCTGAGCCATCCAGAACCTTTTCAATGTATAAAATGGAATATTCTTACCTCAATTCCTCTGCCTACGAGTCCTGTATGGCTGGGATGGACACCTCGAGCCTGGCTTCAGCCTATGCTGACTTCAGTTCCTGCAGCCAGGCCAGTGGCTTCCAGTATAACCCGATAAGGACCACTTTTGGGGCCACGTCCGGCTGCCCTTCCCTCACGCCGGGATCCTGCAGCCTGGGCACCCTCAGGGACCACCAGAGCAGTCCGTACGCCGCAGTTCCTTACAAACTCTTCACGGACCACGGCGGCCTCAACGAGAAGCGCAAGCAGCGGCGCATCCGCACCACTTTCACCAGTGCCCAGCTCAAAGAGCTGGAAAGGGTCTTCGCGGAGACTCACTACCCCGACATCTACACTCGGGAGGAGCTGGCCCTGAAGATCGACCTCACAGAGGCGCGAGTCCAGGTGTGGTTCCAGAACCGCCGCGCCAAGTTTCGCAAGCAGGAGCGCGCAGCGGCAGCCGCAGCGGCCGCGGCCAAGAACGGCTCCTCGGGCAAAAAGTCTGACTCTTCCAGGGACGACGAGAGCAAAGAGGCCAAGAGCACTGACCCGGACAGCACTGGGGGCCCAGGTCCCAATCCCAACCCCACCCCCAGCTGCGGGGCGAATGGAGGCGGCGGCGGCGGGCCCAGCCCGGCTGGAGCTCCGGGGGCGGCGGGGCCCGGGGGCCCGGGAGGCGAACCCGGCAAGGGCGGCGCAGCAGCAGCGGCGGCGGCCGCGGCAGCGGCGGCGGCGGCAGCGGCAGCGGCGGCAGC', 'ScoreMethod': 'Kadane_TransitionArray_v1', 'Score': 200.75, 'Kadane_Score': 200.75, 'Structural_Factor': 1.0, 'GC_Content': 0.642, 'GC_CG_Dinucleotides': 177, 'Conservation_Score': 0.0, 'Conservation_P_Value': 1.0, 'Conservation_Significance': '', 'Arms/Repeat Unit/Copies': '', 'Spacer': '', 'ML_Probability': 0.37493254770511886, 'ML_Confidence': 0.5624527833935832, 'ML_Stability': 0.5, 'ML_Pattern_Score': 0.3258678611422172, 'Enhanced_Score': 151.77297643115355}]",0.013,0.6,"This hybrid region spans multiple non-B DNA classes, indicating a potential hotspot for chromatin remodeling, replication stalling, or mutagenesis. Longer spans with diverse motif composition have higher biological impact."
PHOX2B,Hybrid,Hybrid_Curved DNA(1)_R-loop(2),787,2604,1818,"GGGGGCGGCGGGGCCCGGGGGCCCGGGAGGCGAACCCGGCAAGGGCGGCGCAGCAGCAGC
GGCGGCGGCCGCGGCAGCGGCGGCGGCGGCAGCGGCAGCGGCGGCAGCTGGAGGCCTGGC
TGCGGCTGGGGGCCCTGGACAAGGCTGGGCTCCCGGCCCCGGCCCCATCACCTCCATCCC
GGATTCGCTTGGGGGTCCCTTCGCCAGCGTCCTATCTTCGCTCCAAAGACCCAACGGTGC
CAAAGCCGCCTTAGTGAAGAGCAGTATGTTCTGATCTGGAATCCTGCGGCGGCGGCGGCG
GCGGCGACAGCGGGCGAGCCAGGGCCCGGGCGGGCGAGTGGGCGAGCGGGTAGGCCCAAG
GCTATTGTCGTCGCTGCTGCCATGGCTTTTTCATTGAGGGCCTAAAGTAATCGCGCTAAG
AATAAAGGGAAAACGGCGTCGCCCTCATTTCAACCCCACTCCTACCCCCTTCCTCAACCC
CCAAACAAAACAAACAAACTTCCCTGGCTTCGCACCTGCCTGGGGCCTCGCAGCGGGGCC
AGGGCTCCGCCTGCTGATCGGGGGTTGTGAGCAGCGCGGCCTGGACGCGGGGCACTCTCA
GGGGGCTGTGTCTGCGTGTCAGTTTGTGTCTGTCTCGGGGAATGTGTGTCTGTGGCCCAA
GCAGGTGACAGGAAGAGATGGGGGGCCTCAACCAACTTAGTGACTTGTTTAGAAAAAAAA
GACAAAAAAGTAAAAATAAAAACAAAAAAGTTGGAAGGCAGAAACCATTAAAAAACAAAA
AGCCAACAACCCAGAAAGGTTTAAAAAACATAAGGAAAAAAAAGACAAATTAAAGGAGGG
GCTAGGGGAGAAGCTGCAGCTGGAGCTGAAGGCTCGATCTTGTGAACCCCTAAATCCGCT
CCCTCCTAACAGCACGGATTCTCTTGGGGCTCTTCTTCAGGGAAGAGTAGGGACGCCGTT
CCAGCCCCCCTTCCTATCGTGTCCTTGGGTTCGGGTCACTGCGGCGACGACTTGCTCAGA
CTGTCCCGGCGGCCGGAGTGACTTTCTCGCACCCCCTTGCCTGTCCCACCTCGCTGAACA
CCATCCCGCCATTAGCGCATCGGAACCCCACACAGTTGCAACTCCCAACCCCGAATCTTT
GCAGCCGTTCGGCCCTGAAAGATGCCCTATCCATGAGATGCCTTTTCATCTGCAAACTCT
GCAAAATGTGTCTCATGTTTCGCAACTCTTTTTTTCCCCCTCGCTCCCGCCTACCCCGTC
GGCATTTTCTTCTTCCACCAGCTTTTACTGAACTTTTTGGCACTGCTTTGGATTGGGGTC
AATTGCAGTCCACGTAACTGGCTGCAGAGAAATCTACCGAGCAAGGAAAAGGCACACACA
CACGTTTGCAGGGGTGTCTCGGTTTGCATTTCTGTTGGAATGATCCGAACTGGACTCACA
TCCTGTATGGTGGATGGACTGTATATTGAGGGTTCCATTCTTCGCGCAGTTTAGACATCT
CTGTTTTGATTCTTTGTTGTTGTTTTTATTTTAAAAGGCACAAACTCTAGATATTAGTTG
AATGTTGAGGCTTTAACTTTTTCGGTGTCTTTCTACAACTGTGTTCTGTGACTCAATTGT
ATCGTGTTAATATCAGTGCAGACTGTCTCCTCTACGTGACCGTATAATGTTTTTCTCTTC
TTGTAGTCTCTATGGCGTGTCTTTATGGTGTAATAAGGTTCTCACGGGTTCAATCTTTTG
TGTTTAGAGAGGCCACGGTTCAGACAATGGTATATATTTTTGTTATCAGGTGCATGTCTG
TCTGATTTCTTTTTTTTT",4352.474225183573,,,,Classes=2;Subtypes=2,,0.5,0.7,0.5,0.5,3061.7319576285013,,,HybridOverlap_SubclassAnalysis_raw,,,,,,,,,,,,,,,,,,,,,,,,,,,,,,,,,"['Curved DNA', 'R-loop']","{'Curved DNA': 1, 'R-loop': 2}","{'Curved DNA:Local curvature (long A-tract)': 1, 'R-loop:R-loop': 2}",Local curvature (long A-tract)(1); R-loop(2),"[{'Sequence Name': 'PHOX2B', 'Class': 'Curved DNA', 'Subtype': 'Local curvature (long A-tract)', 'Start': 2596, 'End': 2604, 'Length': 9, 'Sequence': 'TTTTTTTTT', 'Score': 19.5, 'Conservation_Score': 0.0, 'Conservation_P_Value': 1.0, 'Conservation_Significance': 'not significant', 'Arms/Repeat Unit/Copies': '', 'Spacer': '', 'ML_Probability': 0.5, 'ML_Confidence': 0.7, 'ML_Stability': 0.5, 'ML_Pattern_Score': 0.5, 'Enhanced_Score': 28.65}, {'Sequence Name': 'PHOX2B', 'Class': 'R-loop', 'Subtype': 'R-loop', 'Start': 787, 'End': 2763, 'Length': 1977, 'Sequence': 'GGGGGCGGCGGGGCCCGGGGGCCCGGGAGGCGAACCCGGCAAGGGCGGCGCAGCAGCAGC\nGGCGGCGGCCGCGGCAGCGGCGGCGGCGGCAGCGGCAGCGGCGGCAGCTGGAGGCCTGGC\nTGCGGCTGGGGGCCCTGGACAAGGCTGGGCTCCCGGCCCCGGCCCCATCACCTCCATCCC\nGGATTCGCTTGGGGGTCCCTTCGCCAGCGTCCTATCTTCGCTCCAAAGACCCAACGGTGC\nCAAAGCCGCCTTAGTGAAGAGCAGTATGTTCTGATCTGGAATCCTGCGGCGGCGGCGGCG\nGCGGCGACAGCGGGCGAGCCAGGGCCCGGGCGGGCGAGTGGGCGAGCGGGTAGGCCCAAG\nGCTATTGTCGTCGCTGCTGCCATGGCTTTTTCATTGAGGGCCTAAAGTAATCGCGCTAAG\nAATAAAGGGAAAACGGCGTCGCCCTCATTTCAACCCCACTCCTACCCCCTTCCTCAACCC\nCCAAACAAAACAAACAAACTTCCCTGGCTTCGCACCTGCCTGGGGCCTCGCAGCGGGGCC\nAGGGCTCCGCCTGCTGATCGGGGGTTGTGAGCAGCGCGGCCTGGACGCGGGGCACTCTCA\nGGGGGCTGTGTCTGCGTGTCAGTTTGTGTCTGTCTCGGGGAATGTGTGTCTGTGGCCCAA\nGCAGGTGACAGGAAGAGATGGGGGGCCTCAACCAACTTAGTGACTTGTTTAGAAAAAAAA\nGACAAAAAAGTAAAAATAAAAACAAAAAAGTTGGAAGGCAGAAACCATTAAAAAACAAAA\nAGCCAACAACCCAGAAAGGTTTAAAAAACATAAGGAAAAAAAAGACAAATTAAAGGAGGG\nGCTAGGGGAGAAGCTGCAGCTGGAGCTGAAGGCTCGATCTTGTGAACCCCTAAATCCGCT\nCCCTCCTAACAGCACGGATTCTCTTGGGGCTCTTCTTCAGGGAAGAGTAGGGACGCCGTT\nCCAGCCCCCCTTCCTATCGTGTCCTTGGGTTCGGGTCACTGCGGCGACGACTTGCTCAGA\nCTGTCCCGGCGGCCGGAGTGACTTTCTCGCACCCCCTTGCCTGTCCCACCTCGCTGAACA\nCCATCCCGCCATTAGCGCATCGGAACCCCACACAGTTGCAACTCCCAACCCCGAATCTTT\nGCAGCCGTTCGGCCCTGAAAGATGCCCTATCCATGAGATGCCTTTTCATCTGCAAACTCT\nGCAAAATGTGTCTCATGTTTCGCAACTCTTTTTTTCCCCCTCGCTCCCGCCTACCCCGTC\nGGCATTTTCTTCTTCCACCAGCTTTTACTGAACTTTTTGGCACTGCTTTGGATTGGGGTC\nAATTGCAGTCCACGTAACTGGCTGCAGAGAAATCTACCGAGCAAGGAAAAGGCACACACA\nCACGTTTGCAGGGGTGTCTCGGTTTGCATTTCTGTTGGAATGATCCGAACTGGACTCACA\nTCCTGTATGGTGGATGGACTGTATATTGAGGGTTCCATTCTTCGCGCAGTTTAGACATCT\nCTGTTTTGATTCTTTGTTGTTGTTTTTATTTTAAAAGGCACAAACTCTAGATATTAGTTG\nAATGTTGAGGCTTTAACTTTTTCGGTGTCTTTCTACAACTGTGTTCTGTGACTCAATTGT\nATCGTGTTAATATCAGTGCAGACTGTCTCCTCTACGTGACCGTATAATGTTTTTCTCTTC\nTTGTAGTCTCTATGGCGTGTCTTTATGGTGTAATAAGGTTCTCACGGGTTCAATCTTTTG\nTGTTTAGAGAGGCCACGGTTCAGACAATGGTATATATTTTTGTTATCAGGTGCATGTCTG\nTCTGATTTCTTTTTTTTTCCTGTTGGACTATGTTTGTGAACATAATTGTCATAAGTTATG\nTTTCAGATTTTTGAATTTATTTATATGTGTTATAATGAATGCTTCTATTTAAAAGGGAAA\nTATTTCTACATGTGCATATAGTTTTCCAAGAGTGTACCATTAACTTGATTGTTGATA', 'ScoreMethod': 'RLFS_UnifiedFramework_raw', 'Score': 1482.3607825830948, 'RIZ_Length': 27, 'REZ_Length': 1950, 'REZ_GC_Content': 51.12820512820513, 'Conservation_Score': 4.972203835069788, 'Conservation_P_Value': 0.009900990099009901, 'Conservation_Significance': 'high', 'Arms/Repeat Unit/Copies': 'RIZ=27;REZ=1950', 'Spacer': '', 'ML_Probability': 0.47272515866102544, 'ML_Confidence': 0.6836350951966153, 'ML_Stability': 0.13016426082628174, 'ML_Pattern_Score': 0.5, 'Enhanced_Score': 1051.834302567997}, {'Sequence Name': 'PHOX2B', 'Class': 'R-loop', 'Subtype': 'R-loop', 'Start': 787, 'End': 2782, 'Length': 1996, 'Sequence': 'GGGGGCGGCGGGGCCCGGGGGCCCGGGAGGCGAACCCGGCAAGGGCGGCGCAGCAGCAGC\nGGCGGCGGCCGCGGCAGCGGCGGCGGCGGCAGCGGCAGCGGCGGCAGCTGGAGGCCTGGC\nTGCGGCTGGGGGCCCTGGACAAGGCTGGGCTCCCGGCCCCGGCCCCATCACCTCCATCCC\nGGATTCGCTTGGGGGTCCCTTCGCCAGCGTCCTATCTTCGCTCCAAAGACCCAACGGTGC\nCAAAGCCGCCTTAGTGAAGAGCAGTATGTTCTGATCTGGAATCCTGCGGCGGCGGCGGCG\nGCGGCGACAGCGGGCGAGCCAGGGCCCGGGCGGGCGAGTGGGCGAGCGGGTAGGCCCAAG\nGCTATTGTCGTCGCTGCTGCCATGGCTTTTTCATTGAGGGCCTAAAGTAATCGCGCTAAG\nAATAAAGGGAAAACGGCGTCGCCCTCATTTCAACCCCACTCCTACCCCCTTCCTCAACCC\nCCAAACAAAACAAACAAACTTCCCTGGCTTCGCACCTGCCTGGGGCCTCGCAGCGGGGCC\nAGGGCTCCGCCTGCTGATCGGGGGTTGTGAGCAGCGCGGCCTGGACGCGGGGCACTCTCA\nGGGGGCTGTGTCTGCGTGTCAGTTTGTGTCTGTCTCGGGGAATGTGTGTCTGTGGCCCAA\nGCAGGTGACAGGAAGAGATGGGGGGCCTCAACCAACTTAGTGACTTGTTTAGAAAAAAAA\nGACAAAAAAGTAAAAATAAAAACAAAAAAGTTGGAAGGCAGAAACCATTAAAAAACAAAA\nAGCCAACAACCCAGAAAGGTTTAAAAAACATAAGGAAAAAAAAGACAAATTAAAGGAGGG\nGCTAGGGGAGAAGCTGCAGCTGGAGCTGAAGGCTCGATCTTGTGAACCCCTAAATCCGCT\nCCCTCCTAACAGCACGGATTCTCTTGGGGCTCTTCTTCAGGGAAGAGTAGGGACGCCGTT\nCCAGCCCCCCTTCCTATCGTGTCCTTGGGTTCGGGTCACTGCGGCGACGACTTGCTCAGA\nCTGTCCCGGCGGCCGGAGTGACTTTCTCGCACCCCCTTGCCTGTCCCACCTCGCTGAACA\nCCATCCCGCCATTAGCGCATCGGAACCCCACACAGTTGCAACTCCCAACCCCGAATCTTT\nGCAGCCGTTCGGCCCTGAAAGATGCCCTATCCATGAGATGCCTTTTCATCTGCAAACTCT\nGCAAAATGTGTCTCATGTTTCGCAACTCTTTTTTTCCCCCTCGCTCCCGCCTACCCCGTC\nGGCATTTTCTTCTTCCACCAGCTTTTACTGAACTTTTTGGCACTGCTTTGGATTGGGGTC\nAATTGCAGTCCACGTAACTGGCTGCAGAGAAATCTACCGAGCAAGGAAAAGGCACACACA\nCACGTTTGCAGGGGTGTCTCGGTTTGCATTTCTGTTGGAATGATCCGAACTGGACTCACA\nTCCTGTATGGTGGATGGACTGTATATTGAGGGTTCCATTCTTCGCGCAGTTTAGACATCT\nCTGTTTTGATTCTTTGTTGTTGTTTTTATTTTAAAAGGCACAAACTCTAGATATTAGTTG\nAATGTTGAGGCTTTAACTTTTTCGGTGTCTTTCTACAACTGTGTTCTGTGACTCAATTGT\nATCGTGTTAATATCAGTGCAGACTGTCTCCTCTACGTGACCGTATAATGTTTTTCTCTTC\nTTGTAGTCTCTATGGCGTGTCTTTATGGTGTAATAAGGTTCTCACGGGTTCAATCTTTTG\nTGTTTAGAGAGGCCACGGTTCAGACAATGGTATATATTTTTGTTATCAGGTGCATGTCTG\nTCTGATTTCTTTTTTTTTCCTGTTGGACTATGTTTGTGAACATAATTGTCATAAGTTATG\nTTTCAGATTTTTGAATTTATTTATATGTGTTATAATGAATGCTTCTATTTAAAAGGGAAA\nTATTTCTACATGTGCATATAGTTTTCCAAGAGTGTACCATTAACTTGATTGTTGATAATA\nAAAACAAAAAGCAAGT', 'ScoreMethod': 'RLFS_UnifiedFramework_raw', 'Score': 1484.7792591751595, 'RIZ_Length': 21, 'REZ_Length': 1975, 'REZ_GC_Content': 50.98734177215189, 'Conservation_Score': 4.993392823793523, 'Conservation_P_Value': 0.009900990099009901, 'Conservation_Significance': 'high', 'Arms/Repeat Unit/Copies': 'RIZ=21;REZ=1975', 'Spacer': '', 'ML_Probability': 0.47205957200361304, 'ML_Confidence': 0.6832357432021678, 'ML_Stability': 0.12937407589945787, 'ML_Pattern_Score': 0.5, 'Enhanced_Score': 1053.50726858272}]",0.911,0.6,"This hybrid region spans multiple non-B DNA classes, indicating a potential hotspot for chromatin remodeling, replication stalling, or mutagenesis. Longer spans with diverse motif composition have higher biological impact."
