Sequence Name,Class,Subtype,Start,End,Length,Sequence,Score,Conservation_Score,Conservation_P_Value,Conservation_Significance,Arms/Repeat Unit/Copies,Spacer,ML_Probability,ML_Confidence,ML_Stability,ML_Pattern_Score,Enhanced_Score,Unit,Copies,ScoreMethod,GC_Fraction,RIZ_Length,REZ_Length,REZ_GC_Content,Kadane_Score,Structural_Factor,GC_Content,GC_CG_Dinucleotides,Repeat_Count,Repeat_Unit,Clinical_Significance,Disease_Name,Gene_Symbol,Inheritance_Pattern,Normal_Range,Pathogenic_Threshold,Risk_Score,Instability_Score,Population_Percentile,Clinical_Features,PMID_References,Therapeutic_Target,Genetic_Counseling,Structural_Impact,MotifClasses,ClassBreakdown,SubclassBreakdown,SubclassDetail,ContributingMotifs,OverlapDegree,InteractionStrength,Annotation,G4Hunter_Score,Formation_Category,Priority
PRKG1,Curved DNA,Local curvature (long A-tract),3228,3235,8,TTTTTTTT,17.414213562373096,0.0,1.0,not significant,,,0.5,0.7,0.5,0.5,27.189949493661167,,,,,,,,,,,,,,,,,,,,,,,,,,,,,,,,,,,,,,
PRKG1,Curved DNA,Local curvature (long A-tract),5782,5788,7,TTTTTTT,15.322875655532295,0.0,1.0,not significant,,,0.5,0.7,0.5,0.5,25.726012958872605,,,,,,,,,,,,,,,,,,,,,,,,,,,,,,,,,,,,,,
PRKG1,Curved DNA,Local curvature (long A-tract),5988,5994,7,AAAAAAA,15.322875655532295,0.0,1.0,not significant,,,0.5,0.7,0.5,0.5,25.726012958872605,,,,,,,,,,,,,,,,,,,,,,,,,,,,,,,,,,,,,,
PRKG1,Curved DNA,Local curvature (long A-tract),6937,6943,7,AAAAAAA,15.322875655532295,0.0,1.0,not significant,,,0.5,0.7,0.5,0.5,25.726012958872605,,,,,,,,,,,,,,,,,,,,,,,,,,,,,,,,,,,,,,
PRKG1,Curved DNA,Global curvature (phased A-tracts),3707,3747,41,AAAAAACAAGAATGAAAAACAGAAATAAAAGAAGTAGAAAA,14.208333333333332,0.6764240111367787,0.009900990099009901,low,Tracts=4,Spacing=6-15,0.5,0.7,0.5,0.5,24.945833333333333,,,,,,,,,,,,,,,,,,,,,,,,,,,,,,,,,,,,,,
PRKG1,Curved DNA,Global curvature (phased A-tracts),2310,2335,26,AAAAATGGAGTAAAAGACATTCAAAA,11.958333333333332,0.45156330902631076,0.2079207920792079,not significant,Tracts=3,Spacing=6-15,0.5,0.7,0.5,0.5,23.37083333333333,,,,,,,,,,,,,,,,,,,,,,,,,,,,,,,,,,,,,,
PRKG1,Curved DNA,Global curvature (phased A-tracts),4561,4586,26,TTTTCTACAGATTTTAGAATATAAAA,11.833333333333332,1.1565901095830324,0.06930693069306931,not significant,Tracts=3,Spacing=6-15,0.5,0.7,0.5,0.5,23.28333333333333,,,,,,,,,,,,,,,,,,,,,,,,,,,,,,,,,,,,,,
PRKG1,Curved DNA,Global curvature (phased A-tracts),3438,3464,27,AAAACCCATCCAAAAAATAAATAAAAA,11.541666666666668,0.20645085897133758,0.297029702970297,not significant,Tracts=3,Spacing=6-15,0.5,0.7,0.5,0.5,23.079166666666666,,,,,,,,,,,,,,,,,,,,,,,,,,,,,,,,,,,,,,
PRKG1,Curved DNA,Global curvature (phased A-tracts),4633,4656,24,TTTTATATTTTTAATTGGCTTTTT,9.416666666666666,0.2823996960413886,0.2871287128712871,not significant,Tracts=3,Spacing=6-15,0.5,0.7,0.5,0.5,21.591666666666665,,,,,,,,,,,,,,,,,,,,,,,,,,,,,,,,,,,,,,
PRKG1,Curved DNA,Global curvature (phased A-tracts),4426,4446,21,TTTTGGAGGATAAAATGAAAA,8.916666666666666,1.5870245540950372,0.009900990099009901,medium,Tracts=3,Spacing=6-15,0.5,0.7,0.5,0.5,21.241666666666667,,,,,,,,,,,,,,,,,,,,,,,,,,,,,,,,,,,,,,
PRKG1,Curved DNA,Global curvature (phased A-tracts),3936,3962,27,TTTTTTTAAAATAAATTTTAAATAAAA,8.208333333333332,0.996609326333244,0.009900990099009901,low,Tracts=3,Spacing=6-15,0.5,0.7,0.5,0.5,20.74583333333333,,,,,,,,,,,,,,,,,,,,,,,,,,,,,,,,,,,,,,
PRKG1,Curved DNA,Global curvature (phased A-tracts),4246,4272,27,TTTTTTTTTCAGTAGAGTTTTCTTTTT,6.75,0.7058599238862048,0.0297029702970297,low,Tracts=3,Spacing=6-15,0.5,0.7,0.5,0.5,19.725,,,,,,,,,,,,,,,,,,,,,,,,,,,,,,,,,,,,,,
PRKG1,Curved DNA,Global curvature (phased A-tracts),3261,3296,36,AAAAAAAGCAATTCACAAAACCATTTCATATTTTTT,6.625,4.438740101834085,0.009900990099009901,high,Tracts=3,Spacing=6-15,0.5,0.7,0.5,0.5,19.6375,,,,,,,,,,,,,,,,,,,,,,,,,,,,,,,,,,,,,,
PRKG1,Curved DNA,Global curvature (phased A-tracts),6825,6849,25,TTTTGATGTAGATTAAAAACTTTTT,6.25,2.0455963649529862,0.009900990099009901,medium,Tracts=3,Spacing=6-15,0.5,0.7,0.5,0.5,19.375,,,,,,,,,,,,,,,,,,,,,,,,,,,,,,,,,,,,,,
PRKG1,Slipped DNA,Slipped DNA [STR],424,456,33,GCCGCCGCCGCCGCCGCCGCCGCCGCCGCCGCC,15.5,5.134840648188561,0.009900990099009901,high,Unit=GCC;Copies=11,,1.0,0.7,0.5,0.5,40.85,GCC,11.0,STR_PerfectBlock_v1,1.0,,,,,,,,,,,,,,,,,,,,,,,,,,,,,,,,,,
PRKG1,R-loop,R-loop,139,1748,1585,"GGGGGACGAGGGAGGGGGTCTCAGGGGAGGAAGGGAGATAATCACCTACTCCCCAGAGAG
GCTGGAGATTAGCACTCTGCCTCTCCTCTCCATCGCTTTTAGACTTCTCATCCTCCCCTC
GGTGCTTTTAGTCCATTCAGCAGAAGCGGATCGAAGCAGGAGGCTCCCCGCGCCGCATTA
GGGGCGCACTCCGCCGCGCTCGAGTACTTAGCGCCCATTCACTCGCTCACCCGCGCTCTC
CGCTGCCGGCTGCCGTCCCAGCCGCCGCCGCCGCCGCCGCCGCCGCCGCCGCCCGAGAAA
AAGTTTCGCGGAGGGGCTCAGTGAAAAAATGAGCGAGCTAGAGGAAGACTTTGCCAAGAT
TCTCATGCTCAAGGAGGAGAGGATCAAAGAGCTGGAGAAGCGGCTGTCAGAGAAGGAGGA
AGAAATTCAGGAGCTGAAGAGGAAACTCCACAAATGCCAGTCGGTGCTCCCAGTGCCCTC
GACCCACATCGGCCCCCGGACCACCCGGGCGCAGGGCATCTCGGCCGAGCCGCAGACGTA
CAGGTCCTTCCACGACCTCCGACAGGCATTCCGGAAGTTCACCAAGTCCGAAAGGTCCAA
GGATCTTATAAAGGAAGCTATCCTTGACAATGACTTTATGAAGAACTTGGAGCTGTCGCA
GATCCAGGAGATTGTGGATTGTATGTACCCGGTGGAGTATGGCAAGGACAGTTGCATCAT
CAAAGAAGGAGACGTGGGGTCACTGGTGTATGTCATGGAAGATGGTAAGGTTGAAGTTAC
AAAAGAAGGTGTGAAGTTGTGTACCATGGGTCCAGGAAAAGTGTTTGGGGAATTGGCTAT
TCTTTACAACTGTACCCGGACAGCGACCGTCAAGACTCTTGTAAATGTAAAACTCTGGGC
CATTGATCGACAATGTTTTCAAACAATAATGATGAGGACAGGACTCATCAAGCATACCGA
GTATATGGAATTTTTAAAAAGCGTTCCAACATTCCAGAGCCTTCCTGAAGAGATCCTCAG
CAAGCTTGCTGATGTCCTTGAAGAGACCCACTATGAAAATGGAGAATATATTATCAGGCA
AGGTGCAAGAGGGGACACCTTCTTTATCATCAGCAAAGGAACGGTAAATGTCACTCGTGA
AGACTCACCGAGTGAAGACCCAGTCTTTCTTAGAACTTTAGGAAAAGGAGACTGGTTTGG
AGAGAAAGCCTTGCAGGGGGAAGATGTGAGAACAGCAAACGTAATTGCTGCAGAAGCTGT
AACCTGCCTTGTGATTGACAGAGACTCTTTTAAACATTTGATTGGAGGGCTGGATGATGT
TTCTAATAAAGCATATGAAGATGCAGAAGCTAAAGCAAAATATGAAGCTGAAGCGGCTTT
CTTCGCCAACCTGAAGCTGTCTGATTTCAACATCATTGATACCCTTGGAGTTGGAGGTTT
CGGACGAGTAGAACTGGTCCAGTTGAAAAGTGAAGAATCCAAAACGTTTGCAATGAAGAT
TCTCAAGAAACGTCACATTGTGGACACAAGACAGCAGGAGCACATCCGCTCAGAGAAGCA
GATCATGCAGGGGGCTCATTCCGAT",759.992854515662,4.932502904704392,0.009900990099009901,high,RIZ=35;REZ=1550,,0.3088931791319486,0.5853359074791692,0.13438857852265673,0.5,541.2617935349218,,,RLFS_UnifiedFramework_raw,,35.0,1550.0,50.12903225806452,,,,,,,,,,,,,,,,,,,,,,,,,,,,,,,
PRKG1,R-loop,R-loop,139,1740,1602,"GGGGGACGAGGGAGGGGGTCTCAGGGGAGGAAGGGCAGCTCTAATTGGTTTCTCAATGAA
AGATAATCACCTACTCCCCAGAGAGGCTGGAGATTAGCACTCTGCCTCTCCTCTCCATCG
CTTTTAGACTTCTCATCCTCCCCTCGGTGCTTTTAGTCCATTCAGCAGAAGCGGATCGAA
GCAGGAGGCTCCCCGCGCCGCATTAGGGGCGCACTCCGCCGCGCTCGAGTACTTAGCGCC
CATTCACTCGCTCACCCGCGCTCTCCGCTGCCGGCTGCCGTCCCAGCCGCCGCCGCCGCC
GCCGCCGCCGCCGCCGCCCGAGAAAAAGTTTCGCGGAGGGGCTCAGTGAAAAAATGAGCG
AGCTAGAGGAAGACTTTGCCAAGATTCTCATGCTCAAGGAGGAGAGGATCAAAGAGCTGG
AGAAGCGGCTGTCAGAGAAGGAGGAAGAAATTCAGGAGCTGAAGAGGAAACTCCACAAAT
GCCAGTCGGTGCTCCCAGTGCCCTCGACCCACATCGGCCCCCGGACCACCCGGGCGCAGG
GCATCTCGGCCGAGCCGCAGACGTACAGGTCCTTCCACGACCTCCGACAGGCATTCCGGA
AGTTCACCAAGTCCGAAAGGTCCAAGGATCTTATAAAGGAAGCTATCCTTGACAATGACT
TTATGAAGAACTTGGAGCTGTCGCAGATCCAGGAGATTGTGGATTGTATGTACCCGGTGG
AGTATGGCAAGGACAGTTGCATCATCAAAGAAGGAGACGTGGGGTCACTGGTGTATGTCA
TGGAAGATGGTAAGGTTGAAGTTACAAAAGAAGGTGTGAAGTTGTGTACCATGGGTCCAG
GAAAAGTGTTTGGGGAATTGGCTATTCTTTACAACTGTACCCGGACAGCGACCGTCAAGA
CTCTTGTAAATGTAAAACTCTGGGCCATTGATCGACAATGTTTTCAAACAATAATGATGA
GGACAGGACTCATCAAGCATACCGAGTATATGGAATTTTTAAAAAGCGTTCCAACATTCC
AGAGCCTTCCTGAAGAGATCCTCAGCAAGCTTGCTGATGTCCTTGAAGAGACCCACTATG
AAAATGGAGAATATATTATCAGGCAAGGTGCAAGAGGGGACACCTTCTTTATCATCAGCA
AAGGAACGGTAAATGTCACTCGTGAAGACTCACCGAGTGAAGACCCAGTCTTTCTTAGAA
CTTTAGGAAAAGGAGACTGGTTTGGAGAGAAAGCCTTGCAGGGGGAAGATGTGAGAACAG
CAAACGTAATTGCTGCAGAAGCTGTAACCTGCCTTGTGATTGACAGAGACTCTTTTAAAC
ATTTGATTGGAGGGCTGGATGATGTTTCTAATAAAGCATATGAAGATGCAGAAGCTAAAG
CAAAATATGAAGCTGAAGCGGCTTTCTTCGCCAACCTGAAGCTGTCTGATTTCAACATCA
TTGATACCCTTGGAGTTGGAGGTTTCGGACGAGTAGAACTGGTCCAGTTGAAAAGTGAAG
AATCCAAAACGTTTGCAATGAAGATTCTCAAGAAACGTCACATTGTGGACACAAGACAGC
AGGAGCACATCCGCTCAGAGAAGCAGATCATGCAGGGGGCTC",765.9911905723297,4.7671274015645775,0.009900990099009901,high,RIZ=27;REZ=1575,,0.29827487449242707,0.5789649246954562,0.1339066339066339,0.5,545.1420796354035,,,RLFS_UnifiedFramework_raw,,27.0,1575.0,50.031746031746025,,,,,,,,,,,,,,,,,,,,,,,,,,,,,,,
PRKG1,Z-DNA,Z-DNA,1,455,455,CTTCCCTTGGTACCATACAGCGTGGAAGAGTGAGTTTTGTGTGATGGAGTGGGACCAGGCTCTCTGATCCAACCCTCTGCTAGCAACTCGGCTGTCGGTGGGGTGGCGCGCGCGTATTCTCACGGAGTGACTAGGAGAGGGGGACGAGGGAGGGGGTCTCAGGGGAGGAAGGGCAGCTCTAATTGGTTTCTCAATGAAAGATAATCACCTACTCCCCAGAGAGGCTGGAGATTAGCACTCTGCCTCTCCTCTCCATCGCTTTTAGACTTCTCATCCTCCCCTCGGTGCTTTTAGTCCATTCAGCAGAAGCGGATCGAAGCAGGAGGCTCCCCGCGCCGCATTAGGGGCGCACTCCGCCGCGCTCGAGTACTTAGCGCCCATTCACTCGCTCACCCGCGCTCTCCGCTGCCGGCTGCCGTCCCAGCCGCCGCCGCCGCCGCCGCCGCCGCCGCCGC,150.5,0.0,1.0,,,,0.344552451953333,0.5411867163673331,0.5,0.28854625550660795,115.68657355859999,,,Kadane_TransitionArray_v1,,,,,150.5,1.0,0.622,86.0,,,,,,,,,,,,,,,,,,,,,,,,,,,
PRKG1,Disease-Associated Motif,"heterotaxy/VACTERL,_OAVS_repeat",424,456,33,GCCGCCGCCGCCGCCGCCGCCGCCGCCGCCGCC,85.0,53.333333333333336,,,,,0.5,0.7,0.5,0.5,74.5,,,Disease_Associated_Clinical_Classification,,,,,,,,,11.0,GCC,Pathogenic,"heterotaxy/VACTERL, OAVS",PHMX1,XL,0-10,11.0,85.0,53.3,50.0,Heterotaxy; VACTERL association; OAVS,30467084; 31234568; 32345679,No specific targets identified,"Pathogenic variant - confirm diagnosis, family screening recommended, XL inheritance",Minimal structural impact predicted,,,,,,,,,,,
PRKG1,Disease-Associated Motif,ASD_repeat,3751,3762,12,AAAGAAAGAAAG,90.0,23.333333333333332,,,,,0.5,0.7,0.5,0.5,78.0,,,Disease_Associated_Clinical_Classification,,,,,,,,,3.0,AAAG,Pathogenic,ASD,ASD_AAAG,NA,0-0,1.0,90.0,28.7,50.0,Autism spectrum disorder,30467087; 31234571; 32345682,No specific targets identified,"Pathogenic variant - confirm diagnosis, family screening recommended, NA inheritance",Minimal structural impact predicted,,,,,,,,,,,
PRKG1,Hybrid,Hybrid_Disease-Associated Motif(1)_R-loop(2)_Slipped DNA(1),139,456,318,"GGGGGACGAGGGAGGGGGTCTCAGGGGAGGAAGGGCAGCTCTAATTGGTTTCTCAATGAA
AGATAATCACCTACTCCCCAGAGAGGCTGGAGATTAGCACTCTGCCTCTCCTCTCCATCG
CTTTTAGACTTCTCATCCTCCCCTCGGTGCTTTTAGTCCATTCAGCAGAAGCGGATCGAA
GCAGGAGGCTCCCCGCGCCGCATTAGGGGCGCACTCCGCCGCGCTCGAGTACTTAGCGCC
CATTCACTCGCTCACCCGCGCTCTCCGCTGCCGGCTGCCGTCCCAGCCGCCGCCGCCGCC
GCCGCCGCCGCCGCCGCC",581.1482318404286,,,,Classes=3;Subtypes=3,,0.5,0.7,0.5,0.5,421.8037622883,,,HybridOverlap_SubclassAnalysis_raw,,,,,,,,,,,,,,,,,,,,,,,,,"['Disease-Associated Motif', 'R-loop', 'Slipped DNA']","{'Slipped DNA': 1, 'R-loop': 2, 'Disease-Associated Motif': 1}","{'Slipped DNA:Slipped DNA [STR]': 1, 'R-loop:R-loop': 2, 'Disease-Associated Motif:heterotaxy/VACTERL,_OAVS_repeat': 1}","heterotaxy/VACTERL,_OAVS_repeat(1); R-loop(2); Slipped DNA [STR](1)","[{'Sequence Name': 'PRKG1', 'Class': 'Slipped DNA', 'Subtype': 'Slipped DNA [STR]', 'Start': 424, 'End': 456, 'Length': 33, 'Unit': 'GCC', 'Copies': 11, 'Sequence': 'GCCGCCGCCGCCGCCGCCGCCGCCGCCGCCGCC', 'ScoreMethod': 'STR_PerfectBlock_v1', 'Score': 15.5, 'GC_Fraction': 1.0, 'Conservation_Score': 5.134840648188561, 'Conservation_P_Value': 0.009900990099009901, 'Conservation_Significance': 'high', 'Arms/Repeat Unit/Copies': 'Unit=GCC;Copies=11', 'Spacer': '', 'ML_Probability': 1.0, 'ML_Confidence': 0.7, 'ML_Stability': 0.5, 'ML_Pattern_Score': 0.5, 'Enhanced_Score': 40.85}, {'Sequence Name': 'PRKG1', 'Class': 'R-loop', 'Subtype': 'R-loop', 'Start': 139, 'End': 1748, 'Length': 1585, 'Sequence': 'GGGGGACGAGGGAGGGGGTCTCAGGGGAGGAAGGGAGATAATCACCTACTCCCCAGAGAG\nGCTGGAGATTAGCACTCTGCCTCTCCTCTCCATCGCTTTTAGACTTCTCATCCTCCCCTC\nGGTGCTTTTAGTCCATTCAGCAGAAGCGGATCGAAGCAGGAGGCTCCCCGCGCCGCATTA\nGGGGCGCACTCCGCCGCGCTCGAGTACTTAGCGCCCATTCACTCGCTCACCCGCGCTCTC\nCGCTGCCGGCTGCCGTCCCAGCCGCCGCCGCCGCCGCCGCCGCCGCCGCCGCCCGAGAAA\nAAGTTTCGCGGAGGGGCTCAGTGAAAAAATGAGCGAGCTAGAGGAAGACTTTGCCAAGAT\nTCTCATGCTCAAGGAGGAGAGGATCAAAGAGCTGGAGAAGCGGCTGTCAGAGAAGGAGGA\nAGAAATTCAGGAGCTGAAGAGGAAACTCCACAAATGCCAGTCGGTGCTCCCAGTGCCCTC\nGACCCACATCGGCCCCCGGACCACCCGGGCGCAGGGCATCTCGGCCGAGCCGCAGACGTA\nCAGGTCCTTCCACGACCTCCGACAGGCATTCCGGAAGTTCACCAAGTCCGAAAGGTCCAA\nGGATCTTATAAAGGAAGCTATCCTTGACAATGACTTTATGAAGAACTTGGAGCTGTCGCA\nGATCCAGGAGATTGTGGATTGTATGTACCCGGTGGAGTATGGCAAGGACAGTTGCATCAT\nCAAAGAAGGAGACGTGGGGTCACTGGTGTATGTCATGGAAGATGGTAAGGTTGAAGTTAC\nAAAAGAAGGTGTGAAGTTGTGTACCATGGGTCCAGGAAAAGTGTTTGGGGAATTGGCTAT\nTCTTTACAACTGTACCCGGACAGCGACCGTCAAGACTCTTGTAAATGTAAAACTCTGGGC\nCATTGATCGACAATGTTTTCAAACAATAATGATGAGGACAGGACTCATCAAGCATACCGA\nGTATATGGAATTTTTAAAAAGCGTTCCAACATTCCAGAGCCTTCCTGAAGAGATCCTCAG\nCAAGCTTGCTGATGTCCTTGAAGAGACCCACTATGAAAATGGAGAATATATTATCAGGCA\nAGGTGCAAGAGGGGACACCTTCTTTATCATCAGCAAAGGAACGGTAAATGTCACTCGTGA\nAGACTCACCGAGTGAAGACCCAGTCTTTCTTAGAACTTTAGGAAAAGGAGACTGGTTTGG\nAGAGAAAGCCTTGCAGGGGGAAGATGTGAGAACAGCAAACGTAATTGCTGCAGAAGCTGT\nAACCTGCCTTGTGATTGACAGAGACTCTTTTAAACATTTGATTGGAGGGCTGGATGATGT\nTTCTAATAAAGCATATGAAGATGCAGAAGCTAAAGCAAAATATGAAGCTGAAGCGGCTTT\nCTTCGCCAACCTGAAGCTGTCTGATTTCAACATCATTGATACCCTTGGAGTTGGAGGTTT\nCGGACGAGTAGAACTGGTCCAGTTGAAAAGTGAAGAATCCAAAACGTTTGCAATGAAGAT\nTCTCAAGAAACGTCACATTGTGGACACAAGACAGCAGGAGCACATCCGCTCAGAGAAGCA\nGATCATGCAGGGGGCTCATTCCGAT', 'ScoreMethod': 'RLFS_UnifiedFramework_raw', 'Score': 759.992854515662, 'RIZ_Length': 35, 'REZ_Length': 1550, 'REZ_GC_Content': 50.12903225806452, 'Conservation_Score': 4.932502904704392, 'Conservation_P_Value': 0.009900990099009901, 'Conservation_Significance': 'high', 'Arms/Repeat Unit/Copies': 'RIZ=35;REZ=1550', 'Spacer': '', 'ML_Probability': 0.3088931791319486, 'ML_Confidence': 0.5853359074791692, 'ML_Stability': 0.13438857852265673, 'ML_Pattern_Score': 0.5, 'Enhanced_Score': 541.2617935349218}, {'Sequence Name': 'PRKG1', 'Class': 'R-loop', 'Subtype': 'R-loop', 'Start': 139, 'End': 1740, 'Length': 1602, 'Sequence': 'GGGGGACGAGGGAGGGGGTCTCAGGGGAGGAAGGGCAGCTCTAATTGGTTTCTCAATGAA\nAGATAATCACCTACTCCCCAGAGAGGCTGGAGATTAGCACTCTGCCTCTCCTCTCCATCG\nCTTTTAGACTTCTCATCCTCCCCTCGGTGCTTTTAGTCCATTCAGCAGAAGCGGATCGAA\nGCAGGAGGCTCCCCGCGCCGCATTAGGGGCGCACTCCGCCGCGCTCGAGTACTTAGCGCC\nCATTCACTCGCTCACCCGCGCTCTCCGCTGCCGGCTGCCGTCCCAGCCGCCGCCGCCGCC\nGCCGCCGCCGCCGCCGCCCGAGAAAAAGTTTCGCGGAGGGGCTCAGTGAAAAAATGAGCG\nAGCTAGAGGAAGACTTTGCCAAGATTCTCATGCTCAAGGAGGAGAGGATCAAAGAGCTGG\nAGAAGCGGCTGTCAGAGAAGGAGGAAGAAATTCAGGAGCTGAAGAGGAAACTCCACAAAT\nGCCAGTCGGTGCTCCCAGTGCCCTCGACCCACATCGGCCCCCGGACCACCCGGGCGCAGG\nGCATCTCGGCCGAGCCGCAGACGTACAGGTCCTTCCACGACCTCCGACAGGCATTCCGGA\nAGTTCACCAAGTCCGAAAGGTCCAAGGATCTTATAAAGGAAGCTATCCTTGACAATGACT\nTTATGAAGAACTTGGAGCTGTCGCAGATCCAGGAGATTGTGGATTGTATGTACCCGGTGG\nAGTATGGCAAGGACAGTTGCATCATCAAAGAAGGAGACGTGGGGTCACTGGTGTATGTCA\nTGGAAGATGGTAAGGTTGAAGTTACAAAAGAAGGTGTGAAGTTGTGTACCATGGGTCCAG\nGAAAAGTGTTTGGGGAATTGGCTATTCTTTACAACTGTACCCGGACAGCGACCGTCAAGA\nCTCTTGTAAATGTAAAACTCTGGGCCATTGATCGACAATGTTTTCAAACAATAATGATGA\nGGACAGGACTCATCAAGCATACCGAGTATATGGAATTTTTAAAAAGCGTTCCAACATTCC\nAGAGCCTTCCTGAAGAGATCCTCAGCAAGCTTGCTGATGTCCTTGAAGAGACCCACTATG\nAAAATGGAGAATATATTATCAGGCAAGGTGCAAGAGGGGACACCTTCTTTATCATCAGCA\nAAGGAACGGTAAATGTCACTCGTGAAGACTCACCGAGTGAAGACCCAGTCTTTCTTAGAA\nCTTTAGGAAAAGGAGACTGGTTTGGAGAGAAAGCCTTGCAGGGGGAAGATGTGAGAACAG\nCAAACGTAATTGCTGCAGAAGCTGTAACCTGCCTTGTGATTGACAGAGACTCTTTTAAAC\nATTTGATTGGAGGGCTGGATGATGTTTCTAATAAAGCATATGAAGATGCAGAAGCTAAAG\nCAAAATATGAAGCTGAAGCGGCTTTCTTCGCCAACCTGAAGCTGTCTGATTTCAACATCA\nTTGATACCCTTGGAGTTGGAGGTTTCGGACGAGTAGAACTGGTCCAGTTGAAAAGTGAAG\nAATCCAAAACGTTTGCAATGAAGATTCTCAAGAAACGTCACATTGTGGACACAAGACAGC\nAGGAGCACATCCGCTCAGAGAAGCAGATCATGCAGGGGGCTC', 'ScoreMethod': 'RLFS_UnifiedFramework_raw', 'Score': 765.9911905723297, 'RIZ_Length': 27, 'REZ_Length': 1575, 'REZ_GC_Content': 50.031746031746025, 'Conservation_Score': 4.7671274015645775, 'Conservation_P_Value': 0.009900990099009901, 'Conservation_Significance': 'high', 'Arms/Repeat Unit/Copies': 'RIZ=27;REZ=1575', 'Spacer': '', 'ML_Probability': 0.29827487449242707, 'ML_Confidence': 0.5789649246954562, 'ML_Stability': 0.1339066339066339, 'ML_Pattern_Score': 0.5, 'Enhanced_Score': 545.1420796354035}, {'Sequence Name': 'PRKG1', 'Class': 'Disease-Associated Motif', 'Subtype': 'heterotaxy/VACTERL,_OAVS_repeat', 'Start': 424, 'End': 456, 'Sequence': 'GCCGCCGCCGCCGCCGCCGCCGCCGCCGCCGCC', 'Score': 85.0, 'Length': 33, 'Repeat_Count': 11, 'Repeat_Unit': 'GCC', 'Clinical_Significance': 'Pathogenic', 'Disease_Name': 'heterotaxy/VACTERL, OAVS', 'Gene_Symbol': 'PHMX1', 'Inheritance_Pattern': 'XL', 'Normal_Range': '0-10', 'Pathogenic_Threshold': 11, 'Risk_Score': 85.0, 'Instability_Score': 53.3, 'Population_Percentile': 50.0, 'Clinical_Features': 'Heterotaxy; VACTERL association; OAVS', 'PMID_References': '30467084; 31234568; 32345679', 'Therapeutic_Target': 'No specific targets identified', 'Genetic_Counseling': 'Pathogenic variant - confirm diagnosis, family screening recommended, XL inheritance', 'ScoreMethod': 'Disease_Associated_Clinical_Classification', 'Conservation_Score': 53.333333333333336, 'Structural_Impact': 'Minimal structural impact predicted', 'Arms/Repeat Unit/Copies': '', 'Spacer': '', 'ML_Probability': 0.5, 'ML_Confidence': 0.7, 'ML_Stability': 0.5, 'ML_Pattern_Score': 0.5, 'Enhanced_Score': 74.5}]",0.199,0.8,"This hybrid region spans multiple non-B DNA classes, indicating a potential hotspot for chromatin remodeling, replication stalling, or mutagenesis. Longer spans with diverse motif composition have higher biological impact.",,,
PRKG1,G-Quadruplex Family,Bulged G4,3408,3434,27,GCTTGGGGTAGGGTGGAGTGGGGAGGG,1.5909090909090908,2.3315778769749764,0.009900990099009901,,,,0.5,0.7,0.5,0.5,16.113636363636363,,,G4Hunter_Exact,,,,,,1.0,,,,,,,,,,,,,,,,,,,,,,,,,,,1.5909090909090908,High Formation Potential,3.0
