Sequence Name,Class,Subtype,Start,End,Length,Sequence,Score,Conservation_Score,Conservation_P_Value,Conservation_Significance,Arms/Repeat Unit/Copies,Spacer,ML_Probability,ML_Confidence,ML_Stability,ML_Pattern_Score,Enhanced_Score,Unit,Copies,ScoreMethod,GC_Fraction,Arm_Length,AT_Fraction,Kadane_Score,Structural_Factor,GC_Content,GC_CG_Dinucleotides,MotifClasses,ClassBreakdown,SubclassBreakdown,SubclassDetail,ContributingMotifs,OverlapDegree,InteractionStrength,Annotation
SMAD9,Curved DNA,Local curvature (long A-tract),3893,3915,23,TTTTTTTTTTTTTTTTTTTTTTT,48.39791576165636,0.0,1.0,not significant,,,0.5,0.7,0.5,0.5,48.87854103315945,,,,,,,,,,,,,,,,,,
SMAD9,Curved DNA,Local curvature (long A-tract),2188,2197,10,AAAAAAAAAA,21.58113883008419,0.0,1.0,not significant,,,0.5,0.7,0.5,0.5,30.10679718105893,,,,,,,,,,,,,,,,,,
SMAD9,Curved DNA,Local curvature (long A-tract),4256,4265,10,AAAAAAAAAA,21.58113883008419,0.0,1.0,not significant,,,0.5,0.7,0.5,0.5,30.10679718105893,,,,,,,,,,,,,,,,,,
SMAD9,Curved DNA,Local curvature (long A-tract),4750,4759,10,AAAAAAAAAA,21.58113883008419,0.0,1.0,not significant,,,0.5,0.7,0.5,0.5,30.10679718105893,,,,,,,,,,,,,,,,,,
SMAD9,Curved DNA,Local curvature (long A-tract),1840,1847,8,TTTTTTTT,17.414213562373096,0.0,1.0,not significant,,,0.5,0.7,0.5,0.5,27.189949493661167,,,,,,,,,,,,,,,,,,
SMAD9,Curved DNA,Local curvature (long A-tract),2326,2333,8,AAAAAAAA,17.414213562373096,0.0,1.0,not significant,,,0.5,0.7,0.5,0.5,27.189949493661167,,,,,,,,,,,,,,,,,,
SMAD9,Curved DNA,Local curvature (long A-tract),3701,3708,8,TTTTTTTT,17.414213562373096,0.0,1.0,not significant,,,0.5,0.7,0.5,0.5,27.189949493661167,,,,,,,,,,,,,,,,,,
SMAD9,Curved DNA,Global curvature (phased A-tracts),4944,4977,34,TTTTTCTGTTAAAAAATTGTGAAAAGTTTGTTTT,16.458333333333336,2.4828639452102736,0.009900990099009901,medium,Tracts=4,Spacing=6-15,0.5,0.7,0.5,0.5,26.520833333333336,,,,,,,,,,,,,,,,,,
SMAD9,Curved DNA,Global curvature (phased A-tracts),3312,3341,30,AAAAGAATTATTACATTTTACATTGAAAAA,9.041666666666666,2.4129010615688404,0.009900990099009901,medium,Tracts=3,Spacing=6-15,0.5,0.7,0.5,0.5,21.329166666666666,,,,,,,,,,,,,,,,,,
SMAD9,Slipped DNA,Slipped DNA [STR],3893,3915,23,TTTTTTTTTTTTTTTTTTTTTTT,16.0,0.0,1.0,not significant,Unit=T;Copies=23,,0.9565217391304348,0.7,0.5,0.5,39.89565217391304,T,23.0,STR_PerfectBlock_v1,0.0,,,,,,,,,,,,,,
SMAD9,Slipped DNA,Slipped DNA [STR],5255,5274,20,TATATATATATATATATATA,15.0,3.785874041113505,0.009900990099009901,high,Unit=TA;Copies=10,,1.0,0.7,0.5,0.5,40.5,TA,10.0,STR_PerfectBlock_v1,0.0,,,,,,,,,,,,,,
SMAD9,Slipped DNA,Slipped DNA [STR],23,51,29,GCCGCCGCCGCCGCCGCCGCCGCCGCCGC,14.5,4.4809162807002725,0.009900990099009901,high,Unit=GCC;Copies=9,,0.9310344827586207,0.7,0.5,0.5,38.08103448275862,GCC,9.0,STR_PerfectBlock_v1,1.0,,,,,,,,,,,,,,
SMAD9,Slipped DNA,Slipped DNA [STR],75,89,15,CCGCCGCCGCCGCCG,10.0,1.7571431899355061,0.009900990099009901,medium,Unit=CCG;Copies=5,,1.0,0.7,0.5,0.5,37.0,CCG,5.0,STR_PerfectBlock_v1,1.0,,,,,,,,,,,,,,
SMAD9,Cruciform DNA,Cruciform DNA [IR]/HairPin [IR],5250,5279,30,GTGTGTATATATATATATATATATACACAC,3.0,7.528367934855603,0.009900990099009901,high,Arms=15,0,1.0,0.7,0.5,0.5,32.1,,,IR_PerfectPalindrome_v1,,15.0,0.8,,,,,,,,,,,,
SMAD9,Z-DNA,Z-DNA,1,117,117,AGTCTGACTGACGCCGGCTGGGGCCGCCGCCGCCGCCGCCGCCGCCGCCGCTGCTGCAGCCGCTGTCTCGGTCCCCGCCGCCGCCGCCGGGCCCTGCAGGCGCTGGGCGCGCGCAGC,189.0,0.0,1.0,,,,0.6033819628647215,0.7223673740053049,0.5,0.5344827586206896,150.40145888594162,,,Kadane_TransitionArray_v1,,,,189.0,1.0,0.846,51.0,,,,,,,,
SMAD9,Z-DNA,Z-DNA,117,606,490,CCAGGCAAGTTGGCCACCCTGTTCAAGGGCTTAGGAGAAAGTCAACACACTTCGCAACTTGAATTGGTCCCAGCTGCTCCCAGAAGAACGGGCGGGTTGGTCCCTATGCCACCCCTGGAGAGCTACTCGCCGCCCACTTTGCCGTGAAGGGCTGTGCGGTTCCCGTGCGCGCCGGAGCCTGCTGTGGCCTCTTATGCACTCCACCACCCCCATCAGCTCCCTCTTCTCCTTCACCAGCCCCGCAGTGAAGAGACTGCTAGGCTGGAAGCAAGGAGATGAAGAGGAAAAGTGGGCAGAGAAGGCAGTGGACTCTCTAGTGAAGAAGTTAAAGAAGAAGAAGGGAGCCATGGACGAGCTGGAGAGGGCTCTCAGCTGCCCGGGGCAGCCCAGCAAATGCGTCACGATTCCCCGCTCCCTGGACGGGCGGCTGCAGGTGTCCCACCGCAAGGGCCTGCCCCATGTGATTTACTGTCGCGTGTGGCGCTGGCCG,50.25,0.0,1.0,,,,0.33462960644380446,0.5342407245106631,0.5,0.29447852760736193,45.21388819331413,,,Kadane_TransitionArray_v1,,,,50.25,1.0,0.61,73.0,,,,,,,,
SMAD9,Hybrid,Hybrid_Slipped DNA(1)_Z-DNA(1),23,51,29,GCCGCCGCCGCCGCCGCCGCCGCCGCCGC,70.61623931623932,,,,Classes=2;Subtypes=2,,0.5,0.7,0.5,0.5,64.43136752136752,,,HybridOverlap_SubclassAnalysis_raw,,,,,,,,"['Slipped DNA', 'Z-DNA']","{'Slipped DNA': 1, 'Z-DNA': 1}","{'Slipped DNA:Slipped DNA [STR]': 1, 'Z-DNA:Z-DNA': 1}",Slipped DNA [STR](1); Z-DNA(1),"[{'Sequence Name': 'SMAD9', 'Class': 'Slipped DNA', 'Subtype': 'Slipped DNA [STR]', 'Start': 23, 'End': 51, 'Length': 29, 'Unit': 'GCC', 'Copies': 9, 'Sequence': 'GCCGCCGCCGCCGCCGCCGCCGCCGCCGC', 'ScoreMethod': 'STR_PerfectBlock_v1', 'Score': 14.5, 'GC_Fraction': 1.0, 'Conservation_Score': 4.4809162807002725, 'Conservation_P_Value': 0.009900990099009901, 'Conservation_Significance': 'high', 'Arms/Repeat Unit/Copies': 'Unit=GCC;Copies=9', 'Spacer': '', 'ML_Probability': 0.9310344827586207, 'ML_Confidence': 0.7, 'ML_Stability': 0.5, 'ML_Pattern_Score': 0.5, 'Enhanced_Score': 38.08103448275862}, {'Sequence Name': 'SMAD9', 'Class': 'Z-DNA', 'Subtype': 'Z-DNA', 'Start': 1, 'End': 117, 'Length': 117, 'Sequence': 'AGTCTGACTGACGCCGGCTGGGGCCGCCGCCGCCGCCGCCGCCGCCGCCGCTGCTGCAGCCGCTGTCTCGGTCCCCGCCGCCGCCGCCGGGCCCTGCAGGCGCTGGGCGCGCGCAGC', 'ScoreMethod': 'Kadane_TransitionArray_v1', 'Score': 189.0, 'Kadane_Score': 189.0, 'Structural_Factor': 1.0, 'GC_Content': 0.846, 'GC_CG_Dinucleotides': 51, 'Conservation_Score': 0.0, 'Conservation_P_Value': 1.0, 'Conservation_Significance': '', 'Arms/Repeat Unit/Copies': '', 'Spacer': '', 'ML_Probability': 0.6033819628647215, 'ML_Confidence': 0.7223673740053049, 'ML_Stability': 0.5, 'ML_Pattern_Score': 0.5344827586206896, 'Enhanced_Score': 150.40145888594162}]",0.248,0.4,"This hybrid region spans multiple non-B DNA classes, indicating a potential hotspot for chromatin remodeling, replication stalling, or mutagenesis. Longer spans with diverse motif composition have higher biological impact."
SMAD9,Hybrid,Hybrid_Slipped DNA(1)_Z-DNA(1),75,89,15,CCGCCGCCGCCGCCG,35.71794871794871,,,,Classes=2;Subtypes=2,,0.5,0.7,0.5,0.5,40.002564102564094,,,HybridOverlap_SubclassAnalysis_raw,,,,,,,,"['Slipped DNA', 'Z-DNA']","{'Slipped DNA': 1, 'Z-DNA': 1}","{'Slipped DNA:Slipped DNA [STR]': 1, 'Z-DNA:Z-DNA': 1}",Slipped DNA [STR](1); Z-DNA(1),"[{'Sequence Name': 'SMAD9', 'Class': 'Slipped DNA', 'Subtype': 'Slipped DNA [STR]', 'Start': 75, 'End': 89, 'Length': 15, 'Unit': 'CCG', 'Copies': 5, 'Sequence': 'CCGCCGCCGCCGCCG', 'ScoreMethod': 'STR_PerfectBlock_v1', 'Score': 10.0, 'GC_Fraction': 1.0, 'Conservation_Score': 1.7571431899355061, 'Conservation_P_Value': 0.009900990099009901, 'Conservation_Significance': 'medium', 'Arms/Repeat Unit/Copies': 'Unit=CCG;Copies=5', 'Spacer': '', 'ML_Probability': 1.0, 'ML_Confidence': 0.7, 'ML_Stability': 0.5, 'ML_Pattern_Score': 0.5, 'Enhanced_Score': 37.0}, {'Sequence Name': 'SMAD9', 'Class': 'Z-DNA', 'Subtype': 'Z-DNA', 'Start': 1, 'End': 117, 'Length': 117, 'Sequence': 'AGTCTGACTGACGCCGGCTGGGGCCGCCGCCGCCGCCGCCGCCGCCGCCGCTGCTGCAGCCGCTGTCTCGGTCCCCGCCGCCGCCGCCGGGCCCTGCAGGCGCTGGGCGCGCGCAGC', 'ScoreMethod': 'Kadane_TransitionArray_v1', 'Score': 189.0, 'Kadane_Score': 189.0, 'Structural_Factor': 1.0, 'GC_Content': 0.846, 'GC_CG_Dinucleotides': 51, 'Conservation_Score': 0.0, 'Conservation_P_Value': 1.0, 'Conservation_Significance': '', 'Arms/Repeat Unit/Copies': '', 'Spacer': '', 'ML_Probability': 0.6033819628647215, 'ML_Confidence': 0.7223673740053049, 'ML_Stability': 0.5, 'ML_Pattern_Score': 0.5344827586206896, 'Enhanced_Score': 150.40145888594162}]",0.128,0.4,"This hybrid region spans multiple non-B DNA classes, indicating a potential hotspot for chromatin remodeling, replication stalling, or mutagenesis. Longer spans with diverse motif composition have higher biological impact."
SMAD9,Hybrid,Hybrid_Curved DNA(1)_Slipped DNA(1),3893,3915,23,TTTTTTTTTTTTTTTTTTTTTTT,90.15708206631888,,,,Classes=2;Subtypes=2,,0.5,0.7,0.5,0.5,78.10995744642321,,,HybridOverlap_SubclassAnalysis_raw,,,,,,,,"['Curved DNA', 'Slipped DNA']","{'Slipped DNA': 1, 'Curved DNA': 1}","{'Slipped DNA:Slipped DNA [STR]': 1, 'Curved DNA:Local curvature (long A-tract)': 1}",Local curvature (long A-tract)(1); Slipped DNA [STR](1),"[{'Sequence Name': 'SMAD9', 'Class': 'Slipped DNA', 'Subtype': 'Slipped DNA [STR]', 'Start': 3893, 'End': 3915, 'Length': 23, 'Unit': 'T', 'Copies': 23, 'Sequence': 'TTTTTTTTTTTTTTTTTTTTTTT', 'ScoreMethod': 'STR_PerfectBlock_v1', 'Score': 16.0, 'GC_Fraction': 0.0, 'Conservation_Score': 0.0, 'Conservation_P_Value': 1.0, 'Conservation_Significance': 'not significant', 'Arms/Repeat Unit/Copies': 'Unit=T;Copies=23', 'Spacer': '', 'ML_Probability': 0.9565217391304348, 'ML_Confidence': 0.7, 'ML_Stability': 0.5, 'ML_Pattern_Score': 0.5, 'Enhanced_Score': 39.89565217391304}, {'Sequence Name': 'SMAD9', 'Class': 'Curved DNA', 'Subtype': 'Local curvature (long A-tract)', 'Start': 3893, 'End': 3915, 'Length': 23, 'Sequence': 'TTTTTTTTTTTTTTTTTTTTTTT', 'Score': 48.39791576165636, 'Conservation_Score': 0.0, 'Conservation_P_Value': 1.0, 'Conservation_Significance': 'not significant', 'Arms/Repeat Unit/Copies': '', 'Spacer': '', 'ML_Probability': 0.5, 'ML_Confidence': 0.7, 'ML_Stability': 0.5, 'ML_Pattern_Score': 0.5, 'Enhanced_Score': 48.87854103315945}]",1.0,0.4,"This hybrid region spans multiple non-B DNA classes, indicating a potential hotspot for chromatin remodeling, replication stalling, or mutagenesis. Longer spans with diverse motif composition have higher biological impact."
SMAD9,Hybrid,Hybrid_Cruciform DNA(1)_Slipped DNA(1),5255,5274,20,TATATATATATATATATATA,16.799999999999997,,,,Classes=2;Subtypes=2,,0.5,0.7,0.5,0.5,26.759999999999998,,,HybridOverlap_SubclassAnalysis_raw,,,,,,,,"['Cruciform DNA', 'Slipped DNA']","{'Slipped DNA': 1, 'Cruciform DNA': 1}","{'Slipped DNA:Slipped DNA [STR]': 1, 'Cruciform DNA:Cruciform DNA [IR]/HairPin [IR]': 1}",Cruciform DNA [IR]/HairPin [IR](1); Slipped DNA [STR](1),"[{'Sequence Name': 'SMAD9', 'Class': 'Slipped DNA', 'Subtype': 'Slipped DNA [STR]', 'Start': 5255, 'End': 5274, 'Length': 20, 'Unit': 'TA', 'Copies': 10, 'Sequence': 'TATATATATATATATATATA', 'ScoreMethod': 'STR_PerfectBlock_v1', 'Score': 15.0, 'GC_Fraction': 0.0, 'Conservation_Score': 3.785874041113505, 'Conservation_P_Value': 0.009900990099009901, 'Conservation_Significance': 'high', 'Arms/Repeat Unit/Copies': 'Unit=TA;Copies=10', 'Spacer': '', 'ML_Probability': 1.0, 'ML_Confidence': 0.7, 'ML_Stability': 0.5, 'ML_Pattern_Score': 0.5, 'Enhanced_Score': 40.5}, {'Sequence Name': 'SMAD9', 'Class': 'Cruciform DNA', 'Subtype': 'Cruciform DNA [IR]/HairPin [IR]', 'Start': 5250, 'End': 5279, 'Length': 30, 'Sequence': 'GTGTGTATATATATATATATATATACACAC', 'ScoreMethod': 'IR_PerfectPalindrome_v1', 'Score': 3.0, 'Arm_Length': 15, 'AT_Fraction': 0.8, 'Conservation_Score': 7.528367934855603, 'Conservation_P_Value': 0.009900990099009901, 'Conservation_Significance': 'high', 'Arms/Repeat Unit/Copies': 'Arms=15', 'Spacer': '0', 'ML_Probability': 1.0, 'ML_Confidence': 0.7, 'ML_Stability': 0.5, 'ML_Pattern_Score': 0.5, 'Enhanced_Score': 32.1}]",0.667,0.4,"This hybrid region spans multiple non-B DNA classes, indicating a potential hotspot for chromatin remodeling, replication stalling, or mutagenesis. Longer spans with diverse motif composition have higher biological impact."
