Sequence Name,Class,Subtype,Start,End,Length,Spacer,Sequence,ScoreMethod,Score,PurineFrac,PyrimidineFrac,Homogeneity,Conservation_Score,Conservation_P_Value,Conservation_Significance,Arms/Repeat Unit/Copies,G4Hunter_Score,Formation_Category,G_Run_Count,G_Content,iMotif_Mean,C_Run_Count,C_Run_Sum,C_Fraction,Loop_Lengths,AC_Fraction,A3_Runs,C3_Runs
Sequence,Triplex,Triplex,22,43,22,2,CCCCAACCCCAACCCCAACCCC,Triplex_Homogeneity_raw,44.0,0.273,0.727,0.727,1.421463566632751,0.009900990099009901,low,Arms=10,,,,,,,,,,,,
Sequence,G-Quadruplex Family,Relaxed G4,1,21,21,,GGGTTAGGGTTAGGGTTAGGG,,36.0,,,,3.915933193484847,,,,1.7142857142857142,,,,,,,,,,,
Sequence,G-Quadruplex Family,Imperfect G4,1,21,21,,GGGTTAGGGTTAGGGTTAGGG,,36.0,,,,3.9434138775596286,,,,1.7142857142857142,,,,,,,,,,,
Sequence,G-Quadruplex Family,Imperfect G4,2,21,20,,GGTTAGGGTTAGGGTTAGGG,,31.0,,,,3.593227835400935,,,,1.55,,,,,,,,,,,
Sequence,G-Quadruplex Family,G-Quadruplex Family,1,21,21,,GGGTTAGGGTTAGGGTTAGGG,,36.0,,,,3.8109638249051407,0.009900990099009901,,,1.7142857142857142,High Formation Potential,,,,,,,,,,
Sequence,G-Quadruplex Family,G-Triplex intermediate,7,21,15,,GGGTTAGGGTTAGGG,,27.0,,,,2.621487757127431,,,,,,3.0,0.6,,,,,,,,
Sequence,i-motif family,Canonical i-motif,22,43,22,,CCCCAACCCCAACCCCAACCCC,iM_G4HunterStyle_raw,64.0,,,,1.5634825381917241,0.009900990099009901,medium,,,,,,2.909090909090909,4.0,16.0,0.727,"[2, 2, 2]",,,
Sequence,i-motif family,Canonical i-motif,23,43,21,,CCCAACCCCAACCCCAACCCC,iM_G4HunterStyle_raw,57.0,,,,1.6275541033483536,0.009900990099009901,medium,,,,,,2.7142857142857144,4.0,15.0,0.714,"[2, 2, 2]",,,
Sequence,i-motif family,AC-motif,22,43,22,,CCCCAACCCCAACCCCAACCCC,AC_StructuralAnalysis_raw,21.0,,,,1.8222591418539522,0.009900990099009901,medium,A3=0;C3=4,,,,,,,,,,1.0,0.0,4.0
